type,title,url,parent_url,local_path,status,size_bytes,seconds,error
library,Main Library,https://www.vfxapprentice.com/library,,index.html,REPLACED,1499017,16.518,
product,VFX Apprentice Asset Library,https://www.vfxapprentice.com/products/vfx-apprentice-asset-library,https://www.vfxapprentice.com/library,VFX Apprentice Asset Library/index.html,REPLACED,1251426,18.697,
product,Hand-Crafted 3D VFX: Level 1,https://www.vfxapprentice.com/products/hand-crafted-3d-vfx-level-1,https://www.vfxapprentice.com/library,Hand-Crafted 3D VFX_ Level 1/index.html,REPLACED,945,8.323,
product,Hand-Crafted 3D VFX: Level 2,https://www.vfxapprentice.com/products/hand-crafted-3d-vfx-level-2,https://www.vfxapprentice.com/library,Hand-Crafted 3D VFX_ Level 2/index.html,REPLACED,945,12.306,
product,Apprenticeship Level 3,https://www.vfxapprentice.com/products/apprenticeship-level-3,https://www.vfxapprentice.com/library,Apprenticeship Level 3/index.html,REPLACED,921,11.768,
category,VFX by Mario Belén,https://www.vfxapprentice.com/products/vfx-apprentice-asset-library/categories/2160299012,https://www.vfxapprentice.com/products/vfx-apprentice-asset-library,VFX Apprentice Asset Library/VFX by Mario Belén/index.html,REPLACED,291805,8.662,
category,VFX by Daryna-Vladyslava Masiahina,https://www.vfxapprentice.com/products/vfx-apprentice-asset-library/categories/2159219593,https://www.vfxapprentice.com/products/vfx-apprentice-asset-library,VFX Apprentice Asset Library/VFX by Daryna-Vladyslava Masiahina/index.html,REPLACED,1138,8.888,
category,VFX by Gustavo Dresch Rosa,https://www.vfxapprentice.com/products/vfx-apprentice-asset-library/categories/2160308178,https://www.vfxapprentice.com/products/vfx-apprentice-asset-library,VFX Apprentice Asset Library/VFX by Gustavo Dresch Rosa/index.html,REPLACED,1106,8.733,
category,VFX by Clovis Lebret,https://www.vfxapprentice.com/products/vfx-apprentice-asset-library/categories/2159932504,https://www.vfxapprentice.com/products/vfx-apprentice-asset-library,VFX Apprentice Asset Library/VFX by Clovis Lebret/index.html,REPLACED,1082,8.263,
category,VFX by Can Bayar,https://www.vfxapprentice.com/products/vfx-apprentice-asset-library/categories/2160214336,https://www.vfxapprentice.com/products/vfx-apprentice-asset-library,VFX Apprentice Asset Library/VFX by Can Bayar/index.html,REPLACED,1066,8.398,
category,VFX by Renate Noel-Tagoe (Insert Cat),https://www.vfxapprentice.com/products/vfx-apprentice-asset-library/categories/2159212997,https://www.vfxapprentice.com/products/vfx-apprentice-asset-library,VFX Apprentice Asset Library/VFX by Renate Noel-Tagoe (Insert Cat)/index.html,REPLACED,512903,9.430,
category,VFX by Harmonie Duquesne,https://www.vfxapprentice.com/products/vfx-apprentice-asset-library/categories/2158772168,https://www.vfxapprentice.com/products/vfx-apprentice-asset-library,VFX Apprentice Asset Library/VFX by Harmonie Duquesne/index.html,REPLACED,1098,8.201,
category,VFX by Katie Stine,https://www.vfxapprentice.com/products/vfx-apprentice-asset-library/categories/2158892723,https://www.vfxapprentice.com/products/vfx-apprentice-asset-library,VFX Apprentice Asset Library/VFX by Katie Stine/index.html,REPLACED,1074,9.149,
category,VFX by Jakub Tkáč,https://www.vfxapprentice.com/products/vfx-apprentice-asset-library/categories/2159389664,https://www.vfxapprentice.com/products/vfx-apprentice-asset-library,VFX Apprentice Asset Library/VFX by Jakub Tkáč/index.html,REPLACED,1078,8.211,
category,VFX by Bruno Ferreira Belício,https://www.vfxapprentice.com/products/vfx-apprentice-asset-library/categories/2159389663,https://www.vfxapprentice.com/products/vfx-apprentice-asset-library,VFX Apprentice Asset Library/VFX by Bruno Ferreira Belício/index.html,REPLACED,1122,8.493,
category,VFX by Martin Blasina,https://www.vfxapprentice.com/products/vfx-apprentice-asset-library/categories/2159728446,https://www.vfxapprentice.com/products/vfx-apprentice-asset-library,VFX Apprentice Asset Library/VFX by Martin Blasina/index.html,REPLACED,481752,8.414,
category,VFX by Orçun Sarı,https://www.vfxapprentice.com/products/vfx-apprentice-asset-library/categories/2158686925,https://www.vfxapprentice.com/products/vfx-apprentice-asset-library,VFX Apprentice Asset Library/VFX by Orçun Sarı/index.html,REPLACED,499443,8.645,
category,VFX by De Andre Martin,https://www.vfxapprentice.com/products/vfx-apprentice-asset-library/categories/2158892725,https://www.vfxapprentice.com/products/vfx-apprentice-asset-library,VFX Apprentice Asset Library/VFX by De Andre Martin/index.html,REPLACED,1090,8.154,
category,FX Design Principles - Explained,https://www.vfxapprentice.com/products/hand-drawn-2d-fx-level-1/categories/2150627140,https://www.vfxapprentice.com/products/hand-drawn-2d-fx-level-1,Hand-Drawn 2D FX_ Level 1/FX Design Principles - Explained/index.html,REPLACED,1130,6.449,
category,FX Timing Principles - Explained,https://www.vfxapprentice.com/products/hand-drawn-2d-fx-level-1/categories/2150627141,https://www.vfxapprentice.com/products/hand-drawn-2d-fx-level-1,Hand-Drawn 2D FX_ Level 1/FX Timing Principles - Explained/index.html,REPLACED,1130,8.528,
category,Animation & Design - Track Overview,https://www.vfxapprentice.com/products/hand-drawn-2d-fx-level-1/categories/2150659695,https://www.vfxapprentice.com/products/hand-drawn-2d-fx-level-1,Hand-Drawn 2D FX_ Level 1/Animation & Design - Track Overview/index.html,REPLACED,1142,6.434,
category,Drawing Foundations - Design,https://www.vfxapprentice.com/products/hand-drawn-2d-fx-level-1/categories/2150627189,https://www.vfxapprentice.com/products/hand-drawn-2d-fx-level-1,Hand-Drawn 2D FX_ Level 1/Drawing Foundations - Design/index.html,REPLACED,1114,6.323,
category,2D Software Introduction - Explained,https://www.vfxapprentice.com/products/hand-drawn-2d-fx-level-1/categories/2153487511,https://www.vfxapprentice.com/products/hand-drawn-2d-fx-level-1,Hand-Drawn 2D FX_ Level 1/2D Software Introduction - Explained/index.html,REPLACED,1146,8.909,
category,2D FX Basics - Animation,https://www.vfxapprentice.com/products/hand-drawn-2d-fx-level-1/categories/2153487517,https://www.vfxapprentice.com/products/hand-drawn-2d-fx-level-1,Hand-Drawn 2D FX_ Level 1/2D FX Basics - Animation/index.html,REPLACED,1098,9.267,
category,Applied Foundations - Animation,https://www.vfxapprentice.com/products/hand-drawn-2d-fx-level-1/categories/2150627211,https://www.vfxapprentice.com/products/hand-drawn-2d-fx-level-1,Hand-Drawn 2D FX_ Level 1/Applied Foundations - Animation/index.html,REPLACED,1126,8.480,
category,Elemental Foundations - Explained,https://www.vfxapprentice.com/products/hand-drawn-2d-fx-level-1/categories/2150627224,https://www.vfxapprentice.com/products/hand-drawn-2d-fx-level-1,Hand-Drawn 2D FX_ Level 1/Elemental Foundations - Explained/index.html,REPLACED,1134,6.904,
category,What To Learn Next? - Track Overview,https://www.vfxapprentice.com/products/hand-drawn-2d-fx-level-1/categories/2150659706,https://www.vfxapprentice.com/products/hand-drawn-2d-fx-level-1,Hand-Drawn 2D FX_ Level 1/What To Learn Next_ - Track Overview/index.html,REPLACED,1146,6.671,
category,Intro to FX Concept Painting - Design,https://www.vfxapprentice.com/products/hand-drawn-2d-fx-level-1/categories/2150627457,https://www.vfxapprentice.com/products/hand-drawn-2d-fx-level-1,Hand-Drawn 2D FX_ Level 1/Intro to FX Concept Painting - Design/index.html,REPLACED,1150,8.295,
category,FX Concept Painting Elemental Studies - Design,https://www.vfxapprentice.com/products/hand-drawn-2d-fx-level-1/categories/2150627636,https://www.vfxapprentice.com/products/hand-drawn-2d-fx-level-1,Hand-Drawn 2D FX_ Level 1/FX Concept Painting Elemental Studies - Design/index.html,REPLACED,1186,6.407,
category,Small 2D FX Animation Studies - Animation,https://www.vfxapprentice.com/products/hand-drawn-2d-fx-level-1/categories/2150627235,https://www.vfxapprentice.com/products/hand-drawn-2d-fx-level-1,Hand-Drawn 2D FX_ Level 1/Small 2D FX Animation Studies - Animation/index.html,REPLACED,1166,6.334,
category,Medium 2D FX Animation Elemental Studies - Animation,https://www.vfxapprentice.com/products/hand-drawn-2d-fx-level-1/categories/2150627657,https://www.vfxapprentice.com/products/hand-drawn-2d-fx-level-1,Hand-Drawn 2D FX_ Level 1/Medium 2D FX Animation Elemental Studies - Animation/index.html,REPLACED,1210,6.423,
category,Level 1 ✅,https://www.vfxapprentice.com/products/hand-drawn-2d-fx-level-1/categories/2150627694,https://www.vfxapprentice.com/products/hand-drawn-2d-fx-level-1,Hand-Drawn 2D FX_ Level 1/Level 1 ✅/index.html,REPLACED,1046,6.596,
category,Paintover Series - Explained,https://www.vfxapprentice.com/products/hand-drawn-2d-fx-level-2/categories/2150659854,https://www.vfxapprentice.com/products/hand-drawn-2d-fx-level-2,Hand-Drawn 2D FX_ Level 2/Paintover Series - Explained/index.html,REPLACED,1114,8.475,
category,Animation & Post-Process - Track Overview,https://www.vfxapprentice.com/products/hand-drawn-2d-fx-level-2/categories/2150659817,https://www.vfxapprentice.com/products/hand-drawn-2d-fx-level-2,Hand-Drawn 2D FX_ Level 2/Animation & Post-Process - Track Overview/index.html,REPLACED,1166,8.978,
category,Integrating FX With a Character - Animation,https://www.vfxapprentice.com/products/hand-drawn-2d-fx-level-2/categories/2150659858,https://www.vfxapprentice.com/products/hand-drawn-2d-fx-level-2,Hand-Drawn 2D FX_ Level 2/Integrating FX With a Character - Animation/index.html,REPLACED,1174,6.343,
category,Post-Process & Motion Graphics Track,https://www.vfxapprentice.com/products/hand-drawn-2d-fx-level-2/categories/2150660577,https://www.vfxapprentice.com/products/hand-drawn-2d-fx-level-2,Hand-Drawn 2D FX_ Level 2/Post-Process & Motion Graphics Track/index.html,REPLACED,1146,8.377,
category,2D FX Meme Lab - Production Styles,https://www.vfxapprentice.com/products/hand-drawn-2d-fx-level-2/categories/2152722227,https://www.vfxapprentice.com/products/hand-drawn-2d-fx-level-2,Hand-Drawn 2D FX_ Level 2/2D FX Meme Lab - Production Styles/index.html,REPLACED,1138,8.420,
category,Complex 2D FX Composition Studies - Animation,https://www.vfxapprentice.com/products/hand-drawn-2d-fx-level-2/categories/2150660021,https://www.vfxapprentice.com/products/hand-drawn-2d-fx-level-2,Hand-Drawn 2D FX_ Level 2/Complex 2D FX Composition Studies - Animation/index.html,REPLACED,1182,6.442,
category,Level 2 ✅,https://www.vfxapprentice.com/products/hand-drawn-2d-fx-level-2/categories/2150660705,https://www.vfxapprentice.com/products/hand-drawn-2d-fx-level-2,Hand-Drawn 2D FX_ Level 2/Level 2 ✅/index.html,REPLACED,1046,8.076,
category,Project - Download,https://www.vfxapprentice.com/products/hand-crafted-3d-vfx-level-1/categories/2151531435,https://www.vfxapprentice.com/products/hand-crafted-3d-vfx-level-1,Hand-Crafted 3D VFX_ Level 1/Project - Download/index.html,REPLACED,1074,6.489,
category,Block-in VFX - Unity,https://www.vfxapprentice.com/products/hand-crafted-3d-vfx-level-1/categories/2150605434,https://www.vfxapprentice.com/products/hand-crafted-3d-vfx-level-1,Hand-Crafted 3D VFX_ Level 1/Block-in VFX - Unity/index.html,REPLACED,1082,6.427,
category,Beginner Guide to VFX,https://www.vfxapprentice.com/products/hand-crafted-3d-vfx-level-1/categories/2154198343,https://www.vfxapprentice.com/products/hand-crafted-3d-vfx-level-1,Hand-Crafted 3D VFX_ Level 1/Beginner Guide to VFX/index.html,REPLACED,1086,8.732,
category,Niagara Block-in VFX - Unreal 5,https://www.vfxapprentice.com/products/hand-crafted-3d-vfx-level-1/categories/2150605378,https://www.vfxapprentice.com/products/hand-crafted-3d-vfx-level-1,Hand-Crafted 3D VFX_ Level 1/Niagara Block-in VFX - Unreal 5/index.html,REPLACED,1126,6.701,
category,Color Theory for VFX,https://www.vfxapprentice.com/products/hand-crafted-3d-vfx-level-1/categories/2150605426,https://www.vfxapprentice.com/products/hand-crafted-3d-vfx-level-1,Hand-Crafted 3D VFX_ Level 1/Color Theory for VFX/index.html,REPLACED,1082,8.374,
category,Intro to Hand-Painted Textures - Krita,https://www.vfxapprentice.com/products/hand-crafted-3d-vfx-level-1/categories/2150605474,https://www.vfxapprentice.com/products/hand-crafted-3d-vfx-level-1,Hand-Crafted 3D VFX_ Level 1/Intro to Hand-Painted Textures - Krita/index.html,REPLACED,1154,6.345,
category,Intro to Procedural Textures - Substance Designer,https://www.vfxapprentice.com/products/hand-crafted-3d-vfx-level-1/categories/2153470807,https://www.vfxapprentice.com/products/hand-crafted-3d-vfx-level-1,Hand-Crafted 3D VFX_ Level 1/Intro to Procedural Textures - Substance Designer/index.html,REPLACED,1198,6.536,
category,Intro to Modeling for VFX - Blender & Maya,https://www.vfxapprentice.com/products/hand-crafted-3d-vfx-level-1/categories/2150605507,https://www.vfxapprentice.com/products/hand-crafted-3d-vfx-level-1,Hand-Crafted 3D VFX_ Level 1/Intro to Modeling for VFX - Blender & Maya/index.html,REPLACED,1170,6.474,
category,Intro to Shaders - Unity,https://www.vfxapprentice.com/products/hand-crafted-3d-vfx-level-1/categories/2153219613,https://www.vfxapprentice.com/products/hand-crafted-3d-vfx-level-1,Hand-Crafted 3D VFX_ Level 1/Intro to Shaders - Unity/index.html,REPLACED,1098,8.971,
category,Intro to Materials - Unreal 5,https://www.vfxapprentice.com/products/hand-crafted-3d-vfx-level-1/categories/2150605515,https://www.vfxapprentice.com/products/hand-crafted-3d-vfx-level-1,Hand-Crafted 3D VFX_ Level 1/Intro to Materials - Unreal 5/index.html,REPLACED,1118,6.418,
category,Art Foundational Lectures - Explained,https://www.vfxapprentice.com/products/hand-crafted-3d-vfx-level-1/categories/2150605523,https://www.vfxapprentice.com/products/hand-crafted-3d-vfx-level-1,Hand-Crafted 3D VFX_ Level 1/Art Foundational Lectures - Explained/index.html,REPLACED,1150,8.652,
category,League of Effects (Fan Art) Breakdowns,https://www.vfxapprentice.com/products/hand-crafted-3d-vfx-level-1/categories/2154198573,https://www.vfxapprentice.com/products/hand-crafted-3d-vfx-level-1,Hand-Crafted 3D VFX_ Level 1/League of Effects (Fan Art) Breakdowns/index.html,REPLACED,1154,8.430,
category,Elemental Studies - Unity,https://www.vfxapprentice.com/products/hand-crafted-3d-vfx-level-1/categories/2150605572,https://www.vfxapprentice.com/products/hand-crafted-3d-vfx-level-1,Hand-Crafted 3D VFX_ Level 1/Elemental Studies - Unity/index.html,REPLACED,1102,3.254,
category,Particle Practices - Community Recordings,https://www.vfxapprentice.com/products/hand-crafted-3d-vfx-level-1/categories/2152650100,https://www.vfxapprentice.com/products/hand-crafted-3d-vfx-level-1,Hand-Crafted 3D VFX_ Level 1/Particle Practices - Community Recordings/index.html,REPLACED,1166,6.736,
category,Elemental Studies - Unreal,https://www.vfxapprentice.com/products/hand-crafted-3d-vfx-level-1/categories/2154231245,https://www.vfxapprentice.com/products/hand-crafted-3d-vfx-level-1,Hand-Crafted 3D VFX_ Level 1/Elemental Studies - Unreal/index.html,REPLACED,1106,6.502,
category,Level 1 ✅,https://www.vfxapprentice.com/products/hand-crafted-3d-vfx-level-1/categories/2150605604,https://www.vfxapprentice.com/products/hand-crafted-3d-vfx-level-1,Hand-Crafted 3D VFX_ Level 1/Level 1 ✅/index.html,REPLACED,1046,6.703,
category,Project - Download,https://www.vfxapprentice.com/products/hand-crafted-3d-vfx-level-2/categories/2151459356,https://www.vfxapprentice.com/products/hand-crafted-3d-vfx-level-2,Hand-Crafted 3D VFX_ Level 2/Project - Download/index.html,REPLACED,1074,8.459,
category,Particle Animation - Explained,https://www.vfxapprentice.com/products/hand-crafted-3d-vfx-level-2/categories/2151459443,https://www.vfxapprentice.com/products/hand-crafted-3d-vfx-level-2,Hand-Crafted 3D VFX_ Level 2/Particle Animation - Explained/index.html,REPLACED,1122,8.115,
category,Unreal & Unity - Track Overview,https://www.vfxapprentice.com/products/hand-crafted-3d-vfx-level-2/categories/2150691176,https://www.vfxapprentice.com/products/hand-crafted-3d-vfx-level-2,Hand-Crafted 3D VFX_ Level 2/Unreal & Unity - Track Overview/index.html,REPLACED,1126,8.873,
category,VFX Case Studies - Unreal & Unity,https://www.vfxapprentice.com/products/hand-crafted-3d-vfx-level-2/categories/2150613163,https://www.vfxapprentice.com/products/hand-crafted-3d-vfx-level-2,Hand-Crafted 3D VFX_ Level 2/VFX Case Studies - Unreal & Unity/index.html,REPLACED,1134,8.679,
category,Unity Booms & Blasts - Legacy,https://www.vfxapprentice.com/products/hand-crafted-3d-vfx-level-2/categories/2150613259,https://www.vfxapprentice.com/products/hand-crafted-3d-vfx-level-2,Hand-Crafted 3D VFX_ Level 2/Unity Booms & Blasts - Legacy/index.html,REPLACED,1118,8.447,
category,Unreal Cascade Booms & Blasts - Legacy,https://www.vfxapprentice.com/products/hand-crafted-3d-vfx-level-2/categories/2150613360,https://www.vfxapprentice.com/products/hand-crafted-3d-vfx-level-2,Hand-Crafted 3D VFX_ Level 2/Unreal Cascade Booms & Blasts - Legacy/index.html,REPLACED,1154,8.311,
category,Level 2 ✅,https://www.vfxapprentice.com/products/hand-crafted-3d-vfx-level-2/categories/2150613450,https://www.vfxapprentice.com/products/hand-crafted-3d-vfx-level-2,Hand-Crafted 3D VFX_ Level 2/Level 2 ✅/index.html,REPLACED,1046,8.090,
category,Project - Download,https://www.vfxapprentice.com/products/apprenticeship-level-3/categories/2151531420,https://www.vfxapprentice.com/products/apprenticeship-level-3,Apprenticeship Level 3/Project - Download/index.html,REPLACED,1074,8.253,
category,Soft Skills - Explained,https://www.vfxapprentice.com/products/apprenticeship-level-3/categories/2150661675,https://www.vfxapprentice.com/products/apprenticeship-level-3,Apprenticeship Level 3/Soft Skills - Explained/index.html,REPLACED,1094,6.458,
category,"Sidescroller: 2D FX, 3D FX & Implementation - Unreal 4",https://www.vfxapprentice.com/products/apprenticeship-level-3/categories/2150661700,https://www.vfxapprentice.com/products/apprenticeship-level-3,"Apprenticeship Level 3/Sidescroller_ 2D FX, 3D FX & Implementation - Unreal 4/index.html",REPLACED,1218,8.478,
category,Production Level Effects - Breakdown,https://www.vfxapprentice.com/products/apprenticeship-level-3/categories/2152376030,https://www.vfxapprentice.com/products/apprenticeship-level-3,Apprenticeship Level 3/Production Level Effects - Breakdown/index.html,REPLACED,1146,6.850,
category,Production Level Effects - Unreal,https://www.vfxapprentice.com/products/apprenticeship-level-3/categories/2152945612,https://www.vfxapprentice.com/products/apprenticeship-level-3,Apprenticeship Level 3/Production Level Effects - Unreal/index.html,REPLACED,1134,8.484,
category,Apprenticeship,https://www.vfxapprentice.com/products/apprenticeship-level-3/categories/2150661743,https://www.vfxapprentice.com/products/apprenticeship-level-3,Apprenticeship Level 3/Apprenticeship/index.html,REPLACED,1058,8.258,
category,Apprenticeship ✅,https://www.vfxapprentice.com/products/apprenticeship-level-3/categories/2151090962,https://www.vfxapprentice.com/products/apprenticeship-level-3,Apprenticeship Level 3/Apprenticeship ✅/index.html,REPLACED,1074,8.158,
post,Project Download,https://www.vfxapprentice.com/products/vfx-apprentice-asset-library/categories/2160299012/posts/2198376946,https://www.vfxapprentice.com/products/vfx-apprentice-asset-library/categories/2160299012,VFX Apprentice Asset Library/VFX by Mario Belén/Project Download.html,FAILED_OUTPUT_MISSING,0,8.696,
post,Project Download,https://www.vfxapprentice.com/products/vfx-apprentice-asset-library/categories/2159219593/posts/2194025583,https://www.vfxapprentice.com/products/vfx-apprentice-asset-library/categories/2159219593,VFX Apprentice Asset Library/VFX by Daryna-Vladyslava Masiahina/Project Download.html,REPLACED,61298,6.454,
post,Project Download,https://www.vfxapprentice.com/products/vfx-apprentice-asset-library/categories/2160308178/posts/2198408275,https://www.vfxapprentice.com/products/vfx-apprentice-asset-library/categories/2160308178,VFX Apprentice Asset Library/VFX by Gustavo Dresch Rosa/Project Download.html,REPLACED,61491,8.398,
post,Project Download,https://www.vfxapprentice.com/products/vfx-apprentice-asset-library/categories/2159932504/posts/2196863699,https://www.vfxapprentice.com/products/vfx-apprentice-asset-library/categories/2159932504,VFX Apprentice Asset Library/VFX by Clovis Lebret/Project Download.html,REPLACED,61366,8.217,
post,Project Download,https://www.vfxapprentice.com/products/vfx-apprentice-asset-library/categories/2160214336/posts/2197994713,https://www.vfxapprentice.com/products/vfx-apprentice-asset-library/categories/2160214336,VFX Apprentice Asset Library/VFX by Can Bayar/Project Download.html,REPLACED,60882,8.083,
post,Project Download,https://www.vfxapprentice.com/products/vfx-apprentice-asset-library/categories/2159212997/posts/2194002394,https://www.vfxapprentice.com/products/vfx-apprentice-asset-library/categories/2159212997,VFX Apprentice Asset Library/VFX by Renate Noel-Tagoe (Insert Cat)/Project Download.html,FAILED_OUTPUT_MISSING,0,8.605,
post,Project Download,https://www.vfxapprentice.com/products/vfx-apprentice-asset-library/categories/2158772168/posts/2192189829,https://www.vfxapprentice.com/products/vfx-apprentice-asset-library/categories/2158772168,VFX Apprentice Asset Library/VFX by Harmonie Duquesne/Project Download.html,REPLACED,60214,8.495,
post,Project Download,https://www.vfxapprentice.com/products/vfx-apprentice-asset-library/categories/2158892723/posts/2192668720,https://www.vfxapprentice.com/products/vfx-apprentice-asset-library/categories/2158892723,VFX Apprentice Asset Library/VFX by Katie Stine/Project Download.html,REPLACED,62011,8.951,
post,Project Download,https://www.vfxapprentice.com/products/vfx-apprentice-asset-library/categories/2159389664/posts/2194720546,https://www.vfxapprentice.com/products/vfx-apprentice-asset-library/categories/2159389664,VFX Apprentice Asset Library/VFX by Jakub Tkáč/Project Download.html,REPLACED,61571,8.415,
post,Project Download,https://www.vfxapprentice.com/products/vfx-apprentice-asset-library/categories/2159389663/posts/2194720543,https://www.vfxapprentice.com/products/vfx-apprentice-asset-library/categories/2159389663,VFX Apprentice Asset Library/VFX by Bruno Ferreira Belício/Project Download.html,REPLACED,62580,8.652,
post,Project Download,https://www.vfxapprentice.com/products/vfx-apprentice-asset-library/categories/2159728446/posts/2196052417,https://www.vfxapprentice.com/products/vfx-apprentice-asset-library/categories/2159728446,VFX Apprentice Asset Library/VFX by Martin Blasina/Project Download.html,FAILED_OUTPUT_MISSING,0,8.481,
post,Project Download,https://www.vfxapprentice.com/products/vfx-apprentice-asset-library/categories/2158686925/posts/2191853781,https://www.vfxapprentice.com/products/vfx-apprentice-asset-library/categories/2158686925,VFX Apprentice Asset Library/VFX by Orçun Sarı/Project Download.html,FAILED_OUTPUT_MISSING,0,8.585,
post,Project Download,https://www.vfxapprentice.com/products/vfx-apprentice-asset-library/categories/2158892725/posts/2192668724,https://www.vfxapprentice.com/products/vfx-apprentice-asset-library/categories/2158892725,VFX Apprentice Asset Library/VFX by De Andre Martin/Project Download.html,REPLACED,61355,8.538,
post,Introduction - Dan Elder,https://www.vfxapprentice.com/products/hand-drawn-2d-fx-level-1/categories/2150627140/posts/2158959455,https://www.vfxapprentice.com/products/hand-drawn-2d-fx-level-1/categories/2150627140,Hand-Drawn 2D FX_ Level 1/FX Design Principles - Explained/Introduction - Dan Elder.html,REPLACED,270471,6.371,
post,Physical Properties,https://www.vfxapprentice.com/products/hand-drawn-2d-fx-level-1/categories/2150627140/posts/2158959458,https://www.vfxapprentice.com/products/hand-drawn-2d-fx-level-1/categories/2150627140,Hand-Drawn 2D FX_ Level 1/FX Design Principles - Explained/Physical Properties.html,REPLACED,265969,3.009,
post,Intention,https://www.vfxapprentice.com/products/hand-drawn-2d-fx-level-1/categories/2150627140/posts/2158959457,https://www.vfxapprentice.com/products/hand-drawn-2d-fx-level-1/categories/2150627140,Hand-Drawn 2D FX_ Level 1/FX Design Principles - Explained/Intention.html,REPLACED,267131,6.282,
post,Composition (Staging),https://www.vfxapprentice.com/products/hand-drawn-2d-fx-level-1/categories/2150627140/posts/2158959461,https://www.vfxapprentice.com/products/hand-drawn-2d-fx-level-1/categories/2150627140,Hand-Drawn 2D FX_ Level 1/FX Design Principles - Explained/Composition (Staging).html,REPLACED,265507,6.468,
post,Solid Drawing,https://www.vfxapprentice.com/products/hand-drawn-2d-fx-level-1/categories/2150627140/posts/2158959462,https://www.vfxapprentice.com/products/hand-drawn-2d-fx-level-1/categories/2150627140,Hand-Drawn 2D FX_ Level 1/FX Design Principles - Explained/Solid Drawing.html,REPLACED,264582,9.731,
post,Number of Frames,https://www.vfxapprentice.com/products/hand-drawn-2d-fx-level-1/categories/2150627141/posts/2158959480,https://www.vfxapprentice.com/products/hand-drawn-2d-fx-level-1/categories/2150627141,Hand-Drawn 2D FX_ Level 1/FX Timing Principles - Explained/Number of Frames.html,REPLACED,266344,6.265,
post,Straight-Ahead & Key Framing,https://www.vfxapprentice.com/products/hand-drawn-2d-fx-level-1/categories/2150627141/posts/2158959481,https://www.vfxapprentice.com/products/hand-drawn-2d-fx-level-1/categories/2150627141,Hand-Drawn 2D FX_ Level 1/FX Timing Principles - Explained/Straight-Ahead & Key Framing.html,REPLACED,264541,6.308,
post,Ease In & Ease Out,https://www.vfxapprentice.com/products/hand-drawn-2d-fx-level-1/categories/2150627141/posts/2158959484,https://www.vfxapprentice.com/products/hand-drawn-2d-fx-level-1/categories/2150627141,Hand-Drawn 2D FX_ Level 1/FX Timing Principles - Explained/Ease In & Ease Out.html,REPLACED,271131,6.371,
post,Anticipation,https://www.vfxapprentice.com/products/hand-drawn-2d-fx-level-1/categories/2150627141/posts/2158959485,https://www.vfxapprentice.com/products/hand-drawn-2d-fx-level-1/categories/2150627141,Hand-Drawn 2D FX_ Level 1/FX Timing Principles - Explained/Anticipation.html,REPLACED,267195,6.252,
post,Impulse & Rhythm,https://www.vfxapprentice.com/products/hand-drawn-2d-fx-level-1/categories/2150627141/posts/2158959486,https://www.vfxapprentice.com/products/hand-drawn-2d-fx-level-1/categories/2150627141,Hand-Drawn 2D FX_ Level 1/FX Timing Principles - Explained/Impulse & Rhythm.html,REPLACED,265295,6.284,
post,Follow-through,https://www.vfxapprentice.com/products/hand-drawn-2d-fx-level-1/categories/2150627141/posts/2158959487,https://www.vfxapprentice.com/products/hand-drawn-2d-fx-level-1/categories/2150627141,Hand-Drawn 2D FX_ Level 1/FX Timing Principles - Explained/Follow-through.html,REPLACED,265372,6.338,
post,Arcs,https://www.vfxapprentice.com/products/hand-drawn-2d-fx-level-1/categories/2150627141/posts/2158959488,https://www.vfxapprentice.com/products/hand-drawn-2d-fx-level-1/categories/2150627141,Hand-Drawn 2D FX_ Level 1/FX Timing Principles - Explained/Arcs.html,REPLACED,260915,6.205,
post,Stretch & Smear,https://www.vfxapprentice.com/products/hand-drawn-2d-fx-level-1/categories/2150627141/posts/2158959490,https://www.vfxapprentice.com/products/hand-drawn-2d-fx-level-1/categories/2150627141,Hand-Drawn 2D FX_ Level 1/FX Timing Principles - Explained/Stretch & Smear.html,REPLACED,265338,6.236,
post,Animation and Design Tracks Overview,https://www.vfxapprentice.com/products/hand-drawn-2d-fx-level-1/categories/2150659695/posts/2158959571,https://www.vfxapprentice.com/products/hand-drawn-2d-fx-level-1/categories/2150659695,Hand-Drawn 2D FX_ Level 1/Animation & Design - Track Overview/Animation and Design Tracks Overview.html,REPLACED,270827,6.552,
category,Review,https://www.vfxapprentice.com/products/hand-drawn-2d-fx-level-1/categories/2150659699,https://www.vfxapprentice.com/products/hand-drawn-2d-fx-level-1/categories/2150627189,Hand-Drawn 2D FX_ Level 1/Drawing Foundations - Design/Review/index.html,REPLACED,1026,3.271,
category,Lesson Sketch,https://www.vfxapprentice.com/products/hand-drawn-2d-fx-level-1/categories/2150627445,https://www.vfxapprentice.com/products/hand-drawn-2d-fx-level-1/categories/2150627189,Hand-Drawn 2D FX_ Level 1/Drawing Foundations - Design/Lesson Sketch/index.html,REPLACED,1054,6.538,
post,Thinking in 3D,https://www.vfxapprentice.com/products/hand-drawn-2d-fx-level-1/categories/2150627189/posts/2158959670,https://www.vfxapprentice.com/products/hand-drawn-2d-fx-level-1/categories/2150627189,Hand-Drawn 2D FX_ Level 1/Drawing Foundations - Design/Thinking in 3D.html,REPLACED,260930,3.994,
post,Drawing with Confidence,https://www.vfxapprentice.com/products/hand-drawn-2d-fx-level-1/categories/2150627189/posts/2158959654,https://www.vfxapprentice.com/products/hand-drawn-2d-fx-level-1/categories/2150627189,Hand-Drawn 2D FX_ Level 1/Drawing Foundations - Design/Drawing with Confidence.html,REPLACED,265302,5.041,
post,Drawing in Perspective,https://www.vfxapprentice.com/products/hand-drawn-2d-fx-level-1/categories/2150627189/posts/2158959671,https://www.vfxapprentice.com/products/hand-drawn-2d-fx-level-1/categories/2150627189,Hand-Drawn 2D FX_ Level 1/Drawing Foundations - Design/Drawing in Perspective.html,REPLACED,261774,3.658,
post,Cylinders in Perspective,https://www.vfxapprentice.com/products/hand-drawn-2d-fx-level-1/categories/2150627189/posts/2158959673,https://www.vfxapprentice.com/products/hand-drawn-2d-fx-level-1/categories/2150627189,Hand-Drawn 2D FX_ Level 1/Drawing Foundations - Design/Cylinders in Perspective.html,REPLACED,261238,6.424,
post,Finding the Right Perspective,https://www.vfxapprentice.com/products/hand-drawn-2d-fx-level-1/categories/2150627189/posts/2158959675,https://www.vfxapprentice.com/products/hand-drawn-2d-fx-level-1/categories/2150627189,Hand-Drawn 2D FX_ Level 1/Drawing Foundations - Design/Finding the Right Perspective.html,REPLACED,261327,6.153,
post,Rotating Shapes in Perspective,https://www.vfxapprentice.com/products/hand-drawn-2d-fx-level-1/categories/2150627189/posts/2158960445,https://www.vfxapprentice.com/products/hand-drawn-2d-fx-level-1/categories/2150627189,Hand-Drawn 2D FX_ Level 1/Drawing Foundations - Design/Rotating Shapes in Perspective.html,REPLACED,264708,6.225,
post,Combining Shapes in Perspective,https://www.vfxapprentice.com/products/hand-drawn-2d-fx-level-1/categories/2150627189/posts/2158960367,https://www.vfxapprentice.com/products/hand-drawn-2d-fx-level-1/categories/2150627189,Hand-Drawn 2D FX_ Level 1/Drawing Foundations - Design/Combining Shapes in Perspective.html,REPLACED,260945,11.778,
post,Using Weighted Lines,https://www.vfxapprentice.com/products/hand-drawn-2d-fx-level-1/categories/2150627189/posts/2158960448,https://www.vfxapprentice.com/products/hand-drawn-2d-fx-level-1/categories/2150627189,Hand-Drawn 2D FX_ Level 1/Drawing Foundations - Design/Using Weighted Lines.html,REPLACED,265192,6.424,
post,Drawing From References,https://www.vfxapprentice.com/products/hand-drawn-2d-fx-level-1/categories/2150627189/posts/2158960454,https://www.vfxapprentice.com/products/hand-drawn-2d-fx-level-1/categories/2150627189,Hand-Drawn 2D FX_ Level 1/Drawing Foundations - Design/Drawing From References.html,REPLACED,264231,6.417,
category,Intro to Animate,https://www.vfxapprentice.com/products/hand-drawn-2d-fx-level-1/categories/2150627208,https://www.vfxapprentice.com/products/hand-drawn-2d-fx-level-1/categories/2153487511,Hand-Drawn 2D FX_ Level 1/2D Software Introduction - Explained/Intro to Animate/index.html,REPLACED,1066,6.632,
category,Intro to Harmony,https://www.vfxapprentice.com/products/hand-drawn-2d-fx-level-1/categories/2150627207,https://www.vfxapprentice.com/products/hand-drawn-2d-fx-level-1/categories/2153487511,Hand-Drawn 2D FX_ Level 1/2D Software Introduction - Explained/Intro to Harmony/index.html,REPLACED,1066,6.709,
category,Intro to Photoshop,https://www.vfxapprentice.com/products/hand-drawn-2d-fx-level-1/categories/2150627459,https://www.vfxapprentice.com/products/hand-drawn-2d-fx-level-1/categories/2153487511,Hand-Drawn 2D FX_ Level 1/2D Software Introduction - Explained/Intro to Photoshop/index.html,REPLACED,1074,6.381,
category,Review,https://www.vfxapprentice.com/products/hand-drawn-2d-fx-level-1/categories/2150659703,https://www.vfxapprentice.com/products/hand-drawn-2d-fx-level-1/categories/2153487511,Hand-Drawn 2D FX_ Level 1/2D Software Introduction - Explained/Review/index.html,REPLACED,1026,6.679,
category,2D FX Playbook,https://www.vfxapprentice.com/products/hand-drawn-2d-fx-level-1/categories/2151838203,https://www.vfxapprentice.com/products/hand-drawn-2d-fx-level-1/categories/2153487517,Hand-Drawn 2D FX_ Level 1/2D FX Basics - Animation/2D FX Playbook/index.html,REPLACED,1058,6.320,
category,Review,https://www.vfxapprentice.com/products/hand-drawn-2d-fx-level-1/categories/2153488366,https://www.vfxapprentice.com/products/hand-drawn-2d-fx-level-1/categories/2153487517,Hand-Drawn 2D FX_ Level 1/2D FX Basics - Animation/Review/index.html,REPLACED,1026,6.537,
category,Line Wiggle Warmup,https://www.vfxapprentice.com/products/hand-drawn-2d-fx-level-1/categories/2150627214,https://www.vfxapprentice.com/products/hand-drawn-2d-fx-level-1/categories/2150627211,Hand-Drawn 2D FX_ Level 1/Applied Foundations - Animation/Line Wiggle Warmup/index.html,REPLACED,1074,6.375,
category,Negative Shapes: Blip Animation,https://www.vfxapprentice.com/products/hand-drawn-2d-fx-level-1/categories/2150627215,https://www.vfxapprentice.com/products/hand-drawn-2d-fx-level-1/categories/2150627211,Hand-Drawn 2D FX_ Level 1/Applied Foundations - Animation/Negative Shapes_ Blip Animation/index.html,REPLACED,1126,6.376,
category,Sparkle,https://www.vfxapprentice.com/products/hand-drawn-2d-fx-level-1/categories/2150627217,https://www.vfxapprentice.com/products/hand-drawn-2d-fx-level-1/categories/2150627211,Hand-Drawn 2D FX_ Level 1/Applied Foundations - Animation/Sparkle/index.html,REPLACED,1030,6.355,
category,Abstract Lightning,https://www.vfxapprentice.com/products/hand-drawn-2d-fx-level-1/categories/2150627219,https://www.vfxapprentice.com/products/hand-drawn-2d-fx-level-1/categories/2150627211,Hand-Drawn 2D FX_ Level 1/Applied Foundations - Animation/Abstract Lightning/index.html,REPLACED,1074,6.174,
category,Fireball,https://www.vfxapprentice.com/products/hand-drawn-2d-fx-level-1/categories/2150627220,https://www.vfxapprentice.com/products/hand-drawn-2d-fx-level-1/categories/2150627211,Hand-Drawn 2D FX_ Level 1/Applied Foundations - Animation/Fireball/index.html,REPLACED,1034,6.240,
category,Review,https://www.vfxapprentice.com/products/hand-drawn-2d-fx-level-1/categories/2150659705,https://www.vfxapprentice.com/products/hand-drawn-2d-fx-level-1/categories/2150627211,Hand-Drawn 2D FX_ Level 1/Applied Foundations - Animation/Review/index.html,REPLACED,1026,6.321,
post,Design Commentary,https://www.vfxapprentice.com/products/hand-drawn-2d-fx-level-1/categories/2150627224/posts/2158959755,https://www.vfxapprentice.com/products/hand-drawn-2d-fx-level-1/categories/2150627224,Hand-Drawn 2D FX_ Level 1/Elemental Foundations - Explained/Design Commentary.html,REPLACED,264689,6.240,
post,The Wave Principle,https://www.vfxapprentice.com/products/hand-drawn-2d-fx-level-1/categories/2150627224/posts/2158959757,https://www.vfxapprentice.com/products/hand-drawn-2d-fx-level-1/categories/2150627224,Hand-Drawn 2D FX_ Level 1/Elemental Foundations - Explained/The Wave Principle.html,REPLACED,267160,6.614,
post,Creation & Dissipation,https://www.vfxapprentice.com/products/hand-drawn-2d-fx-level-1/categories/2150627224/posts/2158959760,https://www.vfxapprentice.com/products/hand-drawn-2d-fx-level-1/categories/2150627224,Hand-Drawn 2D FX_ Level 1/Elemental Foundations - Explained/Creation & Dissipation.html,REPLACED,266724,10.014,
post,Cycles,https://www.vfxapprentice.com/products/hand-drawn-2d-fx-level-1/categories/2150627224/posts/2158959765,https://www.vfxapprentice.com/products/hand-drawn-2d-fx-level-1/categories/2150627224,Hand-Drawn 2D FX_ Level 1/Elemental Foundations - Explained/Cycles.html,REPLACED,260888,9.848,
post,Fire,https://www.vfxapprentice.com/products/hand-drawn-2d-fx-level-1/categories/2150627224/posts/2158959771,https://www.vfxapprentice.com/products/hand-drawn-2d-fx-level-1/categories/2150627224,Hand-Drawn 2D FX_ Level 1/Elemental Foundations - Explained/Fire.html,REPLACED,266462,6.537,
post,Water,https://www.vfxapprentice.com/products/hand-drawn-2d-fx-level-1/categories/2150627224/posts/2158959773,https://www.vfxapprentice.com/products/hand-drawn-2d-fx-level-1/categories/2150627224,Hand-Drawn 2D FX_ Level 1/Elemental Foundations - Explained/Water.html,REPLACED,264778,6.270,
post,Smoke & Dust,https://www.vfxapprentice.com/products/hand-drawn-2d-fx-level-1/categories/2150627224/posts/2158959777,https://www.vfxapprentice.com/products/hand-drawn-2d-fx-level-1/categories/2150627224,Hand-Drawn 2D FX_ Level 1/Elemental Foundations - Explained/Smoke & Dust.html,REPLACED,261076,6.151,
post,Debris,https://www.vfxapprentice.com/products/hand-drawn-2d-fx-level-1/categories/2150627224/posts/2158959780,https://www.vfxapprentice.com/products/hand-drawn-2d-fx-level-1/categories/2150627224,Hand-Drawn 2D FX_ Level 1/Elemental Foundations - Explained/Debris.html,REPLACED,261116,6.308,
post,Lightning & Flash Frames,https://www.vfxapprentice.com/products/hand-drawn-2d-fx-level-1/categories/2150627224/posts/2158959779,https://www.vfxapprentice.com/products/hand-drawn-2d-fx-level-1/categories/2150627224,Hand-Drawn 2D FX_ Level 1/Elemental Foundations - Explained/Lightning & Flash Frames.html,REPLACED,265504,11.917,
post,Animation and Design Tracks Overview,https://www.vfxapprentice.com/products/hand-drawn-2d-fx-level-1/categories/2150659706/posts/2158959790,https://www.vfxapprentice.com/products/hand-drawn-2d-fx-level-1/categories/2150659706,Hand-Drawn 2D FX_ Level 1/What To Learn Next_ - Track Overview/Animation and Design Tracks Overview.html,REPLACED,263667,6.598,
category,Painting Techniques,https://www.vfxapprentice.com/products/hand-drawn-2d-fx-level-1/categories/2150627461,https://www.vfxapprentice.com/products/hand-drawn-2d-fx-level-1/categories/2150627457,Hand-Drawn 2D FX_ Level 1/Intro to FX Concept Painting - Design/Painting Techniques/index.html,REPLACED,1078,6.262,
post,Color Foundations Lecture,https://www.vfxapprentice.com/products/hand-drawn-2d-fx-level-1/categories/2150627457/posts/2172714618,https://www.vfxapprentice.com/products/hand-drawn-2d-fx-level-1/categories/2150627457,Hand-Drawn 2D FX_ Level 1/Intro to FX Concept Painting - Design/Color Foundations Lecture.html,REPLACED,258270,6.229,
category,Review,https://www.vfxapprentice.com/products/hand-drawn-2d-fx-level-1/categories/2150659772,https://www.vfxapprentice.com/products/hand-drawn-2d-fx-level-1/categories/2150627457,Hand-Drawn 2D FX_ Level 1/Intro to FX Concept Painting - Design/Review/index.html,REPLACED,1026,8.972,
category,Fire Explosion,https://www.vfxapprentice.com/products/hand-drawn-2d-fx-level-1/categories/2150627650,https://www.vfxapprentice.com/products/hand-drawn-2d-fx-level-1/categories/2150627636,Hand-Drawn 2D FX_ Level 1/FX Concept Painting Elemental Studies - Design/Fire Explosion/index.html,REPLACED,1058,6.407,
category,Wispy Cloud,https://www.vfxapprentice.com/products/hand-drawn-2d-fx-level-1/categories/2150627651,https://www.vfxapprentice.com/products/hand-drawn-2d-fx-level-1/categories/2150627636,Hand-Drawn 2D FX_ Level 1/FX Concept Painting Elemental Studies - Design/Wispy Cloud/index.html,REPLACED,1046,6.201,
category,Lightning Zap,https://www.vfxapprentice.com/products/hand-drawn-2d-fx-level-1/categories/2150627652,https://www.vfxapprentice.com/products/hand-drawn-2d-fx-level-1/categories/2150627636,Hand-Drawn 2D FX_ Level 1/FX Concept Painting Elemental Studies - Design/Lightning Zap/index.html,REPLACED,1054,6.275,
category,Goo Splat,https://www.vfxapprentice.com/products/hand-drawn-2d-fx-level-1/categories/2150627654,https://www.vfxapprentice.com/products/hand-drawn-2d-fx-level-1/categories/2150627636,Hand-Drawn 2D FX_ Level 1/FX Concept Painting Elemental Studies - Design/Goo Splat/index.html,REPLACED,1038,6.203,
category,Sparker & Aquanna Illustration,https://www.vfxapprentice.com/products/hand-drawn-2d-fx-level-1/categories/2150627655,https://www.vfxapprentice.com/products/hand-drawn-2d-fx-level-1/categories/2150627636,Hand-Drawn 2D FX_ Level 1/FX Concept Painting Elemental Studies - Design/Sparker & Aquanna Illustration/index.html,REPLACED,1122,3.085,
category,Light Burst,https://www.vfxapprentice.com/products/hand-drawn-2d-fx-level-1/categories/2150627237,https://www.vfxapprentice.com/products/hand-drawn-2d-fx-level-1/categories/2150627235,Hand-Drawn 2D FX_ Level 1/Small 2D FX Animation Studies - Animation/Light Burst/index.html,REPLACED,1046,6.246,
category,Review,https://www.vfxapprentice.com/products/hand-drawn-2d-fx-level-1/categories/2150659778,https://www.vfxapprentice.com/products/hand-drawn-2d-fx-level-1/categories/2150627636,Hand-Drawn 2D FX_ Level 1/FX Concept Painting Elemental Studies - Design/Review/index.html,REPLACED,1026,8.619,
category,Nether Poof,https://www.vfxapprentice.com/products/hand-drawn-2d-fx-level-1/categories/2150627240,https://www.vfxapprentice.com/products/hand-drawn-2d-fx-level-1/categories/2150627235,Hand-Drawn 2D FX_ Level 1/Small 2D FX Animation Studies - Animation/Nether Poof/index.html,REPLACED,1046,6.385,
category,Fire Swoosh,https://www.vfxapprentice.com/products/hand-drawn-2d-fx-level-1/categories/2150627238,https://www.vfxapprentice.com/products/hand-drawn-2d-fx-level-1/categories/2150627235,Hand-Drawn 2D FX_ Level 1/Small 2D FX Animation Studies - Animation/Fire Swoosh/index.html,REPLACED,1046,8.281,
category,Poison Splat,https://www.vfxapprentice.com/products/hand-drawn-2d-fx-level-1/categories/2150627241,https://www.vfxapprentice.com/products/hand-drawn-2d-fx-level-1/categories/2150627235,Hand-Drawn 2D FX_ Level 1/Small 2D FX Animation Studies - Animation/Poison Splat/index.html,REPLACED,1050,6.568,
category,Dark Zap,https://www.vfxapprentice.com/products/hand-drawn-2d-fx-level-1/categories/2150627242,https://www.vfxapprentice.com/products/hand-drawn-2d-fx-level-1/categories/2150627235,Hand-Drawn 2D FX_ Level 1/Small 2D FX Animation Studies - Animation/Dark Zap/index.html,REPLACED,1034,8.616,
category,Bubbly Charm,https://www.vfxapprentice.com/products/hand-drawn-2d-fx-level-1/categories/2150627243,https://www.vfxapprentice.com/products/hand-drawn-2d-fx-level-1/categories/2150627235,Hand-Drawn 2D FX_ Level 1/Small 2D FX Animation Studies - Animation/Bubbly Charm/index.html,REPLACED,1050,6.322,
category,Cyber Tech Slash,https://www.vfxapprentice.com/products/hand-drawn-2d-fx-level-1/categories/2150627244,https://www.vfxapprentice.com/products/hand-drawn-2d-fx-level-1/categories/2150627235,Hand-Drawn 2D FX_ Level 1/Small 2D FX Animation Studies - Animation/Cyber Tech Slash/index.html,REPLACED,1066,8.826,
category,Review,https://www.vfxapprentice.com/products/hand-drawn-2d-fx-level-1/categories/2150659779,https://www.vfxapprentice.com/products/hand-drawn-2d-fx-level-1/categories/2150627235,Hand-Drawn 2D FX_ Level 1/Small 2D FX Animation Studies - Animation/Review/index.html,REPLACED,1026,8.798,
category,Water Fling,https://www.vfxapprentice.com/products/hand-drawn-2d-fx-level-1/categories/2150627658,https://www.vfxapprentice.com/products/hand-drawn-2d-fx-level-1/categories/2150627657,Hand-Drawn 2D FX_ Level 1/Medium 2D FX Animation Elemental Studies - Animation/Water Fling/index.html,REPLACED,1046,8.633,
category,Goo Orb,https://www.vfxapprentice.com/products/hand-drawn-2d-fx-level-1/categories/2150627660,https://www.vfxapprentice.com/products/hand-drawn-2d-fx-level-1/categories/2150627657,Hand-Drawn 2D FX_ Level 1/Medium 2D FX Animation Elemental Studies - Animation/Goo Orb/index.html,REPLACED,1030,6.224,
category,Spiral Smoke Poof,https://www.vfxapprentice.com/products/hand-drawn-2d-fx-level-1/categories/2150627661,https://www.vfxapprentice.com/products/hand-drawn-2d-fx-level-1/categories/2150627657,Hand-Drawn 2D FX_ Level 1/Medium 2D FX Animation Elemental Studies - Animation/Spiral Smoke Poof/index.html,REPLACED,1070,6.300,
category,Directional Fire,https://www.vfxapprentice.com/products/hand-drawn-2d-fx-level-1/categories/2150627663,https://www.vfxapprentice.com/products/hand-drawn-2d-fx-level-1/categories/2150627657,Hand-Drawn 2D FX_ Level 1/Medium 2D FX Animation Elemental Studies - Animation/Directional Fire/index.html,REPLACED,1066,6.146,
category,Heart Bubbles,https://www.vfxapprentice.com/products/hand-drawn-2d-fx-level-1/categories/2150627664,https://www.vfxapprentice.com/products/hand-drawn-2d-fx-level-1/categories/2150627657,Hand-Drawn 2D FX_ Level 1/Medium 2D FX Animation Elemental Studies - Animation/Heart Bubbles/index.html,REPLACED,1054,6.239,
category,Electric Burst,https://www.vfxapprentice.com/products/hand-drawn-2d-fx-level-1/categories/2150627666,https://www.vfxapprentice.com/products/hand-drawn-2d-fx-level-1/categories/2150627657,Hand-Drawn 2D FX_ Level 1/Medium 2D FX Animation Elemental Studies - Animation/Electric Burst/index.html,REPLACED,1058,6.118,
category,Review,https://www.vfxapprentice.com/products/hand-drawn-2d-fx-level-1/categories/2150659780,https://www.vfxapprentice.com/products/hand-drawn-2d-fx-level-1/categories/2150627657,Hand-Drawn 2D FX_ Level 1/Medium 2D FX Animation Elemental Studies - Animation/Review/index.html,REPLACED,1026,6.455,
post,You made it!,https://www.vfxapprentice.com/products/hand-drawn-2d-fx-level-1/categories/2150627694/posts/2158961252,https://www.vfxapprentice.com/products/hand-drawn-2d-fx-level-1/categories/2150627694,Hand-Drawn 2D FX_ Level 1/Level 1 ✅/You made it!.html,REPLACED,257146,6.648,
post,Anthea Zammit - Paintover,https://www.vfxapprentice.com/products/hand-drawn-2d-fx-level-2/categories/2150659854/posts/2165127362,https://www.vfxapprentice.com/products/hand-drawn-2d-fx-level-2/categories/2150659854,Hand-Drawn 2D FX_ Level 2/Paintover Series - Explained/Anthea Zammit - Paintover.html,REPLACED,150752,12.177,
post,Lesson Survey,https://www.vfxapprentice.com/products/hand-drawn-2d-fx-level-1/categories/2150627694/posts/2160626438,https://www.vfxapprentice.com/products/hand-drawn-2d-fx-level-1/categories/2150627694,Hand-Drawn 2D FX_ Level 1/Level 1 ✅/Lesson Survey.html,REPLACED,256513,16.525,
post,Luke Kimball - Paintover,https://www.vfxapprentice.com/products/hand-drawn-2d-fx-level-2/categories/2150659854/posts/2165127366,https://www.vfxapprentice.com/products/hand-drawn-2d-fx-level-2/categories/2150659854,Hand-Drawn 2D FX_ Level 2/Paintover Series - Explained/Luke Kimball - Paintover.html,REPLACED,151173,9.854,
post,Sandra Femenía  - Paintover,https://www.vfxapprentice.com/products/hand-drawn-2d-fx-level-2/categories/2150659854/posts/2165195631,https://www.vfxapprentice.com/products/hand-drawn-2d-fx-level-2/categories/2150659854,Hand-Drawn 2D FX_ Level 2/Paintover Series - Explained/Sandra Femenía  - Paintover.html,REPLACED,154036,9.290,
post,"Lee ""Zeph"" Parks - Paintover",https://www.vfxapprentice.com/products/hand-drawn-2d-fx-level-2/categories/2150659854/posts/2165301535,https://www.vfxapprentice.com/products/hand-drawn-2d-fx-level-2/categories/2150659854,Hand-Drawn 2D FX_ Level 2/Paintover Series - Explained/Lee _Zeph_ Parks - Paintover.html,REPLACED,158788,6.433,
product,Hand-Drawn 2D FX: Level 2,https://www.vfxapprentice.com/products/hand-drawn-2d-fx-level-2,https://www.vfxapprentice.com/library,Hand-Drawn 2D FX_ Level 2/index.html,REPLACED,933,624.933,
post,Ethan Wesley Maddix - Paintover,https://www.vfxapprentice.com/products/hand-drawn-2d-fx-level-2/categories/2150659854/posts/2165687614,https://www.vfxapprentice.com/products/hand-drawn-2d-fx-level-2/categories/2150659854,Hand-Drawn 2D FX_ Level 2/Paintover Series - Explained/Ethan Wesley Maddix - Paintover.html,REPLACED,151148,6.764,
post,Paintover Series Review,https://www.vfxapprentice.com/products/hand-drawn-2d-fx-level-2/categories/2150659854/posts/2159083981,https://www.vfxapprentice.com/products/hand-drawn-2d-fx-level-2/categories/2150659854,Hand-Drawn 2D FX_ Level 2/Paintover Series - Explained/Paintover Series Review.html,REPLACED,153465,7.981,
post,Animation and Post-Process Tracks Overview,https://www.vfxapprentice.com/products/hand-drawn-2d-fx-level-2/categories/2150659817/posts/2159083955,https://www.vfxapprentice.com/products/hand-drawn-2d-fx-level-2/categories/2150659817,Hand-Drawn 2D FX_ Level 2/Animation & Post-Process - Track Overview/Animation and Post-Process Tracks Overview.html,REPLACED,151752,7.930,
category,Toxic Avatar,https://www.vfxapprentice.com/products/hand-drawn-2d-fx-level-2/categories/2150659860,https://www.vfxapprentice.com/products/hand-drawn-2d-fx-level-2/categories/2150659858,Hand-Drawn 2D FX_ Level 2/Integrating FX With a Character - Animation/Toxic Avatar/index.html,REPLACED,1050,10.182,
category,Holy Avatar,https://www.vfxapprentice.com/products/hand-drawn-2d-fx-level-2/categories/2150659861,https://www.vfxapprentice.com/products/hand-drawn-2d-fx-level-2/categories/2150659858,Hand-Drawn 2D FX_ Level 2/Integrating FX With a Character - Animation/Holy Avatar/index.html,REPLACED,1046,6.899,
category,Wind Avatar,https://www.vfxapprentice.com/products/hand-drawn-2d-fx-level-2/categories/2150659862,https://www.vfxapprentice.com/products/hand-drawn-2d-fx-level-2/categories/2150659858,Hand-Drawn 2D FX_ Level 2/Integrating FX With a Character - Animation/Wind Avatar/index.html,REPLACED,1046,9.859,
category,Flame Avatar,https://www.vfxapprentice.com/products/hand-drawn-2d-fx-level-2/categories/2150659868,https://www.vfxapprentice.com/products/hand-drawn-2d-fx-level-2/categories/2150659858,Hand-Drawn 2D FX_ Level 2/Integrating FX With a Character - Animation/Flame Avatar/index.html,REPLACED,1050,7.057,
category,Electric Avatar,https://www.vfxapprentice.com/products/hand-drawn-2d-fx-level-2/categories/2150659869,https://www.vfxapprentice.com/products/hand-drawn-2d-fx-level-2/categories/2150659858,Hand-Drawn 2D FX_ Level 2/Integrating FX With a Character - Animation/Electric Avatar/index.html,REPLACED,1062,7.133,
category,Review,https://www.vfxapprentice.com/products/hand-drawn-2d-fx-level-2/categories/2150659871,https://www.vfxapprentice.com/products/hand-drawn-2d-fx-level-2/categories/2150659858,Hand-Drawn 2D FX_ Level 2/Integrating FX With a Character - Animation/Review/index.html,REPLACED,1026,8.445,
category,Intro to After Effects,https://www.vfxapprentice.com/products/hand-drawn-2d-fx-level-2/categories/2150660579,https://www.vfxapprentice.com/products/hand-drawn-2d-fx-level-2/categories/2150660577,Hand-Drawn 2D FX_ Level 2/Post-Process & Motion Graphics Track/Intro to After Effects/index.html,REPLACED,1090,10.128,
category,Text Pops & Wiggles,https://www.vfxapprentice.com/products/hand-drawn-2d-fx-level-2/categories/2150660580,https://www.vfxapprentice.com/products/hand-drawn-2d-fx-level-2/categories/2150660577,Hand-Drawn 2D FX_ Level 2/Post-Process & Motion Graphics Track/Text Pops & Wiggles/index.html,REPLACED,1078,10.639,
category,Card Shimmer,https://www.vfxapprentice.com/products/hand-drawn-2d-fx-level-2/categories/2150660582,https://www.vfxapprentice.com/products/hand-drawn-2d-fx-level-2/categories/2150660577,Hand-Drawn 2D FX_ Level 2/Post-Process & Motion Graphics Track/Card Shimmer/index.html,REPLACED,1050,7.338,
category,Heart Bubbles,https://www.vfxapprentice.com/products/hand-drawn-2d-fx-level-2/categories/2150660585,https://www.vfxapprentice.com/products/hand-drawn-2d-fx-level-2/categories/2150660577,Hand-Drawn 2D FX_ Level 2/Post-Process & Motion Graphics Track/Heart Bubbles/index.html,REPLACED,1054,9.435,
category,Goo Orb,https://www.vfxapprentice.com/products/hand-drawn-2d-fx-level-2/categories/2150660587,https://www.vfxapprentice.com/products/hand-drawn-2d-fx-level-2/categories/2150660577,Hand-Drawn 2D FX_ Level 2/Post-Process & Motion Graphics Track/Goo Orb/index.html,REPLACED,1030,11.551,
category,Directional Fire,https://www.vfxapprentice.com/products/hand-drawn-2d-fx-level-2/categories/2150660588,https://www.vfxapprentice.com/products/hand-drawn-2d-fx-level-2/categories/2150660577,Hand-Drawn 2D FX_ Level 2/Post-Process & Motion Graphics Track/Directional Fire/index.html,REPLACED,1066,10.089,
category,Spiral Smoke Poof,https://www.vfxapprentice.com/products/hand-drawn-2d-fx-level-2/categories/2150660591,https://www.vfxapprentice.com/products/hand-drawn-2d-fx-level-2/categories/2150660577,Hand-Drawn 2D FX_ Level 2/Post-Process & Motion Graphics Track/Spiral Smoke Poof/index.html,REPLACED,1070,7.328,
category,Wind Avatar,https://www.vfxapprentice.com/products/hand-drawn-2d-fx-level-2/categories/2150660592,https://www.vfxapprentice.com/products/hand-drawn-2d-fx-level-2/categories/2150660577,Hand-Drawn 2D FX_ Level 2/Post-Process & Motion Graphics Track/Wind Avatar/index.html,REPLACED,1046,7.013,
category,Flame Avatar,https://www.vfxapprentice.com/products/hand-drawn-2d-fx-level-2/categories/2150660589,https://www.vfxapprentice.com/products/hand-drawn-2d-fx-level-2/categories/2150660577,Hand-Drawn 2D FX_ Level 2/Post-Process & Motion Graphics Track/Flame Avatar/index.html,REPLACED,1050,11.194,
category,Holy Avatar,https://www.vfxapprentice.com/products/hand-drawn-2d-fx-level-2/categories/2150660595,https://www.vfxapprentice.com/products/hand-drawn-2d-fx-level-2/categories/2150660577,Hand-Drawn 2D FX_ Level 2/Post-Process & Motion Graphics Track/Holy Avatar/index.html,REPLACED,1046,11.534,
category,Toxic Avatar,https://www.vfxapprentice.com/products/hand-drawn-2d-fx-level-2/categories/2150660596,https://www.vfxapprentice.com/products/hand-drawn-2d-fx-level-2/categories/2150660577,Hand-Drawn 2D FX_ Level 2/Post-Process & Motion Graphics Track/Toxic Avatar/index.html,REPLACED,1050,14.841,
category,Electric Avatar,https://www.vfxapprentice.com/products/hand-drawn-2d-fx-level-2/categories/2150660597,https://www.vfxapprentice.com/products/hand-drawn-2d-fx-level-2/categories/2150660577,Hand-Drawn 2D FX_ Level 2/Post-Process & Motion Graphics Track/Electric Avatar/index.html,REPLACED,1062,17.647,
category,Review,https://www.vfxapprentice.com/products/hand-drawn-2d-fx-level-2/categories/2150660672,https://www.vfxapprentice.com/products/hand-drawn-2d-fx-level-2/categories/2150660577,Hand-Drawn 2D FX_ Level 2/Post-Process & Motion Graphics Track/Review/index.html,REPLACED,1026,16.365,
post,Intro,https://www.vfxapprentice.com/products/hand-drawn-2d-fx-level-2/categories/2152722227/posts/2166724701,https://www.vfxapprentice.com/products/hand-drawn-2d-fx-level-2/categories/2152722227,Hand-Drawn 2D FX_ Level 2/2D FX Meme Lab - Production Styles/Intro.html,REPLACED,153492,19.772,
post,TV Show: Head Fire,https://www.vfxapprentice.com/products/hand-drawn-2d-fx-level-2/categories/2152722227/posts/2166724709,https://www.vfxapprentice.com/products/hand-drawn-2d-fx-level-2/categories/2152722227,Hand-Drawn 2D FX_ Level 2/2D FX Meme Lab - Production Styles/TV Show_ Head Fire.html,REPLACED,151865,17.017,
product,Hand-Drawn 2D FX: Level 1,https://www.vfxapprentice.com/products/hand-drawn-2d-fx-level-1,https://www.vfxapprentice.com/library,Hand-Drawn 2D FX_ Level 1/index.html,REPLACED,933,733.026,
post,TV Show: Explosion,https://www.vfxapprentice.com/products/hand-drawn-2d-fx-level-2/categories/2152722227/posts/2166724713,https://www.vfxapprentice.com/products/hand-drawn-2d-fx-level-2/categories/2152722227,Hand-Drawn 2D FX_ Level 2/2D FX Meme Lab - Production Styles/TV Show_ Explosion.html,REPLACED,151181,7.244,
post,High-Budget Fire,https://www.vfxapprentice.com/products/hand-drawn-2d-fx-level-2/categories/2152722227/posts/2166724720,https://www.vfxapprentice.com/products/hand-drawn-2d-fx-level-2/categories/2152722227,Hand-Drawn 2D FX_ Level 2/2D FX Meme Lab - Production Styles/High-Budget Fire.html,REPLACED,151160,12.935,
post,Summary,https://www.vfxapprentice.com/products/hand-drawn-2d-fx-level-2/categories/2152722227/posts/2166724721,https://www.vfxapprentice.com/products/hand-drawn-2d-fx-level-2/categories/2152722227,Hand-Drawn 2D FX_ Level 2/2D FX Meme Lab - Production Styles/Summary.html,REPLACED,150439,14.089,
post,Polish and Closure,https://www.vfxapprentice.com/products/hand-drawn-2d-fx-level-2/categories/2152722227/posts/2166724722,https://www.vfxapprentice.com/products/hand-drawn-2d-fx-level-2/categories/2152722227,Hand-Drawn 2D FX_ Level 2/2D FX Meme Lab - Production Styles/Polish and Closure.html,REPLACED,150509,13.542,
category,FX Logo Animation,https://www.vfxapprentice.com/products/hand-drawn-2d-fx-level-2/categories/2150660022,https://www.vfxapprentice.com/products/hand-drawn-2d-fx-level-2/categories/2150660021,Hand-Drawn 2D FX_ Level 2/Complex 2D FX Composition Studies - Animation/FX Logo Animation/index.html,REPLACED,1070,12.572,
category,Explosion Masterclass,https://www.vfxapprentice.com/products/hand-drawn-2d-fx-level-2/categories/2150660027,https://www.vfxapprentice.com/products/hand-drawn-2d-fx-level-2/categories/2150660021,Hand-Drawn 2D FX_ Level 2/Complex 2D FX Composition Studies - Animation/Explosion Masterclass/index.html,REPLACED,1086,15.977,
category,Ignited - 2D FX Production,https://www.vfxapprentice.com/products/hand-drawn-2d-fx-level-2/categories/2153161526,https://www.vfxapprentice.com/products/hand-drawn-2d-fx-level-2/categories/2150660021,Hand-Drawn 2D FX_ Level 2/Complex 2D FX Composition Studies - Animation/Ignited - 2D FX Production/index.html,REPLACED,1106,15.658,
category,Review,https://www.vfxapprentice.com/products/hand-drawn-2d-fx-level-2/categories/2150660263,https://www.vfxapprentice.com/products/hand-drawn-2d-fx-level-2/categories/2150660021,Hand-Drawn 2D FX_ Level 2/Complex 2D FX Composition Studies - Animation/Review/index.html,REPLACED,1026,12.625,
post,Great job!,https://www.vfxapprentice.com/products/hand-drawn-2d-fx-level-2/categories/2150660705/posts/2159086665,https://www.vfxapprentice.com/products/hand-drawn-2d-fx-level-2/categories/2150660705,Hand-Drawn 2D FX_ Level 2/Level 2 ✅/Great job!.html,REPLACED,148847,12.961,
post,Lesson Survey,https://www.vfxapprentice.com/products/hand-drawn-2d-fx-level-2/categories/2150660705/posts/2160626501,https://www.vfxapprentice.com/products/hand-drawn-2d-fx-level-2/categories/2150660705,Hand-Drawn 2D FX_ Level 2/Level 2 ✅/Lesson Survey.html,REPLACED,148236,26.991,
category,Introduction & Game Development,https://www.vfxapprentice.com/products/hand-crafted-3d-vfx-level-1/categories/2154198428,https://www.vfxapprentice.com/products/hand-crafted-3d-vfx-level-1/categories/2154198343,Hand-Crafted 3D VFX_ Level 1/Beginner Guide to VFX/Introduction & Game Development/index.html,REPLACED,1126,16.154,
category,"Gameplay, Engines, Platforms",https://www.vfxapprentice.com/products/hand-crafted-3d-vfx-level-1/categories/2154198483,https://www.vfxapprentice.com/products/hand-crafted-3d-vfx-level-1/categories/2154198343,"Hand-Crafted 3D VFX_ Level 1/Beginner Guide to VFX/Gameplay, Engines, Platforms/index.html",REPLACED,1114,8.309,
post,Project Download,https://www.vfxapprentice.com/products/hand-crafted-3d-vfx-level-1/categories/2151531435/posts/2160740828,https://www.vfxapprentice.com/products/hand-crafted-3d-vfx-level-1/categories/2151531435,Hand-Crafted 3D VFX_ Level 1/Project - Download/Project Download.html,REPLACED,232226,48.753,
post,Budget Shot,https://www.vfxapprentice.com/products/hand-drawn-2d-fx-level-2/categories/2152722227/posts/2166724703,https://www.vfxapprentice.com/products/hand-drawn-2d-fx-level-2/categories/2152722227,Hand-Drawn 2D FX_ Level 2/2D FX Meme Lab - Production Styles/Budget Shot.html,REPLACED,153599,152.108,
post,TV Show: Low Fire,https://www.vfxapprentice.com/products/hand-drawn-2d-fx-level-2/categories/2152722227/posts/2166724706,https://www.vfxapprentice.com/products/hand-drawn-2d-fx-level-2/categories/2152722227,Hand-Drawn 2D FX_ Level 2/2D FX Meme Lab - Production Styles/TV Show_ Low Fire.html,REPLACED,151864,150.095,
category,VFX Terminology & Process,https://www.vfxapprentice.com/products/hand-crafted-3d-vfx-level-1/categories/2154198485,https://www.vfxapprentice.com/products/hand-crafted-3d-vfx-level-1/categories/2154198343,Hand-Crafted 3D VFX_ Level 1/Beginner Guide to VFX/VFX Terminology & Process/index.html,REPLACED,1102,27.213,
category,Next Steps,https://www.vfxapprentice.com/products/hand-crafted-3d-vfx-level-1/categories/2154198488,https://www.vfxapprentice.com/products/hand-crafted-3d-vfx-level-1/categories/2154198343,Hand-Crafted 3D VFX_ Level 1/Beginner Guide to VFX/Next Steps/index.html,REPLACED,1042,26.925,
post,Hit Impact,https://www.vfxapprentice.com/products/hand-crafted-3d-vfx-level-1/categories/2150605434/posts/2162913365,https://www.vfxapprentice.com/products/hand-crafted-3d-vfx-level-1/categories/2150605434,Hand-Crafted 3D VFX_ Level 1/Block-in VFX - Unity/Hit Impact.html,REPLACED,234722,46.745,
post,Intro to Unity: Fire,https://www.vfxapprentice.com/products/hand-crafted-3d-vfx-level-1/categories/2150605434/posts/2162913361,https://www.vfxapprentice.com/products/hand-crafted-3d-vfx-level-1/categories/2150605434,Hand-Crafted 3D VFX_ Level 1/Block-in VFX - Unity/Intro to Unity_ Fire.html,REPLACED,236948,46.758,
post,Explosion,https://www.vfxapprentice.com/products/hand-crafted-3d-vfx-level-1/categories/2150605434/posts/2163552123,https://www.vfxapprentice.com/products/hand-crafted-3d-vfx-level-1/categories/2150605434,Hand-Crafted 3D VFX_ Level 1/Block-in VFX - Unity/Explosion.html,REPLACED,238664,30.090,
post,Healing Loop,https://www.vfxapprentice.com/products/hand-crafted-3d-vfx-level-1/categories/2150605434/posts/2162913370,https://www.vfxapprentice.com/products/hand-crafted-3d-vfx-level-1/categories/2150605434,Hand-Crafted 3D VFX_ Level 1/Block-in VFX - Unity/Healing Loop.html,REPLACED,234015,30.552,
post,Intro to Niagara: Fire,https://www.vfxapprentice.com/products/hand-crafted-3d-vfx-level-1/categories/2150605378/posts/2158878419,https://www.vfxapprentice.com/products/hand-crafted-3d-vfx-level-1/categories/2150605378,Hand-Crafted 3D VFX_ Level 1/Niagara Block-in VFX - Unreal 5/Intro to Niagara_ Fire.html,REPLACED,238365,144.133,
post,Item Aura & Visual Hierarchy,https://www.vfxapprentice.com/products/hand-crafted-3d-vfx-level-1/categories/2150605378/posts/2158878432,https://www.vfxapprentice.com/products/hand-crafted-3d-vfx-level-1/categories/2150605378,Hand-Crafted 3D VFX_ Level 1/Niagara Block-in VFX - Unreal 5/Item Aura & Visual Hierarchy.html,REPLACED,241718,6.454,
post,Tech & Tools,https://www.vfxapprentice.com/products/hand-crafted-3d-vfx-level-1/categories/2150605378/posts/2162581548,https://www.vfxapprentice.com/products/hand-crafted-3d-vfx-level-1/categories/2150605378,Hand-Crafted 3D VFX_ Level 1/Niagara Block-in VFX - Unreal 5/Tech & Tools.html,REPLACED,237809,6.285,
post,Block-in Overview,https://www.vfxapprentice.com/products/hand-crafted-3d-vfx-level-1/categories/2150605378/posts/2162581558,https://www.vfxapprentice.com/products/hand-crafted-3d-vfx-level-1/categories/2150605378,Hand-Crafted 3D VFX_ Level 1/Niagara Block-in VFX - Unreal 5/Block-in Overview.html,REPLACED,223810,9.814,
post,Damage Impact - Timing & Punch,https://www.vfxapprentice.com/products/hand-crafted-3d-vfx-level-1/categories/2150605378/posts/2158878433,https://www.vfxapprentice.com/products/hand-crafted-3d-vfx-level-1/categories/2150605378,Hand-Crafted 3D VFX_ Level 1/Niagara Block-in VFX - Unreal 5/Damage Impact - Timing & Punch.html,REPLACED,229060,6.268,
post,Heal Impacts - Arcs & Ease In/Out,https://www.vfxapprentice.com/products/hand-crafted-3d-vfx-level-1/categories/2150605378/posts/2158878434,https://www.vfxapprentice.com/products/hand-crafted-3d-vfx-level-1/categories/2150605378,Hand-Crafted 3D VFX_ Level 1/Niagara Block-in VFX - Unreal 5/Heal Impacts - Arcs & Ease In_Out.html,REPLACED,235944,6.277,
post,Missile Wind-up & Impact,https://www.vfxapprentice.com/products/hand-crafted-3d-vfx-level-1/categories/2150605378/posts/2158878435,https://www.vfxapprentice.com/products/hand-crafted-3d-vfx-level-1/categories/2150605378,Hand-Crafted 3D VFX_ Level 1/Niagara Block-in VFX - Unreal 5/Missile Wind-up & Impact.html,REPLACED,233808,6.409,
post,Sequencer Addendum - Projectile Setup for Games,https://www.vfxapprentice.com/products/hand-crafted-3d-vfx-level-1/categories/2150605378/posts/2162581574,https://www.vfxapprentice.com/products/hand-crafted-3d-vfx-level-1/categories/2150605378,Hand-Crafted 3D VFX_ Level 1/Niagara Block-in VFX - Unreal 5/Sequencer Addendum - Projectile Setup for Games.html,REPLACED,237220,6.267,
post,"Explosion AoE - Anticipation, Impulse, & Rhythm",https://www.vfxapprentice.com/products/hand-crafted-3d-vfx-level-1/categories/2150605378/posts/2158878449,https://www.vfxapprentice.com/products/hand-crafted-3d-vfx-level-1/categories/2150605378,"Hand-Crafted 3D VFX_ Level 1/Niagara Block-in VFX - Unreal 5/Explosion AoE - Anticipation, Impulse, & Rhythm.html",REPLACED,234390,9.983,
post,Niagara Review,https://www.vfxapprentice.com/products/hand-crafted-3d-vfx-level-1/categories/2150605378/posts/2159191397,https://www.vfxapprentice.com/products/hand-crafted-3d-vfx-level-1/categories/2150605378,Hand-Crafted 3D VFX_ Level 1/Niagara Block-in VFX - Unreal 5/Niagara Review.html,REPLACED,231880,6.263,
post,Intro & RGB Color Wheel,https://www.vfxapprentice.com/products/hand-crafted-3d-vfx-level-1/categories/2150605426/posts/2158878594,https://www.vfxapprentice.com/products/hand-crafted-3d-vfx-level-1/categories/2150605426,Hand-Crafted 3D VFX_ Level 1/Color Theory for VFX/Intro & RGB Color Wheel.html,REPLACED,223378,6.363,
post,Color Value,https://www.vfxapprentice.com/products/hand-crafted-3d-vfx-level-1/categories/2150605426/posts/2158878596,https://www.vfxapprentice.com/products/hand-crafted-3d-vfx-level-1/categories/2150605426,Hand-Crafted 3D VFX_ Level 1/Color Theory for VFX/Color Value.html,REPLACED,230725,3.040,
post,Saturation & Hue,https://www.vfxapprentice.com/products/hand-crafted-3d-vfx-level-1/categories/2150605426/posts/2158878597,https://www.vfxapprentice.com/products/hand-crafted-3d-vfx-level-1/categories/2150605426,Hand-Crafted 3D VFX_ Level 1/Color Theory for VFX/Saturation & Hue.html,REPLACED,227735,9.029,
post,Temperature & Palettes,https://www.vfxapprentice.com/products/hand-crafted-3d-vfx-level-1/categories/2150605426/posts/2158878599,https://www.vfxapprentice.com/products/hand-crafted-3d-vfx-level-1/categories/2150605426,Hand-Crafted 3D VFX_ Level 1/Color Theory for VFX/Temperature & Palettes.html,REPLACED,228622,6.230,
post,Addition,https://www.vfxapprentice.com/products/hand-crafted-3d-vfx-level-1/categories/2150605426/posts/2158878601,https://www.vfxapprentice.com/products/hand-crafted-3d-vfx-level-1/categories/2150605426,Hand-Crafted 3D VFX_ Level 1/Color Theory for VFX/Addition.html,REPLACED,231127,6.254,
post,Restraint & Readability,https://www.vfxapprentice.com/products/hand-crafted-3d-vfx-level-1/categories/2150605426/posts/2158878603,https://www.vfxapprentice.com/products/hand-crafted-3d-vfx-level-1/categories/2150605426,Hand-Crafted 3D VFX_ Level 1/Color Theory for VFX/Restraint & Readability.html,REPLACED,234006,6.258,
post,Intro to Krita,https://www.vfxapprentice.com/products/hand-crafted-3d-vfx-level-1/categories/2150605474/posts/2158878644,https://www.vfxapprentice.com/products/hand-crafted-3d-vfx-level-1/categories/2150605474,Hand-Crafted 3D VFX_ Level 1/Intro to Hand-Painted Textures - Krita/Intro to Krita.html,REPLACED,237477,9.927,
post,Impact Flair,https://www.vfxapprentice.com/products/hand-crafted-3d-vfx-level-1/categories/2150605474/posts/2158878645,https://www.vfxapprentice.com/products/hand-crafted-3d-vfx-level-1/categories/2150605474,Hand-Crafted 3D VFX_ Level 1/Intro to Hand-Painted Textures - Krita/Impact Flair.html,REPLACED,241202,10.123,
post,Ring,https://www.vfxapprentice.com/products/hand-crafted-3d-vfx-level-1/categories/2150605474/posts/2158878646,https://www.vfxapprentice.com/products/hand-crafted-3d-vfx-level-1/categories/2150605474,Hand-Crafted 3D VFX_ Level 1/Intro to Hand-Painted Textures - Krita/Ring.html,REPLACED,233063,6.331,
post,Embers Sprite Sheet,https://www.vfxapprentice.com/products/hand-crafted-3d-vfx-level-1/categories/2150605474/posts/2158878647,https://www.vfxapprentice.com/products/hand-crafted-3d-vfx-level-1/categories/2150605474,Hand-Crafted 3D VFX_ Level 1/Intro to Hand-Painted Textures - Krita/Embers Sprite Sheet.html,REPLACED,235727,6.270,
post,Zap Sprite Sheet,https://www.vfxapprentice.com/products/hand-crafted-3d-vfx-level-1/categories/2150605474/posts/2158878648,https://www.vfxapprentice.com/products/hand-crafted-3d-vfx-level-1/categories/2150605474,Hand-Crafted 3D VFX_ Level 1/Intro to Hand-Painted Textures - Krita/Zap Sprite Sheet.html,REPLACED,226903,6.227,
post,Wisp Sprite Sheet,https://www.vfxapprentice.com/products/hand-crafted-3d-vfx-level-1/categories/2150605474/posts/2158878649,https://www.vfxapprentice.com/products/hand-crafted-3d-vfx-level-1/categories/2150605474,Hand-Crafted 3D VFX_ Level 1/Intro to Hand-Painted Textures - Krita/Wisp Sprite Sheet.html,REPLACED,235796,6.284,
post,Liquid Splatter,https://www.vfxapprentice.com/products/hand-crafted-3d-vfx-level-1/categories/2150605474/posts/2158878651,https://www.vfxapprentice.com/products/hand-crafted-3d-vfx-level-1/categories/2150605474,Hand-Crafted 3D VFX_ Level 1/Intro to Hand-Painted Textures - Krita/Liquid Splatter.html,REPLACED,230215,9.967,
post,Tiling Noise,https://www.vfxapprentice.com/products/hand-crafted-3d-vfx-level-1/categories/2150605474/posts/2158878652,https://www.vfxapprentice.com/products/hand-crafted-3d-vfx-level-1/categories/2150605474,Hand-Crafted 3D VFX_ Level 1/Intro to Hand-Painted Textures - Krita/Tiling Noise.html,REPLACED,230604,6.291,
post,Tiling Trail,https://www.vfxapprentice.com/products/hand-crafted-3d-vfx-level-1/categories/2150605474/posts/2158878653,https://www.vfxapprentice.com/products/hand-crafted-3d-vfx-level-1/categories/2150605474,Hand-Crafted 3D VFX_ Level 1/Intro to Hand-Painted Textures - Krita/Tiling Trail.html,REPLACED,234146,6.222,
post,Hand Painted Textures Review,https://www.vfxapprentice.com/products/hand-crafted-3d-vfx-level-1/categories/2150605474/posts/2159191545,https://www.vfxapprentice.com/products/hand-crafted-3d-vfx-level-1/categories/2150605474,Hand-Crafted 3D VFX_ Level 1/Intro to Hand-Painted Textures - Krita/Hand Painted Textures Review.html,REPLACED,222336,8.733,
post,Missile,https://www.vfxapprentice.com/products/hand-crafted-3d-vfx-level-1/categories/2150605434/posts/2163669309,https://www.vfxapprentice.com/products/hand-crafted-3d-vfx-level-1/categories/2150605434,Hand-Crafted 3D VFX_ Level 1/Block-in VFX - Unity/Missile.html,REPLACED,232163,331.387,
post,Missile - Timeline Setup,https://www.vfxapprentice.com/products/hand-crafted-3d-vfx-level-1/categories/2150605434/posts/2163669313,https://www.vfxapprentice.com/products/hand-crafted-3d-vfx-level-1/categories/2150605434,Hand-Crafted 3D VFX_ Level 1/Block-in VFX - Unity/Missile - Timeline Setup.html,REPLACED,234501,331.508,
post,Unity Introduction Review,https://www.vfxapprentice.com/products/hand-crafted-3d-vfx-level-1/categories/2150605434/posts/2159191363,https://www.vfxapprentice.com/products/hand-crafted-3d-vfx-level-1/categories/2150605434,Hand-Crafted 3D VFX_ Level 1/Block-in VFX - Unity/Unity Introduction Review.html,REPLACED,228252,333.925,
post,Intro to Procedural Thinking,https://www.vfxapprentice.com/products/hand-crafted-3d-vfx-level-1/categories/2153470807/posts/2170057074,https://www.vfxapprentice.com/products/hand-crafted-3d-vfx-level-1/categories/2153470807,Hand-Crafted 3D VFX_ Level 1/Intro to Procedural Textures - Substance Designer/Intro to Procedural Thinking.html,REPLACED,229468,13.981,
post,Intro to Substance Designer - Fuzzball,https://www.vfxapprentice.com/products/hand-crafted-3d-vfx-level-1/categories/2153470807/posts/2170057080,https://www.vfxapprentice.com/products/hand-crafted-3d-vfx-level-1/categories/2153470807,Hand-Crafted 3D VFX_ Level 1/Intro to Procedural Textures - Substance Designer/Intro to Substance Designer - Fuzzball.html,REPLACED,230428,29.533,
post,Lens Flare,https://www.vfxapprentice.com/products/hand-crafted-3d-vfx-level-1/categories/2153470807/posts/2170057086,https://www.vfxapprentice.com/products/hand-crafted-3d-vfx-level-1/categories/2153470807,Hand-Crafted 3D VFX_ Level 1/Intro to Procedural Textures - Substance Designer/Lens Flare.html,REPLACED,230109,32.944,
post,Ringburst,https://www.vfxapprentice.com/products/hand-crafted-3d-vfx-level-1/categories/2153470807/posts/2170057088,https://www.vfxapprentice.com/products/hand-crafted-3d-vfx-level-1/categories/2153470807,Hand-Crafted 3D VFX_ Level 1/Intro to Procedural Textures - Substance Designer/Ringburst.html,REPLACED,232790,42.372,
post,Embers - Spritesheet,https://www.vfxapprentice.com/products/hand-crafted-3d-vfx-level-1/categories/2153470807/posts/2170874868,https://www.vfxapprentice.com/products/hand-crafted-3d-vfx-level-1/categories/2153470807,Hand-Crafted 3D VFX_ Level 1/Intro to Procedural Textures - Substance Designer/Embers - Spritesheet.html,REPLACED,231752,40.949,
post,Wisps - Spritesheet,https://www.vfxapprentice.com/products/hand-crafted-3d-vfx-level-1/categories/2153470807/posts/2170940649,https://www.vfxapprentice.com/products/hand-crafted-3d-vfx-level-1/categories/2153470807,Hand-Crafted 3D VFX_ Level 1/Intro to Procedural Textures - Substance Designer/Wisps - Spritesheet.html,REPLACED,232058,27.951,
post,Lightning - Spritesheet,https://www.vfxapprentice.com/products/hand-crafted-3d-vfx-level-1/categories/2153470807/posts/2170905389,https://www.vfxapprentice.com/products/hand-crafted-3d-vfx-level-1/categories/2153470807,Hand-Crafted 3D VFX_ Level 1/Intro to Procedural Textures - Substance Designer/Lightning - Spritesheet.html,REPLACED,237392,33.415,
post,Splash,https://www.vfxapprentice.com/products/hand-crafted-3d-vfx-level-1/categories/2153470807/posts/2171676560,https://www.vfxapprentice.com/products/hand-crafted-3d-vfx-level-1/categories/2153470807,Hand-Crafted 3D VFX_ Level 1/Intro to Procedural Textures - Substance Designer/Splash.html,REPLACED,226715,29.308,
post,Intro to Blender,https://www.vfxapprentice.com/products/hand-crafted-3d-vfx-level-1/categories/2150605507/posts/2158878737,https://www.vfxapprentice.com/products/hand-crafted-3d-vfx-level-1/categories/2150605507,Hand-Crafted 3D VFX_ Level 1/Intro to Modeling for VFX - Blender & Maya/Intro to Blender.html,REPLACED,230086,67.600,
post,Dome & Tapered Cylinder,https://www.vfxapprentice.com/products/hand-crafted-3d-vfx-level-1/categories/2150605507/posts/2158878739,https://www.vfxapprentice.com/products/hand-crafted-3d-vfx-level-1/categories/2150605507,Hand-Crafted 3D VFX_ Level 1/Intro to Modeling for VFX - Blender & Maya/Dome & Tapered Cylinder.html,REPLACED,228519,6.155,
post,UVs in Blender,https://www.vfxapprentice.com/products/hand-crafted-3d-vfx-level-1/categories/2150605507/posts/2158878741,https://www.vfxapprentice.com/products/hand-crafted-3d-vfx-level-1/categories/2150605507,Hand-Crafted 3D VFX_ Level 1/Intro to Modeling for VFX - Blender & Maya/UVs in Blender.html,REPLACED,232485,6.413,
post,Vertex Colors,https://www.vfxapprentice.com/products/hand-crafted-3d-vfx-level-1/categories/2150605507/posts/2158878742,https://www.vfxapprentice.com/products/hand-crafted-3d-vfx-level-1/categories/2150605507,Hand-Crafted 3D VFX_ Level 1/Intro to Modeling for VFX - Blender & Maya/Vertex Colors.html,REPLACED,232269,6.170,
post,Modifiers,https://www.vfxapprentice.com/products/hand-crafted-3d-vfx-level-1/categories/2150605507/posts/2158878743,https://www.vfxapprentice.com/products/hand-crafted-3d-vfx-level-1/categories/2150605507,Hand-Crafted 3D VFX_ Level 1/Intro to Modeling for VFX - Blender & Maya/Modifiers.html,REPLACED,231146,6.282,
post,"Rings, Swipes, & Soulercoasters",https://www.vfxapprentice.com/products/hand-crafted-3d-vfx-level-1/categories/2150605507/posts/2158878745,https://www.vfxapprentice.com/products/hand-crafted-3d-vfx-level-1/categories/2150605507,"Hand-Crafted 3D VFX_ Level 1/Intro to Modeling for VFX - Blender & Maya/Rings, Swipes, & Soulercoasters.html",REPLACED,228808,6.270,
post,Waterfall,https://www.vfxapprentice.com/products/hand-crafted-3d-vfx-level-1/categories/2150605507/posts/2161408083,https://www.vfxapprentice.com/products/hand-crafted-3d-vfx-level-1/categories/2150605507,Hand-Crafted 3D VFX_ Level 1/Intro to Modeling for VFX - Blender & Maya/Waterfall.html,REPLACED,239598,7.295,
post,Maya Basics,https://www.vfxapprentice.com/products/hand-crafted-3d-vfx-level-1/categories/2150605507/posts/2163766183,https://www.vfxapprentice.com/products/hand-crafted-3d-vfx-level-1/categories/2150605507,Hand-Crafted 3D VFX_ Level 1/Intro to Modeling for VFX - Blender & Maya/Maya Basics.html,REPLACED,223747,14.919,
post,Modeling Review,https://www.vfxapprentice.com/products/hand-crafted-3d-vfx-level-1/categories/2150605507/posts/2159191554,https://www.vfxapprentice.com/products/hand-crafted-3d-vfx-level-1/categories/2150605507,Hand-Crafted 3D VFX_ Level 1/Intro to Modeling for VFX - Blender & Maya/Modeling Review.html,REPLACED,231854,7.008,
post,Tiling Trail,https://www.vfxapprentice.com/products/hand-crafted-3d-vfx-level-1/categories/2153470807/posts/2171676518,https://www.vfxapprentice.com/products/hand-crafted-3d-vfx-level-1/categories/2153470807,Hand-Crafted 3D VFX_ Level 1/Intro to Procedural Textures - Substance Designer/Tiling Trail.html,REPLACED,230141,144.697,
post,Intro - Course Overview,https://www.vfxapprentice.com/products/hand-crafted-3d-vfx-level-1/categories/2153219613/posts/2169057659,https://www.vfxapprentice.com/products/hand-crafted-3d-vfx-level-1/categories/2153219613,Hand-Crafted 3D VFX_ Level 1/Intro to Shaders - Unity/Intro - Course Overview.html,REPLACED,226688,14.781,
post,How Do Shaders Work?,https://www.vfxapprentice.com/products/hand-crafted-3d-vfx-level-1/categories/2153219613/posts/2169057662,https://www.vfxapprentice.com/products/hand-crafted-3d-vfx-level-1/categories/2153219613,Hand-Crafted 3D VFX_ Level 1/Intro to Shaders - Unity/How Do Shaders Work_.html,REPLACED,227172,16.994,
post,Node-based Shader Interface,https://www.vfxapprentice.com/products/hand-crafted-3d-vfx-level-1/categories/2153219613/posts/2169057666,https://www.vfxapprentice.com/products/hand-crafted-3d-vfx-level-1/categories/2153219613,Hand-Crafted 3D VFX_ Level 1/Intro to Shaders - Unity/Node-based Shader Interface.html,REPLACED,223931,19.586,
post,Vector UVs - Texture Sampling,https://www.vfxapprentice.com/products/hand-crafted-3d-vfx-level-1/categories/2153219613/posts/2169057669,https://www.vfxapprentice.com/products/hand-crafted-3d-vfx-level-1/categories/2153219613,Hand-Crafted 3D VFX_ Level 1/Intro to Shaders - Unity/Vector UVs - Texture Sampling.html,REPLACED,223388,27.064,
post,Adding & Panning,https://www.vfxapprentice.com/products/hand-crafted-3d-vfx-level-1/categories/2153219613/posts/2169057671,https://www.vfxapprentice.com/products/hand-crafted-3d-vfx-level-1/categories/2153219613,Hand-Crafted 3D VFX_ Level 1/Intro to Shaders - Unity/Adding & Panning.html,REPLACED,223387,16.126,
post,Ground Crack,https://www.vfxapprentice.com/products/hand-crafted-3d-vfx-level-1/categories/2153470807/posts/2171676521,https://www.vfxapprentice.com/products/hand-crafted-3d-vfx-level-1/categories/2153470807,Hand-Crafted 3D VFX_ Level 1/Intro to Procedural Textures - Substance Designer/Ground Crack.html,REPLACED,235648,197.155,
post,Tiling Noise,https://www.vfxapprentice.com/products/hand-crafted-3d-vfx-level-1/categories/2153470807/posts/2171676514,https://www.vfxapprentice.com/products/hand-crafted-3d-vfx-level-1/categories/2153470807,Hand-Crafted 3D VFX_ Level 1/Intro to Procedural Textures - Substance Designer/Tiling Noise.html,REPLACED,226044,207.458,
post,Multiply & Scaling,https://www.vfxapprentice.com/products/hand-crafted-3d-vfx-level-1/categories/2153219613/posts/2169057673,https://www.vfxapprentice.com/products/hand-crafted-3d-vfx-level-1/categories/2153219613,Hand-Crafted 3D VFX_ Level 1/Intro to Shaders - Unity/Multiply & Scaling.html,REPLACED,223596,18.615,
post,Combining Textures,https://www.vfxapprentice.com/products/hand-crafted-3d-vfx-level-1/categories/2153219613/posts/2169057677,https://www.vfxapprentice.com/products/hand-crafted-3d-vfx-level-1/categories/2153219613,Hand-Crafted 3D VFX_ Level 1/Intro to Shaders - Unity/Combining Textures.html,REPLACED,227452,29.260,
post,"Step, Smoothstep & Dissolve",https://www.vfxapprentice.com/products/hand-crafted-3d-vfx-level-1/categories/2153219613/posts/2169057680,https://www.vfxapprentice.com/products/hand-crafted-3d-vfx-level-1/categories/2153219613,"Hand-Crafted 3D VFX_ Level 1/Intro to Shaders - Unity/Step, Smoothstep & Dissolve.html",REPLACED,228660,29.269,
post,Distortion,https://www.vfxapprentice.com/products/hand-crafted-3d-vfx-level-1/categories/2153219613/posts/2169057684,https://www.vfxapprentice.com/products/hand-crafted-3d-vfx-level-1/categories/2153219613,Hand-Crafted 3D VFX_ Level 1/Intro to Shaders - Unity/Distortion.html,REPLACED,227342,19.611,
post,Creating a Full Shader,https://www.vfxapprentice.com/products/hand-crafted-3d-vfx-level-1/categories/2153219613/posts/2169057689,https://www.vfxapprentice.com/products/hand-crafted-3d-vfx-level-1/categories/2153219613,Hand-Crafted 3D VFX_ Level 1/Intro to Shaders - Unity/Creating a Full Shader.html,REPLACED,229669,20.282,
post,Surface Direction Fresnel,https://www.vfxapprentice.com/products/hand-crafted-3d-vfx-level-1/categories/2153219613/posts/2169057788,https://www.vfxapprentice.com/products/hand-crafted-3d-vfx-level-1/categories/2153219613,Hand-Crafted 3D VFX_ Level 1/Intro to Shaders - Unity/Surface Direction Fresnel.html,REPLACED,224251,13.763,
post,Properties & Shader Variants,https://www.vfxapprentice.com/products/hand-crafted-3d-vfx-level-1/categories/2153219613/posts/2169057780,https://www.vfxapprentice.com/products/hand-crafted-3d-vfx-level-1/categories/2153219613,Hand-Crafted 3D VFX_ Level 1/Intro to Shaders - Unity/Properties & Shader Variants.html,REPLACED,230260,14.846,
post,Using Positions & Distance,https://www.vfxapprentice.com/products/hand-crafted-3d-vfx-level-1/categories/2153219613/posts/2169057791,https://www.vfxapprentice.com/products/hand-crafted-3d-vfx-level-1/categories/2153219613,Hand-Crafted 3D VFX_ Level 1/Intro to Shaders - Unity/Using Positions & Distance.html,REPLACED,227459,14.106,
post,Adjusting Texture Intensity,https://www.vfxapprentice.com/products/hand-crafted-3d-vfx-level-1/categories/2153219613/posts/2169057674,https://www.vfxapprentice.com/products/hand-crafted-3d-vfx-level-1/categories/2153219613,Hand-Crafted 3D VFX_ Level 1/Intro to Shaders - Unity/Adjusting Texture Intensity.html,REPLACED,223931,83.128,
post,Vertex Offset,https://www.vfxapprentice.com/products/hand-crafted-3d-vfx-level-1/categories/2153219613/posts/2169057852,https://www.vfxapprentice.com/products/hand-crafted-3d-vfx-level-1/categories/2153219613,Hand-Crafted 3D VFX_ Level 1/Intro to Shaders - Unity/Vertex Offset.html,REPLACED,224467,16.549,
post,Review,https://www.vfxapprentice.com/products/hand-crafted-3d-vfx-level-1/categories/2153219613/posts/2169419767,https://www.vfxapprentice.com/products/hand-crafted-3d-vfx-level-1/categories/2153219613,Hand-Crafted 3D VFX_ Level 1/Intro to Shaders - Unity/Review.html,REPLACED,231276,14.439,
post,Shaders & Particle System,https://www.vfxapprentice.com/products/hand-crafted-3d-vfx-level-1/categories/2153219613/posts/2169057857,https://www.vfxapprentice.com/products/hand-crafted-3d-vfx-level-1/categories/2153219613,Hand-Crafted 3D VFX_ Level 1/Intro to Shaders - Unity/Shaders & Particle System.html,REPLACED,228271,20.762,
post,Intro & Overview,https://www.vfxapprentice.com/products/hand-crafted-3d-vfx-level-1/categories/2150605515/posts/2160809549,https://www.vfxapprentice.com/products/hand-crafted-3d-vfx-level-1/categories/2150605515,Hand-Crafted 3D VFX_ Level 1/Intro to Materials - Unreal 5/Intro & Overview.html,REPLACED,227217,9.551,
post,Node-based Shader Interface,https://www.vfxapprentice.com/products/hand-crafted-3d-vfx-level-1/categories/2150605515/posts/2160399269,https://www.vfxapprentice.com/products/hand-crafted-3d-vfx-level-1/categories/2150605515,Hand-Crafted 3D VFX_ Level 1/Intro to Materials - Unreal 5/Node-based Shader Interface.html,REPLACED,224129,5.348,
post,"Vector, UVs, & Texture Sampling",https://www.vfxapprentice.com/products/hand-crafted-3d-vfx-level-1/categories/2150605515/posts/2160399318,https://www.vfxapprentice.com/products/hand-crafted-3d-vfx-level-1/categories/2150605515,"Hand-Crafted 3D VFX_ Level 1/Intro to Materials - Unreal 5/Vector, UVs, & Texture Sampling.html",REPLACED,223514,14.546,
post,Add & Panning,https://www.vfxapprentice.com/products/hand-crafted-3d-vfx-level-1/categories/2150605515/posts/2160399320,https://www.vfxapprentice.com/products/hand-crafted-3d-vfx-level-1/categories/2150605515,Hand-Crafted 3D VFX_ Level 1/Intro to Materials - Unreal 5/Add & Panning.html,REPLACED,230181,15.990,
post,Multiply & Scaling,https://www.vfxapprentice.com/products/hand-crafted-3d-vfx-level-1/categories/2150605515/posts/2160399325,https://www.vfxapprentice.com/products/hand-crafted-3d-vfx-level-1/categories/2150605515,Hand-Crafted 3D VFX_ Level 1/Intro to Materials - Unreal 5/Multiply & Scaling.html,REPLACED,228328,3.247,
post,Adjusting Textures,https://www.vfxapprentice.com/products/hand-crafted-3d-vfx-level-1/categories/2150605515/posts/2160399327,https://www.vfxapprentice.com/products/hand-crafted-3d-vfx-level-1/categories/2150605515,Hand-Crafted 3D VFX_ Level 1/Intro to Materials - Unreal 5/Adjusting Textures.html,REPLACED,223704,14.149,
post,Combining Textures,https://www.vfxapprentice.com/products/hand-crafted-3d-vfx-level-1/categories/2150605515/posts/2160399332,https://www.vfxapprentice.com/products/hand-crafted-3d-vfx-level-1/categories/2150605515,Hand-Crafted 3D VFX_ Level 1/Intro to Materials - Unreal 5/Combining Textures.html,REPLACED,229524,16.423,
post,Stepping,https://www.vfxapprentice.com/products/hand-crafted-3d-vfx-level-1/categories/2150605515/posts/2160399335,https://www.vfxapprentice.com/products/hand-crafted-3d-vfx-level-1/categories/2150605515,Hand-Crafted 3D VFX_ Level 1/Intro to Materials - Unreal 5/Stepping.html,REPLACED,223334,15.109,
post,Lerp & Color,https://www.vfxapprentice.com/products/hand-crafted-3d-vfx-level-1/categories/2150605515/posts/2160399336,https://www.vfxapprentice.com/products/hand-crafted-3d-vfx-level-1/categories/2150605515,Hand-Crafted 3D VFX_ Level 1/Intro to Materials - Unreal 5/Lerp & Color.html,REPLACED,223358,15.381,
post,Distortion,https://www.vfxapprentice.com/products/hand-crafted-3d-vfx-level-1/categories/2150605515/posts/2160399338,https://www.vfxapprentice.com/products/hand-crafted-3d-vfx-level-1/categories/2150605515,Hand-Crafted 3D VFX_ Level 1/Intro to Materials - Unreal 5/Distortion.html,REPLACED,223590,13.400,
post,Output Pipeline,https://www.vfxapprentice.com/products/hand-crafted-3d-vfx-level-1/categories/2150605515/posts/2161119739,https://www.vfxapprentice.com/products/hand-crafted-3d-vfx-level-1/categories/2150605515,Hand-Crafted 3D VFX_ Level 1/Intro to Materials - Unreal 5/Output Pipeline.html,REPLACED,232372,14.473,
post,Vectors & Fresnel,https://www.vfxapprentice.com/products/hand-crafted-3d-vfx-level-1/categories/2150605515/posts/2161119742,https://www.vfxapprentice.com/products/hand-crafted-3d-vfx-level-1/categories/2150605515,Hand-Crafted 3D VFX_ Level 1/Intro to Materials - Unreal 5/Vectors & Fresnel.html,REPLACED,227996,12.849,
post,Positions & Distance Sampling,https://www.vfxapprentice.com/products/hand-crafted-3d-vfx-level-1/categories/2150605515/posts/2161119744,https://www.vfxapprentice.com/products/hand-crafted-3d-vfx-level-1/categories/2150605515,Hand-Crafted 3D VFX_ Level 1/Intro to Materials - Unreal 5/Positions & Distance Sampling.html,REPLACED,228535,8.503,
post,Vertex Offset,https://www.vfxapprentice.com/products/hand-crafted-3d-vfx-level-1/categories/2150605515/posts/2161119746,https://www.vfxapprentice.com/products/hand-crafted-3d-vfx-level-1/categories/2150605515,Hand-Crafted 3D VFX_ Level 1/Intro to Materials - Unreal 5/Vertex Offset.html,REPLACED,227711,15.136,
post,Depth Fade,https://www.vfxapprentice.com/products/hand-crafted-3d-vfx-level-1/categories/2150605515/posts/2161119749,https://www.vfxapprentice.com/products/hand-crafted-3d-vfx-level-1/categories/2150605515,Hand-Crafted 3D VFX_ Level 1/Intro to Materials - Unreal 5/Depth Fade.html,REPLACED,230059,17.875,
post,Materials Review,https://www.vfxapprentice.com/products/hand-crafted-3d-vfx-level-1/categories/2150605515/posts/2159191565,https://www.vfxapprentice.com/products/hand-crafted-3d-vfx-level-1/categories/2150605515,Hand-Crafted 3D VFX_ Level 1/Intro to Materials - Unreal 5/Materials Review.html,REPLACED,232787,12.638,
post,Guiding Principles Lecture,https://www.vfxapprentice.com/products/hand-crafted-3d-vfx-level-1/categories/2150605523/posts/2158878813,https://www.vfxapprentice.com/products/hand-crafted-3d-vfx-level-1/categories/2150605523,Hand-Crafted 3D VFX_ Level 1/Art Foundational Lectures - Explained/Guiding Principles Lecture.html,REPLACED,229657,14.127,
post,Gameplay Lecture,https://www.vfxapprentice.com/products/hand-crafted-3d-vfx-level-1/categories/2150605523/posts/2158878814,https://www.vfxapprentice.com/products/hand-crafted-3d-vfx-level-1/categories/2150605523,Hand-Crafted 3D VFX_ Level 1/Art Foundational Lectures - Explained/Gameplay Lecture.html,REPLACED,223973,14.518,
post,Shape Lecture,https://www.vfxapprentice.com/products/hand-crafted-3d-vfx-level-1/categories/2150605523/posts/2158878816,https://www.vfxapprentice.com/products/hand-crafted-3d-vfx-level-1/categories/2150605523,Hand-Crafted 3D VFX_ Level 1/Art Foundational Lectures - Explained/Shape Lecture.html,REPLACED,223847,13.455,
post,Value Lecture,https://www.vfxapprentice.com/products/hand-crafted-3d-vfx-level-1/categories/2150605523/posts/2158878818,https://www.vfxapprentice.com/products/hand-crafted-3d-vfx-level-1/categories/2150605523,Hand-Crafted 3D VFX_ Level 1/Art Foundational Lectures - Explained/Value Lecture.html,REPLACED,224091,14.931,
post,Color Lecture,https://www.vfxapprentice.com/products/hand-crafted-3d-vfx-level-1/categories/2150605523/posts/2158878819,https://www.vfxapprentice.com/products/hand-crafted-3d-vfx-level-1/categories/2150605523,Hand-Crafted 3D VFX_ Level 1/Art Foundational Lectures - Explained/Color Lecture.html,REPLACED,224127,15.162,
post,Timing Lecture,https://www.vfxapprentice.com/products/hand-crafted-3d-vfx-level-1/categories/2150605523/posts/2158878817,https://www.vfxapprentice.com/products/hand-crafted-3d-vfx-level-1/categories/2150605523,Hand-Crafted 3D VFX_ Level 1/Art Foundational Lectures - Explained/Timing Lecture.html,REPLACED,224015,13.663,
post,Composition Lecture,https://www.vfxapprentice.com/products/hand-crafted-3d-vfx-level-1/categories/2150605523/posts/2172662532,https://www.vfxapprentice.com/products/hand-crafted-3d-vfx-level-1/categories/2150605523,Hand-Crafted 3D VFX_ Level 1/Art Foundational Lectures - Explained/Composition Lecture.html,REPLACED,223502,14.302,
post,Art Foundations Review,https://www.vfxapprentice.com/products/hand-crafted-3d-vfx-level-1/categories/2150605523/posts/2159747907,https://www.vfxapprentice.com/products/hand-crafted-3d-vfx-level-1/categories/2150605523,Hand-Crafted 3D VFX_ Level 1/Art Foundational Lectures - Explained/Art Foundations Review.html,REPLACED,226484,9.119,
post,Introduction,https://www.vfxapprentice.com/products/hand-crafted-3d-vfx-level-1/categories/2154198573/posts/2172935839,https://www.vfxapprentice.com/products/hand-crafted-3d-vfx-level-1/categories/2154198573,Hand-Crafted 3D VFX_ Level 1/League of Effects (Fan Art) Breakdowns/Introduction.html,REPLACED,228325,13.106,
post,Breakdown: Super Mega Death Rocket (Fan Art),https://www.vfxapprentice.com/products/hand-crafted-3d-vfx-level-1/categories/2154198573/posts/2172935843,https://www.vfxapprentice.com/products/hand-crafted-3d-vfx-level-1/categories/2154198573,Hand-Crafted 3D VFX_ Level 1/League of Effects (Fan Art) Breakdowns/Breakdown_ Super Mega Death Rocket (Fan Art).html,REPLACED,230760,13.560,
post,Nibilli's Explosion,https://www.vfxapprentice.com/products/hand-crafted-3d-vfx-level-1/categories/2152650100/posts/2166791767,https://www.vfxapprentice.com/products/hand-crafted-3d-vfx-level-1/categories/2152650100,Hand-Crafted 3D VFX_ Level 1/Particle Practices - Community Recordings/Nibilli's Explosion.html,REPLACED,235731,13.498,
post,Nibilli's Muzzle Flash,https://www.vfxapprentice.com/products/hand-crafted-3d-vfx-level-1/categories/2152650100/posts/2166791771,https://www.vfxapprentice.com/products/hand-crafted-3d-vfx-level-1/categories/2152650100,Hand-Crafted 3D VFX_ Level 1/Particle Practices - Community Recordings/Nibilli's Muzzle Flash.html,REPLACED,227260,14.499,
post,Nibilli's Curve Mesh,https://www.vfxapprentice.com/products/hand-crafted-3d-vfx-level-1/categories/2152650100/posts/2166791773,https://www.vfxapprentice.com/products/hand-crafted-3d-vfx-level-1/categories/2152650100,Hand-Crafted 3D VFX_ Level 1/Particle Practices - Community Recordings/Nibilli's Curve Mesh.html,REPLACED,231353,15.413,
post,QbieShay's Godot Curve Mesh,https://www.vfxapprentice.com/products/hand-crafted-3d-vfx-level-1/categories/2152650100/posts/2166791777,https://www.vfxapprentice.com/products/hand-crafted-3d-vfx-level-1/categories/2152650100,Hand-Crafted 3D VFX_ Level 1/Particle Practices - Community Recordings/QbieShay's Godot Curve Mesh.html,REPLACED,226941,16.508,
post,Nibilli's Aura Effect,https://www.vfxapprentice.com/products/hand-crafted-3d-vfx-level-1/categories/2152650100/posts/2166791780,https://www.vfxapprentice.com/products/hand-crafted-3d-vfx-level-1/categories/2152650100,Hand-Crafted 3D VFX_ Level 1/Particle Practices - Community Recordings/Nibilli's Aura Effect.html,REPLACED,232519,17.645,
post,Nibilli's Shield Effect,https://www.vfxapprentice.com/products/hand-crafted-3d-vfx-level-1/categories/2152650100/posts/2166791782,https://www.vfxapprentice.com/products/hand-crafted-3d-vfx-level-1/categories/2152650100,Hand-Crafted 3D VFX_ Level 1/Particle Practices - Community Recordings/Nibilli's Shield Effect.html,REPLACED,231751,16.163,
post,Nibilli's Beam,https://www.vfxapprentice.com/products/hand-crafted-3d-vfx-level-1/categories/2152650100/posts/2166791785,https://www.vfxapprentice.com/products/hand-crafted-3d-vfx-level-1/categories/2152650100,Hand-Crafted 3D VFX_ Level 1/Particle Practices - Community Recordings/Nibilli's Beam.html,REPLACED,232351,17.500,
post,Nibilli's Anime Flare,https://www.vfxapprentice.com/products/hand-crafted-3d-vfx-level-1/categories/2152650100/posts/2166791786,https://www.vfxapprentice.com/products/hand-crafted-3d-vfx-level-1/categories/2152650100,Hand-Crafted 3D VFX_ Level 1/Particle Practices - Community Recordings/Nibilli's Anime Flare.html,REPLACED,230115,16.732,
post,Nibilli's Magic Orb,https://www.vfxapprentice.com/products/hand-crafted-3d-vfx-level-1/categories/2152650100/posts/2166986602,https://www.vfxapprentice.com/products/hand-crafted-3d-vfx-level-1/categories/2152650100,Hand-Crafted 3D VFX_ Level 1/Particle Practices - Community Recordings/Nibilli's Magic Orb.html,REPLACED,227968,15.664,
post,Nibilli's & QbieShay's Slash,https://www.vfxapprentice.com/products/hand-crafted-3d-vfx-level-1/categories/2152650100/posts/2170228718,https://www.vfxapprentice.com/products/hand-crafted-3d-vfx-level-1/categories/2152650100,Hand-Crafted 3D VFX_ Level 1/Particle Practices - Community Recordings/Nibilli's & QbieShay's Slash.html,REPLACED,231281,17.557,
post,Ben's Fire Flippbook,https://www.vfxapprentice.com/products/hand-crafted-3d-vfx-level-1/categories/2152650100/posts/2181722496,https://www.vfxapprentice.com/products/hand-crafted-3d-vfx-level-1/categories/2152650100,Hand-Crafted 3D VFX_ Level 1/Particle Practices - Community Recordings/Ben's Fire Flippbook.html,REPLACED,225332,18.913,
post,Series Introduction,https://www.vfxapprentice.com/products/hand-crafted-3d-vfx-level-1/categories/2150605572/posts/2162146160,https://www.vfxapprentice.com/products/hand-crafted-3d-vfx-level-1/categories/2150605572,Hand-Crafted 3D VFX_ Level 1/Elemental Studies - Unity/Series Introduction.html,REPLACED,223399,16.781,
post,Color Lerp & Gradients,https://www.vfxapprentice.com/products/hand-crafted-3d-vfx-level-1/categories/2153219613/posts/2169057683,https://www.vfxapprentice.com/products/hand-crafted-3d-vfx-level-1/categories/2153219613,Hand-Crafted 3D VFX_ Level 1/Intro to Shaders - Unity/Color Lerp & Gradients.html,REPLACED,229007,371.516,
post,Unity Scene Setup,https://www.vfxapprentice.com/products/hand-crafted-3d-vfx-level-1/categories/2150605572/posts/2162146164,https://www.vfxapprentice.com/products/hand-crafted-3d-vfx-level-1/categories/2150605572,Hand-Crafted 3D VFX_ Level 1/Elemental Studies - Unity/Unity Scene Setup.html,REPLACED,228293,15.946,
post,Ambient Fog Breakdown,https://www.vfxapprentice.com/products/hand-crafted-3d-vfx-level-1/categories/2150605572/posts/2162146167,https://www.vfxapprentice.com/products/hand-crafted-3d-vfx-level-1/categories/2150605572,Hand-Crafted 3D VFX_ Level 1/Elemental Studies - Unity/Ambient Fog Breakdown.html,REPLACED,232115,16.967,
post,Informative Video - Fire,https://www.vfxapprentice.com/products/hand-crafted-3d-vfx-level-1/categories/2150605572/posts/2160399414,https://www.vfxapprentice.com/products/hand-crafted-3d-vfx-level-1/categories/2150605572,Hand-Crafted 3D VFX_ Level 1/Elemental Studies - Unity/Informative Video - Fire.html,REPLACED,228594,18.218,
post,Depth Fade,https://www.vfxapprentice.com/products/hand-crafted-3d-vfx-level-1/categories/2153219613/posts/2169057853,https://www.vfxapprentice.com/products/hand-crafted-3d-vfx-level-1/categories/2153219613,Hand-Crafted 3D VFX_ Level 1/Intro to Shaders - Unity/Depth Fade.html,REPLACED,232836,322.089,
post,Campfire Breakdown,https://www.vfxapprentice.com/products/hand-crafted-3d-vfx-level-1/categories/2150605572/posts/2160399416,https://www.vfxapprentice.com/products/hand-crafted-3d-vfx-level-1/categories/2150605572,Hand-Crafted 3D VFX_ Level 1/Elemental Studies - Unity/Campfire Breakdown.html,REPLACED,230158,20.495,
post,Hit Impact Breakdown,https://www.vfxapprentice.com/products/hand-crafted-3d-vfx-level-1/categories/2150605572/posts/2162147023,https://www.vfxapprentice.com/products/hand-crafted-3d-vfx-level-1/categories/2150605572,Hand-Crafted 3D VFX_ Level 1/Elemental Studies - Unity/Hit Impact Breakdown.html,REPLACED,225252,31.591,
post,Informative Video - Lightning,https://www.vfxapprentice.com/products/hand-crafted-3d-vfx-level-1/categories/2150605572/posts/2162147855,https://www.vfxapprentice.com/products/hand-crafted-3d-vfx-level-1/categories/2150605572,Hand-Crafted 3D VFX_ Level 1/Elemental Studies - Unity/Informative Video - Lightning.html,REPLACED,224018,24.061,
post,Informative Video - Water,https://www.vfxapprentice.com/products/hand-crafted-3d-vfx-level-1/categories/2150605572/posts/2162147067,https://www.vfxapprentice.com/products/hand-crafted-3d-vfx-level-1/categories/2150605572,Hand-Crafted 3D VFX_ Level 1/Elemental Studies - Unity/Informative Video - Water.html,REPLACED,223935,23.658,
post,Waterfall Breakdown,https://www.vfxapprentice.com/products/hand-crafted-3d-vfx-level-1/categories/2150605572/posts/2162173099,https://www.vfxapprentice.com/products/hand-crafted-3d-vfx-level-1/categories/2150605572,Hand-Crafted 3D VFX_ Level 1/Elemental Studies - Unity/Waterfall Breakdown.html,REPLACED,224728,7.939,
post,Series Introduction,https://www.vfxapprentice.com/products/hand-crafted-3d-vfx-level-1/categories/2154231245/posts/2173389607,https://www.vfxapprentice.com/products/hand-crafted-3d-vfx-level-1/categories/2154231245,Hand-Crafted 3D VFX_ Level 1/Elemental Studies - Unreal/Series Introduction.html,REPLACED,223143,7.879,
post,Unreal Scene Setup,https://www.vfxapprentice.com/products/hand-crafted-3d-vfx-level-1/categories/2154231245/posts/2173389612,https://www.vfxapprentice.com/products/hand-crafted-3d-vfx-level-1/categories/2154231245,Hand-Crafted 3D VFX_ Level 1/Elemental Studies - Unreal/Unreal Scene Setup.html,REPLACED,227785,9.321,
post,Fog Breakdown,https://www.vfxapprentice.com/products/hand-crafted-3d-vfx-level-1/categories/2154231245/posts/2173062959,https://www.vfxapprentice.com/products/hand-crafted-3d-vfx-level-1/categories/2154231245,Hand-Crafted 3D VFX_ Level 1/Elemental Studies - Unreal/Fog Breakdown.html,REPLACED,230463,15.516,
post,Fireball Breakdown,https://www.vfxapprentice.com/products/hand-crafted-3d-vfx-level-1/categories/2150605572/posts/2162148002,https://www.vfxapprentice.com/products/hand-crafted-3d-vfx-level-1/categories/2150605572,Hand-Crafted 3D VFX_ Level 1/Elemental Studies - Unity/Fireball Breakdown.html,REPLACED,227874,65.751,
post,Campfire Breakdown,https://www.vfxapprentice.com/products/hand-crafted-3d-vfx-level-1/categories/2154231245/posts/2173062961,https://www.vfxapprentice.com/products/hand-crafted-3d-vfx-level-1/categories/2154231245,Hand-Crafted 3D VFX_ Level 1/Elemental Studies - Unreal/Campfire Breakdown.html,REPLACED,231342,17.052,
post,Informative Video - Fire,https://www.vfxapprentice.com/products/hand-crafted-3d-vfx-level-1/categories/2154231245/posts/2173389431,https://www.vfxapprentice.com/products/hand-crafted-3d-vfx-level-1/categories/2154231245,Hand-Crafted 3D VFX_ Level 1/Elemental Studies - Unreal/Informative Video - Fire.html,REPLACED,227736,19.046,
post,Hit Impact Breakdown,https://www.vfxapprentice.com/products/hand-crafted-3d-vfx-level-1/categories/2154231245/posts/2173062964,https://www.vfxapprentice.com/products/hand-crafted-3d-vfx-level-1/categories/2154231245,Hand-Crafted 3D VFX_ Level 1/Elemental Studies - Unreal/Hit Impact Breakdown.html,REPLACED,230793,12.636,
post,Informative Video - Lightning,https://www.vfxapprentice.com/products/hand-crafted-3d-vfx-level-1/categories/2154231245/posts/2173389451,https://www.vfxapprentice.com/products/hand-crafted-3d-vfx-level-1/categories/2154231245,Hand-Crafted 3D VFX_ Level 1/Elemental Studies - Unreal/Informative Video - Lightning.html,REPLACED,224001,14.561,
post,Lightning Beam Breakdown,https://www.vfxapprentice.com/products/hand-crafted-3d-vfx-level-1/categories/2154231245/posts/2173062967,https://www.vfxapprentice.com/products/hand-crafted-3d-vfx-level-1/categories/2154231245,Hand-Crafted 3D VFX_ Level 1/Elemental Studies - Unreal/Lightning Beam Breakdown.html,REPLACED,229102,17.162,
post,Sword Swipe Breakdown,https://www.vfxapprentice.com/products/hand-crafted-3d-vfx-level-1/categories/2154231245/posts/2173062972,https://www.vfxapprentice.com/products/hand-crafted-3d-vfx-level-1/categories/2154231245,Hand-Crafted 3D VFX_ Level 1/Elemental Studies - Unreal/Sword Swipe Breakdown.html,REPLACED,229569,15.376,
post,Fireball Breakdown,https://www.vfxapprentice.com/products/hand-crafted-3d-vfx-level-1/categories/2154231245/posts/2173621490,https://www.vfxapprentice.com/products/hand-crafted-3d-vfx-level-1/categories/2154231245,Hand-Crafted 3D VFX_ Level 1/Elemental Studies - Unreal/Fireball Breakdown.html,REPLACED,225449,13.243,
post,Informative Video - Water,https://www.vfxapprentice.com/products/hand-crafted-3d-vfx-level-1/categories/2154231245/posts/2173389465,https://www.vfxapprentice.com/products/hand-crafted-3d-vfx-level-1/categories/2154231245,Hand-Crafted 3D VFX_ Level 1/Elemental Studies - Unreal/Informative Video - Water.html,REPLACED,223918,14.701,
post,Waterfall Breakdown,https://www.vfxapprentice.com/products/hand-crafted-3d-vfx-level-1/categories/2154231245/posts/2173063011,https://www.vfxapprentice.com/products/hand-crafted-3d-vfx-level-1/categories/2154231245,Hand-Crafted 3D VFX_ Level 1/Elemental Studies - Unreal/Waterfall Breakdown.html,REPLACED,229896,13.313,
post,Congrats!,https://www.vfxapprentice.com/products/hand-crafted-3d-vfx-level-1/categories/2150605604/posts/2158879035,https://www.vfxapprentice.com/products/hand-crafted-3d-vfx-level-1/categories/2150605604,Hand-Crafted 3D VFX_ Level 1/Level 1 ✅/Congrats!.html,REPLACED,222200,13.254,
post,Project Download,https://www.vfxapprentice.com/products/hand-crafted-3d-vfx-level-2/categories/2151459356/posts/2160739666,https://www.vfxapprentice.com/products/hand-crafted-3d-vfx-level-2/categories/2151459356,Hand-Crafted 3D VFX_ Level 2/Project - Download/Project Download.html,REPLACED,102537,15.353,
post,Lesson Survey,https://www.vfxapprentice.com/products/hand-crafted-3d-vfx-level-1/categories/2150605604/posts/2160626420,https://www.vfxapprentice.com/products/hand-crafted-3d-vfx-level-1/categories/2150605604,Hand-Crafted 3D VFX_ Level 1/Level 1 ✅/Lesson Survey.html,REPLACED,224918,24.275,
post,Lightning Beam Breakdown,https://www.vfxapprentice.com/products/hand-crafted-3d-vfx-level-1/categories/2150605572/posts/2162147174,https://www.vfxapprentice.com/products/hand-crafted-3d-vfx-level-1/categories/2150605572,Hand-Crafted 3D VFX_ Level 1/Elemental Studies - Unity/Lightning Beam Breakdown.html,REPLACED,228154,196.233,
post,Sword Swipe Breakdown,https://www.vfxapprentice.com/products/hand-crafted-3d-vfx-level-1/categories/2150605572/posts/2162147611,https://www.vfxapprentice.com/products/hand-crafted-3d-vfx-level-1/categories/2150605572,Hand-Crafted 3D VFX_ Level 1/Elemental Studies - Unity/Sword Swipe Breakdown.html,REPLACED,224021,190.286,
post,Unity Project Overview,https://www.vfxapprentice.com/products/hand-crafted-3d-vfx-level-2/categories/2151459356/posts/2162168914,https://www.vfxapprentice.com/products/hand-crafted-3d-vfx-level-2/categories/2151459356,Hand-Crafted 3D VFX_ Level 2/Project - Download/Unity Project Overview.html,REPLACED,99040,15.401,
post,Unreal 5 Project Overview,https://www.vfxapprentice.com/products/hand-crafted-3d-vfx-level-2/categories/2151459356/posts/2162168929,https://www.vfxapprentice.com/products/hand-crafted-3d-vfx-level-2/categories/2151459356,Hand-Crafted 3D VFX_ Level 2/Project - Download/Unreal 5 Project Overview.html,REPLACED,95403,17.334,
category,U&U Fire Explosion Breakdown,https://www.vfxapprentice.com/products/hand-crafted-3d-vfx-level-2/categories/2150613644,https://www.vfxapprentice.com/products/hand-crafted-3d-vfx-level-2/categories/2150613163,Hand-Crafted 3D VFX_ Level 2/VFX Case Studies - Unreal & Unity/U&U Fire Explosion Breakdown/index.html,REPLACED,1114,19.252,
category,Wispy Spiral Dissolve Textures,https://www.vfxapprentice.com/products/hand-crafted-3d-vfx-level-2/categories/2150613649,https://www.vfxapprentice.com/products/hand-crafted-3d-vfx-level-2/categories/2150613163,Hand-Crafted 3D VFX_ Level 2/VFX Case Studies - Unreal & Unity/Wispy Spiral Dissolve Textures/index.html,REPLACED,1122,11.649,
category,U&U Wispy Cloud Breakdown,https://www.vfxapprentice.com/products/hand-crafted-3d-vfx-level-2/categories/2150613650,https://www.vfxapprentice.com/products/hand-crafted-3d-vfx-level-2/categories/2150613163,Hand-Crafted 3D VFX_ Level 2/VFX Case Studies - Unreal & Unity/U&U Wispy Cloud Breakdown/index.html,REPLACED,1102,8.999,
category,Zappy Flipbook & Dissolve,https://www.vfxapprentice.com/products/hand-crafted-3d-vfx-level-2/categories/2150771941,https://www.vfxapprentice.com/products/hand-crafted-3d-vfx-level-2/categories/2150613163,Hand-Crafted 3D VFX_ Level 2/VFX Case Studies - Unreal & Unity/Zappy Flipbook & Dissolve/index.html,REPLACED,1102,11.560,
category,U&U Lightning Zap Breakdown,https://www.vfxapprentice.com/products/hand-crafted-3d-vfx-level-2/categories/2150613646,https://www.vfxapprentice.com/products/hand-crafted-3d-vfx-level-2/categories/2150613163,Hand-Crafted 3D VFX_ Level 2/VFX Case Studies - Unreal & Unity/U&U Lightning Zap Breakdown/index.html,REPLACED,1110,8.722,
category,Gooey Dissolve Material,https://www.vfxapprentice.com/products/hand-crafted-3d-vfx-level-2/categories/2150613652,https://www.vfxapprentice.com/products/hand-crafted-3d-vfx-level-2/categories/2150613163,Hand-Crafted 3D VFX_ Level 2/VFX Case Studies - Unreal & Unity/Gooey Dissolve Material/index.html,REPLACED,1094,8.895,
category,U&U Goo Splat Breakdown,https://www.vfxapprentice.com/products/hand-crafted-3d-vfx-level-2/categories/2150613677,https://www.vfxapprentice.com/products/hand-crafted-3d-vfx-level-2/categories/2150613163,Hand-Crafted 3D VFX_ Level 2/VFX Case Studies - Unreal & Unity/U&U Goo Splat Breakdown/index.html,REPLACED,1094,8.785,
post,Introduction Navigation & Project Overview - Unity,https://www.vfxapprentice.com/products/hand-crafted-3d-vfx-level-2/categories/2150613259/posts/2158909463,https://www.vfxapprentice.com/products/hand-crafted-3d-vfx-level-2/categories/2150613259,Hand-Crafted 3D VFX_ Level 2/Unity Booms & Blasts - Legacy/Introduction Navigation & Project Overview - Unity.html,REPLACED,94958,11.926,
post,Kitbashing - Unity,https://www.vfxapprentice.com/products/hand-crafted-3d-vfx-level-2/categories/2150613259/posts/2158909466,https://www.vfxapprentice.com/products/hand-crafted-3d-vfx-level-2/categories/2150613259,Hand-Crafted 3D VFX_ Level 2/Unity Booms & Blasts - Legacy/Kitbashing - Unity.html,REPLACED,94562,11.781,
post,Particle Systems Overview - Unity,https://www.vfxapprentice.com/products/hand-crafted-3d-vfx-level-2/categories/2150613259/posts/2158909467,https://www.vfxapprentice.com/products/hand-crafted-3d-vfx-level-2/categories/2150613259,Hand-Crafted 3D VFX_ Level 2/Unity Booms & Blasts - Legacy/Particle Systems Overview - Unity.html,REPLACED,96524,11.880,
post,Fire Explosion Breakdown - Unity,https://www.vfxapprentice.com/products/hand-crafted-3d-vfx-level-2/categories/2150613259/posts/2158908017,https://www.vfxapprentice.com/products/hand-crafted-3d-vfx-level-2/categories/2150613259,Hand-Crafted 3D VFX_ Level 2/Unity Booms & Blasts - Legacy/Fire Explosion Breakdown - Unity.html,REPLACED,95471,11.107,
post,Lightning Zap Breakdown - Unity,https://www.vfxapprentice.com/products/hand-crafted-3d-vfx-level-2/categories/2150613259/posts/2158908108,https://www.vfxapprentice.com/products/hand-crafted-3d-vfx-level-2/categories/2150613259,Hand-Crafted 3D VFX_ Level 2/Unity Booms & Blasts - Legacy/Lightning Zap Breakdown - Unity.html,REPLACED,95155,7.486,
post,Wispy Cloud Breakdown - Unity,https://www.vfxapprentice.com/products/hand-crafted-3d-vfx-level-2/categories/2150613259/posts/2158908213,https://www.vfxapprentice.com/products/hand-crafted-3d-vfx-level-2/categories/2150613259,Hand-Crafted 3D VFX_ Level 2/Unity Booms & Blasts - Legacy/Wispy Cloud Breakdown - Unity.html,REPLACED,95817,11.872,
post,Goo Splat Breakdown - Unity,https://www.vfxapprentice.com/products/hand-crafted-3d-vfx-level-2/categories/2150613259/posts/2158908662,https://www.vfxapprentice.com/products/hand-crafted-3d-vfx-level-2/categories/2150613259,Hand-Crafted 3D VFX_ Level 2/Unity Booms & Blasts - Legacy/Goo Splat Breakdown - Unity.html,REPLACED,95149,10.191,
post,Unity B&B Legacy Review,https://www.vfxapprentice.com/products/hand-crafted-3d-vfx-level-2/categories/2150613259/posts/2159191812,https://www.vfxapprentice.com/products/hand-crafted-3d-vfx-level-2/categories/2150613259,Hand-Crafted 3D VFX_ Level 2/Unity Booms & Blasts - Legacy/Unity B&B Legacy Review.html,REPLACED,92906,9.152,
post,Intro to Unreal - Unreal 4,https://www.vfxapprentice.com/products/hand-crafted-3d-vfx-level-2/categories/2150613360/posts/2158906775,https://www.vfxapprentice.com/products/hand-crafted-3d-vfx-level-2/categories/2150613360,Hand-Crafted 3D VFX_ Level 2/Unreal Cascade Booms & Blasts - Legacy/Intro to Unreal - Unreal 4.html,REPLACED,94979,11.673,
post,Intro to Cascade - Unreal 4,https://www.vfxapprentice.com/products/hand-crafted-3d-vfx-level-2/categories/2150613360/posts/2158906794,https://www.vfxapprentice.com/products/hand-crafted-3d-vfx-level-2/categories/2150613360,Hand-Crafted 3D VFX_ Level 2/Unreal Cascade Booms & Blasts - Legacy/Intro to Cascade - Unreal 4.html,REPLACED,95395,13.891,
post,Intro to Materials - Unreal 4,https://www.vfxapprentice.com/products/hand-crafted-3d-vfx-level-2/categories/2150613360/posts/2158906796,https://www.vfxapprentice.com/products/hand-crafted-3d-vfx-level-2/categories/2150613360,Hand-Crafted 3D VFX_ Level 2/Unreal Cascade Booms & Blasts - Legacy/Intro to Materials - Unreal 4.html,REPLACED,95352,6.192,
post,Intro to Kit Bashing - Unreal 4,https://www.vfxapprentice.com/products/hand-crafted-3d-vfx-level-2/categories/2150613360/posts/2158906807,https://www.vfxapprentice.com/products/hand-crafted-3d-vfx-level-2/categories/2150613360,Hand-Crafted 3D VFX_ Level 2/Unreal Cascade Booms & Blasts - Legacy/Intro to Kit Bashing - Unreal 4.html,REPLACED,95186,10.021,
post,Project Walkthrough - Unreal 4,https://www.vfxapprentice.com/products/hand-crafted-3d-vfx-level-2/categories/2150613360/posts/2158906808,https://www.vfxapprentice.com/products/hand-crafted-3d-vfx-level-2/categories/2150613360,Hand-Crafted 3D VFX_ Level 2/Unreal Cascade Booms & Blasts - Legacy/Project Walkthrough - Unreal 4.html,REPLACED,95780,9.830,
post,Fire Explosion Breakdown - Unreal 4,https://www.vfxapprentice.com/products/hand-crafted-3d-vfx-level-2/categories/2150613360/posts/2158906027,https://www.vfxapprentice.com/products/hand-crafted-3d-vfx-level-2/categories/2150613360,Hand-Crafted 3D VFX_ Level 2/Unreal Cascade Booms & Blasts - Legacy/Fire Explosion Breakdown - Unreal 4.html,REPLACED,96255,6.183,
post,Unreal & Unity Series Overview,https://www.vfxapprentice.com/products/hand-crafted-3d-vfx-level-2/categories/2150691176/posts/2158906429,https://www.vfxapprentice.com/products/hand-crafted-3d-vfx-level-2/categories/2150691176,Hand-Crafted 3D VFX_ Level 2/Unreal & Unity - Track Overview/Unreal & Unity Series Overview.html,REPLACED,94122,264.434,
post,Particle Animation Lecture,https://www.vfxapprentice.com/products/hand-crafted-3d-vfx-level-2/categories/2151459443/posts/2158905789,https://www.vfxapprentice.com/products/hand-crafted-3d-vfx-level-2/categories/2151459443,Hand-Crafted 3D VFX_ Level 2/Particle Animation - Explained/Particle Animation Lecture.html,REPLACED,100327,268.615,
post,Wispy Cloud Particle System - Unreal 4,https://www.vfxapprentice.com/products/hand-crafted-3d-vfx-level-2/categories/2150613360/posts/2158906066,https://www.vfxapprentice.com/products/hand-crafted-3d-vfx-level-2/categories/2150613360,Hand-Crafted 3D VFX_ Level 2/Unreal Cascade Booms & Blasts - Legacy/Wispy Cloud Particle System - Unreal 4.html,REPLACED,95622,12.599,
category,Tiling Fiery Noise,https://www.vfxapprentice.com/products/hand-crafted-3d-vfx-level-2/categories/2150613640,https://www.vfxapprentice.com/products/hand-crafted-3d-vfx-level-2/categories/2150613163,Hand-Crafted 3D VFX_ Level 2/VFX Case Studies - Unreal & Unity/Tiling Fiery Noise/index.html,REPLACED,1074,282.957,
post,Goo Splat Material Setup - Unreal 4,https://www.vfxapprentice.com/products/hand-crafted-3d-vfx-level-2/categories/2150613360/posts/2158908536,https://www.vfxapprentice.com/products/hand-crafted-3d-vfx-level-2/categories/2150613360,Hand-Crafted 3D VFX_ Level 2/Unreal Cascade Booms & Blasts - Legacy/Goo Splat Material Setup - Unreal 4.html,REPLACED,95139,9.769,
post,Goo Splat Particle Setup - Unreal 4,https://www.vfxapprentice.com/products/hand-crafted-3d-vfx-level-2/categories/2150613360/posts/2158906070,https://www.vfxapprentice.com/products/hand-crafted-3d-vfx-level-2/categories/2150613360,Hand-Crafted 3D VFX_ Level 2/Unreal Cascade Booms & Blasts - Legacy/Goo Splat Particle Setup - Unreal 4.html,REPLACED,93882,9.875,
post,Goo Splat Particle Refinement - Unreal 4,https://www.vfxapprentice.com/products/hand-crafted-3d-vfx-level-2/categories/2150613360/posts/2158908543,https://www.vfxapprentice.com/products/hand-crafted-3d-vfx-level-2/categories/2150613360,Hand-Crafted 3D VFX_ Level 2/Unreal Cascade Booms & Blasts - Legacy/Goo Splat Particle Refinement - Unreal 4.html,REPLACED,93925,9.764,
post,Unreal Cascade B&B Legacy Review,https://www.vfxapprentice.com/products/hand-crafted-3d-vfx-level-2/categories/2150613360/posts/2159191863,https://www.vfxapprentice.com/products/hand-crafted-3d-vfx-level-2/categories/2150613360,Hand-Crafted 3D VFX_ Level 2/Unreal Cascade Booms & Blasts - Legacy/Unreal Cascade B&B Legacy Review.html,REPLACED,92970,11.384,
post,Great Job!,https://www.vfxapprentice.com/products/hand-crafted-3d-vfx-level-2/categories/2150613450/posts/2158907080,https://www.vfxapprentice.com/products/hand-crafted-3d-vfx-level-2/categories/2150613450,Hand-Crafted 3D VFX_ Level 2/Level 2 ✅/Great Job!.html,REPLACED,92658,6.174,
post,Project Download,https://www.vfxapprentice.com/products/apprenticeship-level-3/categories/2151531420/posts/2160809235,https://www.vfxapprentice.com/products/apprenticeship-level-3/categories/2151531420,Apprenticeship Level 3/Project - Download/Project Download.html,REPLACED,133916,6.566,
post,Wispy Dissolve & Fresnel Shader Setup - Unreal 4,https://www.vfxapprentice.com/products/hand-crafted-3d-vfx-level-2/categories/2150613360/posts/2158908218,https://www.vfxapprentice.com/products/hand-crafted-3d-vfx-level-2/categories/2150613360,Hand-Crafted 3D VFX_ Level 2/Unreal Cascade Booms & Blasts - Legacy/Wispy Dissolve & Fresnel Shader Setup - Unreal 4.html,REPLACED,98766,51.039,
post,Lesson Survey,https://www.vfxapprentice.com/products/hand-crafted-3d-vfx-level-2/categories/2150613450/posts/2160626434,https://www.vfxapprentice.com/products/hand-crafted-3d-vfx-level-2/categories/2150613450,Hand-Crafted 3D VFX_ Level 2/Level 2 ✅/Lesson Survey.html,REPLACED,95635,11.959,
category,Portfolio & Application Planning,https://www.vfxapprentice.com/products/apprenticeship-level-3/categories/2150661699,https://www.vfxapprentice.com/products/apprenticeship-level-3/categories/2150661675,Apprenticeship Level 3/Soft Skills - Explained/Portfolio & Application Planning/index.html,REPLACED,1130,6.727,
post,Unity Project Walkthrough,https://www.vfxapprentice.com/products/apprenticeship-level-3/categories/2151531420/posts/2162489428,https://www.vfxapprentice.com/products/apprenticeship-level-3/categories/2151531420,Apprenticeship Level 3/Project - Download/Unity Project Walkthrough.html,REPLACED,132864,10.250,
post,Lightning Zap Breakdown - Unreal 4,https://www.vfxapprentice.com/products/hand-crafted-3d-vfx-level-2/categories/2150613360/posts/2158906053,https://www.vfxapprentice.com/products/hand-crafted-3d-vfx-level-2/categories/2150613360,Hand-Crafted 3D VFX_ Level 2/Unreal Cascade Booms & Blasts - Legacy/Lightning Zap Breakdown - Unreal 4.html,REPLACED,95881,90.344,
category,Review,https://www.vfxapprentice.com/products/apprenticeship-level-3/categories/2151085931,https://www.vfxapprentice.com/products/apprenticeship-level-3/categories/2150661675,Apprenticeship Level 3/Soft Skills - Explained/Review/index.html,REPLACED,1026,9.961,
category,Unreal Sword Swipe Spell,https://www.vfxapprentice.com/products/apprenticeship-level-3/categories/2150661702,https://www.vfxapprentice.com/products/apprenticeship-level-3/categories/2150661700,"Apprenticeship Level 3/Sidescroller_ 2D FX, 3D FX & Implementation - Unreal 4/Unreal Sword Swipe Spell/index.html",REPLACED,1098,10.116,
category,Unreal Fireball Spell,https://www.vfxapprentice.com/products/apprenticeship-level-3/categories/2150661703,https://www.vfxapprentice.com/products/apprenticeship-level-3/categories/2150661700,"Apprenticeship Level 3/Sidescroller_ 2D FX, 3D FX & Implementation - Unreal 4/Unreal Fireball Spell/index.html",REPLACED,1086,17.627,
category,Unreal Heal,https://www.vfxapprentice.com/products/apprenticeship-level-3/categories/2150661704,https://www.vfxapprentice.com/products/apprenticeship-level-3/categories/2150661700,"Apprenticeship Level 3/Sidescroller_ 2D FX, 3D FX & Implementation - Unreal 4/Unreal Heal/index.html",REPLACED,1046,18.108,
category,Side Scroller Evaluation,https://www.vfxapprentice.com/products/apprenticeship-level-3/categories/2151123941,https://www.vfxapprentice.com/products/apprenticeship-level-3/categories/2150661700,"Apprenticeship Level 3/Sidescroller_ 2D FX, 3D FX & Implementation - Unreal 4/Side Scroller Evaluation/index.html",REPLACED,1098,19.074,
post,Western Projectile,https://www.vfxapprentice.com/products/apprenticeship-level-3/categories/2152376030/posts/2165719282,https://www.vfxapprentice.com/products/apprenticeship-level-3/categories/2152376030,Apprenticeship Level 3/Production Level Effects - Breakdown/Western Projectile.html,REPLACED,134564,21.418,
post,Electric Beam,https://www.vfxapprentice.com/products/apprenticeship-level-3/categories/2152376030/posts/2165719285,https://www.vfxapprentice.com/products/apprenticeship-level-3/categories/2152376030,Apprenticeship Level 3/Production Level Effects - Breakdown/Electric Beam.html,REPLACED,133214,21.346,
post,Water Shield,https://www.vfxapprentice.com/products/apprenticeship-level-3/categories/2152376030/posts/2166259881,https://www.vfxapprentice.com/products/apprenticeship-level-3/categories/2152376030,Apprenticeship Level 3/Production Level Effects - Breakdown/Water Shield.html,REPLACED,133346,26.016,
post,Production Level Effects Review,https://www.vfxapprentice.com/products/apprenticeship-level-3/categories/2152376030/posts/2165764366,https://www.vfxapprentice.com/products/apprenticeship-level-3/categories/2152376030,Apprenticeship Level 3/Production Level Effects - Breakdown/Production Level Effects Review.html,REPLACED,130663,26.128,
post,Breakdown,https://www.vfxapprentice.com/products/apprenticeship-level-3/categories/2152945612/posts/2167972644,https://www.vfxapprentice.com/products/apprenticeship-level-3/categories/2152945612,Apprenticeship Level 3/Production Level Effects - Unreal/Breakdown.html,REPLACED,132640,20.106,
post,Intro,https://www.vfxapprentice.com/products/apprenticeship-level-3/categories/2152945612/posts/2167972642,https://www.vfxapprentice.com/products/apprenticeship-level-3/categories/2152945612,Apprenticeship Level 3/Production Level Effects - Unreal/Intro.html,REPLACED,131240,49.784,
post,Artistic Choices,https://www.vfxapprentice.com/products/apprenticeship-level-3/categories/2152945612/posts/2167972646,https://www.vfxapprentice.com/products/apprenticeship-level-3/categories/2152945612,Apprenticeship Level 3/Production Level Effects - Unreal/Artistic Choices.html,REPLACED,132735,16.502,
post,Production & Optimization,https://www.vfxapprentice.com/products/apprenticeship-level-3/categories/2152945612/posts/2167972650,https://www.vfxapprentice.com/products/apprenticeship-level-3/categories/2152945612,Apprenticeship Level 3/Production Level Effects - Unreal/Production & Optimization.html,REPLACED,136522,19.364,
post,Importing to UEFN,https://www.vfxapprentice.com/products/apprenticeship-level-3/categories/2152945612/posts/2167972654,https://www.vfxapprentice.com/products/apprenticeship-level-3/categories/2152945612,Apprenticeship Level 3/Production Level Effects - Unreal/Importing to UEFN.html,REPLACED,131565,18.472,
post,Week 1: Introduction & Assignment,https://www.vfxapprentice.com/products/apprenticeship-level-3/categories/2150661743/posts/2160822354,https://www.vfxapprentice.com/products/apprenticeship-level-3/categories/2150661743,Apprenticeship Level 3/Apprenticeship/Week 1_ Introduction & Assignment.html,REPLACED,131455,15.710,
post,Week 1: Introduction Q&A,https://www.vfxapprentice.com/products/apprenticeship-level-3/categories/2150661743/posts/2160822358,https://www.vfxapprentice.com/products/apprenticeship-level-3/categories/2150661743,Apprenticeship Level 3/Apprenticeship/Week 1_ Introduction Q&A.html,REPLACED,131666,15.988,
post,Week 2: Thumbnails & Concepts,https://www.vfxapprentice.com/products/apprenticeship-level-3/categories/2150661743/posts/2160822363,https://www.vfxapprentice.com/products/apprenticeship-level-3/categories/2150661743,Apprenticeship Level 3/Apprenticeship/Week 2_ Thumbnails & Concepts.html,REPLACED,131885,20.222,
post,Week 2: Student Work,https://www.vfxapprentice.com/products/apprenticeship-level-3/categories/2150661743/posts/2160822380,https://www.vfxapprentice.com/products/apprenticeship-level-3/categories/2150661743,Apprenticeship Level 3/Apprenticeship/Week 2_ Student Work.html,REPLACED,131977,19.038,
post,Week 3: Block Out,https://www.vfxapprentice.com/products/apprenticeship-level-3/categories/2150661743/posts/2160822384,https://www.vfxapprentice.com/products/apprenticeship-level-3/categories/2150661743,Apprenticeship Level 3/Apprenticeship/Week 3_ Block Out.html,REPLACED,131819,13.777,
post,Week 4: First Pass,https://www.vfxapprentice.com/products/apprenticeship-level-3/categories/2150661743/posts/2160897721,https://www.vfxapprentice.com/products/apprenticeship-level-3/categories/2150661743,Apprenticeship Level 3/Apprenticeship/Week 4_ First Pass.html,REPLACED,131408,14.723,
post,Week 4: Feedback Deep Dive,https://www.vfxapprentice.com/products/apprenticeship-level-3/categories/2150661743/posts/2160897723,https://www.vfxapprentice.com/products/apprenticeship-level-3/categories/2150661743,Apprenticeship Level 3/Apprenticeship/Week 4_ Feedback Deep Dive.html,REPLACED,131935,18.895,
post,Week 5: First Pass Follow-up Review,https://www.vfxapprentice.com/products/apprenticeship-level-3/categories/2150661743/posts/2160897726,https://www.vfxapprentice.com/products/apprenticeship-level-3/categories/2150661743,Apprenticeship Level 3/Apprenticeship/Week 5_ First Pass Follow-up Review.html,REPLACED,131757,17.600,
post,Week 5: Live Feedback,https://www.vfxapprentice.com/products/apprenticeship-level-3/categories/2150661743/posts/2160897729,https://www.vfxapprentice.com/products/apprenticeship-level-3/categories/2150661743,Apprenticeship Level 3/Apprenticeship/Week 5_ Live Feedback.html,REPLACED,132523,18.618,
post,Week 6: Second Pass,https://www.vfxapprentice.com/products/apprenticeship-level-3/categories/2150661743/posts/2160897738,https://www.vfxapprentice.com/products/apprenticeship-level-3/categories/2150661743,Apprenticeship Level 3/Apprenticeship/Week 6_ Second Pass.html,REPLACED,131224,17.330,
post,Week 6: Live Feedback,https://www.vfxapprentice.com/products/apprenticeship-level-3/categories/2150661743/posts/2160897742,https://www.vfxapprentice.com/products/apprenticeship-level-3/categories/2150661743,Apprenticeship Level 3/Apprenticeship/Week 6_ Live Feedback.html,REPLACED,131789,20.453,
post,Week 7: Second Pass Follow-up Review,https://www.vfxapprentice.com/products/apprenticeship-level-3/categories/2150661743/posts/2160922461,https://www.vfxapprentice.com/products/apprenticeship-level-3/categories/2150661743,Apprenticeship Level 3/Apprenticeship/Week 7_ Second Pass Follow-up Review.html,REPLACED,131799,19.963,
post,Week 7: Live Feedback,https://www.vfxapprentice.com/products/apprenticeship-level-3/categories/2150661743/posts/2160922466,https://www.vfxapprentice.com/products/apprenticeship-level-3/categories/2150661743,Apprenticeship Level 3/Apprenticeship/Week 7_ Live Feedback.html,REPLACED,131993,19.967,
post,Week 8: Successful Polish,https://www.vfxapprentice.com/products/apprenticeship-level-3/categories/2150661743/posts/2160924272,https://www.vfxapprentice.com/products/apprenticeship-level-3/categories/2150661743,Apprenticeship Level 3/Apprenticeship/Week 8_ Successful Polish.html,REPLACED,131980,20.116,
post,Week 9: Final Pass,https://www.vfxapprentice.com/products/apprenticeship-level-3/categories/2150661743/posts/2162661757,https://www.vfxapprentice.com/products/apprenticeship-level-3/categories/2150661743,Apprenticeship Level 3/Apprenticeship/Week 9_ Final Pass.html,REPLACED,132404,20.294,
post,Final Effect: Rowan Rees,https://www.vfxapprentice.com/products/apprenticeship-level-3/categories/2150661743/posts/2160924827,https://www.vfxapprentice.com/products/apprenticeship-level-3/categories/2150661743,Apprenticeship Level 3/Apprenticeship/Final Effect_ Rowan Rees.html,REPLACED,135274,19.885,
post,Great job!,https://www.vfxapprentice.com/products/apprenticeship-level-3/categories/2151090962/posts/2160776940,https://www.vfxapprentice.com/products/apprenticeship-level-3/categories/2151090962,Apprenticeship Level 3/Apprenticeship ✅/Great job!.html,REPLACED,130685,20.478,
post,Survey,https://www.vfxapprentice.com/products/apprenticeship-level-3/categories/2151090962/posts/2160626508,https://www.vfxapprentice.com/products/apprenticeship-level-3/categories/2151090962,Apprenticeship Level 3/Apprenticeship ✅/Survey.html,REPLACED,134177,27.167,
post,Slash Combo,https://www.vfxapprentice.com/products/apprenticeship-level-3/categories/2152376030/posts/2168023414,https://www.vfxapprentice.com/products/apprenticeship-level-3/categories/2152376030,Apprenticeship Level 3/Production Level Effects - Breakdown/Slash Combo.html,REPLACED,135961,273.667,
post,Vertical Explosion,https://www.vfxapprentice.com/products/apprenticeship-level-3/categories/2152376030/posts/2166362222,https://www.vfxapprentice.com/products/apprenticeship-level-3/categories/2152376030,Apprenticeship Level 3/Production Level Effects - Breakdown/Vertical Explosion.html,REPLACED,136258,280.730,
post,Sketch - Drawing with Confidence,https://www.vfxapprentice.com/products/hand-drawn-2d-fx-level-1/categories/2150627445/posts/2158960466,https://www.vfxapprentice.com/products/hand-drawn-2d-fx-level-1/categories/2150627445,Hand-Drawn 2D FX_ Level 1/Drawing Foundations - Design/Lesson Sketch/Sketch - Drawing with Confidence.html,REPLACED,264917,20.357,
post,Sketch - Thinking in 3D,https://www.vfxapprentice.com/products/hand-drawn-2d-fx-level-1/categories/2150627445/posts/2158960470,https://www.vfxapprentice.com/products/hand-drawn-2d-fx-level-1/categories/2150627445,Hand-Drawn 2D FX_ Level 1/Drawing Foundations - Design/Lesson Sketch/Sketch - Thinking in 3D.html,REPLACED,261543,21.088,
post,Sketch - Drawing in Perspective,https://www.vfxapprentice.com/products/hand-drawn-2d-fx-level-1/categories/2150627445/posts/2158960472,https://www.vfxapprentice.com/products/hand-drawn-2d-fx-level-1/categories/2150627445,Hand-Drawn 2D FX_ Level 1/Drawing Foundations - Design/Lesson Sketch/Sketch - Drawing in Perspective.html,REPLACED,265462,40.022,
post,Sketch - Using Weighted Lines (Water Practice),https://www.vfxapprentice.com/products/hand-drawn-2d-fx-level-1/categories/2150627445/posts/2158960475,https://www.vfxapprentice.com/products/hand-drawn-2d-fx-level-1/categories/2150627445,Hand-Drawn 2D FX_ Level 1/Drawing Foundations - Design/Lesson Sketch/Sketch - Using Weighted Lines (Water Practice).html,REPLACED,265828,40.408,
post,Sketch - Drawing from a Reference,https://www.vfxapprentice.com/products/hand-drawn-2d-fx-level-1/categories/2150627445/posts/2158960476,https://www.vfxapprentice.com/products/hand-drawn-2d-fx-level-1/categories/2150627445,Hand-Drawn 2D FX_ Level 1/Drawing Foundations - Design/Lesson Sketch/Sketch - Drawing from a Reference.html,REPLACED,261741,39.428,
post,Drawing Foundations Review,https://www.vfxapprentice.com/products/hand-drawn-2d-fx-level-1/categories/2150659699/posts/2159034240,https://www.vfxapprentice.com/products/hand-drawn-2d-fx-level-1/categories/2150659699,Hand-Drawn 2D FX_ Level 1/Drawing Foundations - Design/Review/Drawing Foundations Review.html,REPLACED,258198,58.800,
post,Start Animating!,https://www.vfxapprentice.com/products/hand-drawn-2d-fx-level-1/categories/2150627208/posts/2158962118,https://www.vfxapprentice.com/products/hand-drawn-2d-fx-level-1/categories/2150627208,Hand-Drawn 2D FX_ Level 1/2D Software Introduction - Explained/Intro to Animate/Start Animating!.html,REPLACED,266479,47.780,
post,The Drawing Tools,https://www.vfxapprentice.com/products/hand-drawn-2d-fx-level-1/categories/2150627208/posts/2158962120,https://www.vfxapprentice.com/products/hand-drawn-2d-fx-level-1/categories/2150627208,Hand-Drawn 2D FX_ Level 1/2D Software Introduction - Explained/Intro to Animate/The Drawing Tools.html,REPLACED,269053,49.394,
post,Software Setup,https://www.vfxapprentice.com/products/hand-drawn-2d-fx-level-1/categories/2150627208/posts/2158962119,https://www.vfxapprentice.com/products/hand-drawn-2d-fx-level-1/categories/2150627208,Hand-Drawn 2D FX_ Level 1/2D Software Introduction - Explained/Intro to Animate/Software Setup.html,REPLACED,261767,51.327,
post,Timeline Controls,https://www.vfxapprentice.com/products/hand-drawn-2d-fx-level-1/categories/2150627208/posts/2158962123,https://www.vfxapprentice.com/products/hand-drawn-2d-fx-level-1/categories/2150627208,Hand-Drawn 2D FX_ Level 1/2D Software Introduction - Explained/Intro to Animate/Timeline Controls.html,REPLACED,261485,45.607,
post,Creating Irregular Flipbooks,https://www.vfxapprentice.com/products/hand-drawn-2d-fx-level-1/categories/2150627208/posts/2158962126,https://www.vfxapprentice.com/products/hand-drawn-2d-fx-level-1/categories/2150627208,Hand-Drawn 2D FX_ Level 1/2D Software Introduction - Explained/Intro to Animate/Creating Irregular Flipbooks.html,REPLACED,261894,35.747,
post,Creating Flipbooks,https://www.vfxapprentice.com/products/hand-drawn-2d-fx-level-1/categories/2150627208/posts/2158962124,https://www.vfxapprentice.com/products/hand-drawn-2d-fx-level-1/categories/2150627208,Hand-Drawn 2D FX_ Level 1/2D Software Introduction - Explained/Intro to Animate/Creating Flipbooks.html,REPLACED,269660,39.290,
post,BONUS - Cleanup Animation,https://www.vfxapprentice.com/products/hand-drawn-2d-fx-level-1/categories/2150627208/posts/2158962130,https://www.vfxapprentice.com/products/hand-drawn-2d-fx-level-1/categories/2150627208,Hand-Drawn 2D FX_ Level 1/2D Software Introduction - Explained/Intro to Animate/BONUS - Cleanup Animation.html,REPLACED,261984,67.369,
post,Node Setup & Compositing,https://www.vfxapprentice.com/products/hand-drawn-2d-fx-level-1/categories/2150627207/posts/2158962146,https://www.vfxapprentice.com/products/hand-drawn-2d-fx-level-1/categories/2150627207,Hand-Drawn 2D FX_ Level 1/2D Software Introduction - Explained/Intro to Harmony/Node Setup & Compositing.html,REPLACED,265791,16.862,
post,Flipbook Creation,https://www.vfxapprentice.com/products/hand-drawn-2d-fx-level-1/categories/2150627207/posts/2158962150,https://www.vfxapprentice.com/products/hand-drawn-2d-fx-level-1/categories/2150627207,Hand-Drawn 2D FX_ Level 1/2D Software Introduction - Explained/Intro to Harmony/Flipbook Creation.html,REPLACED,262346,8.401,
post,Photoshop for VFX Artists - 1: Tools,https://www.vfxapprentice.com/products/hand-drawn-2d-fx-level-1/categories/2150627459/posts/2159032198,https://www.vfxapprentice.com/products/hand-drawn-2d-fx-level-1/categories/2150627459,Hand-Drawn 2D FX_ Level 1/2D Software Introduction - Explained/Intro to Photoshop/Photoshop for VFX Artists - 1_ Tools.html,REPLACED,263362,15.946,
post,Photoshop for VFX Artists - 2: Layers,https://www.vfxapprentice.com/products/hand-drawn-2d-fx-level-1/categories/2150627459/posts/2159032201,https://www.vfxapprentice.com/products/hand-drawn-2d-fx-level-1/categories/2150627459,Hand-Drawn 2D FX_ Level 1/2D Software Introduction - Explained/Intro to Photoshop/Photoshop for VFX Artists - 2_ Layers.html,REPLACED,263060,13.542,
post,Photoshop for VFX Artists - 3: Adjustments,https://www.vfxapprentice.com/products/hand-drawn-2d-fx-level-1/categories/2150627459/posts/2159032202,https://www.vfxapprentice.com/products/hand-drawn-2d-fx-level-1/categories/2150627459,Hand-Drawn 2D FX_ Level 1/2D Software Introduction - Explained/Intro to Photoshop/Photoshop for VFX Artists - 3_ Adjustments.html,REPLACED,264881,12.575,
post,Photoshop for VFX Artists - 4: Pro Tips,https://www.vfxapprentice.com/products/hand-drawn-2d-fx-level-1/categories/2150627459/posts/2159032203,https://www.vfxapprentice.com/products/hand-drawn-2d-fx-level-1/categories/2150627459,Hand-Drawn 2D FX_ Level 1/2D Software Introduction - Explained/Intro to Photoshop/Photoshop for VFX Artists - 4_ Pro Tips.html,REPLACED,263607,7.123,
post,Photoshop For VFX Artists - 5: Animation,https://www.vfxapprentice.com/products/hand-drawn-2d-fx-level-1/categories/2150627459/posts/2170119553,https://www.vfxapprentice.com/products/hand-drawn-2d-fx-level-1/categories/2150627459,Hand-Drawn 2D FX_ Level 1/2D Software Introduction - Explained/Intro to Photoshop/Photoshop For VFX Artists - 5_ Animation.html,REPLACED,268783,12.815,
post,2D Software Introduction Review,https://www.vfxapprentice.com/products/hand-drawn-2d-fx-level-1/categories/2150659703/posts/2159034276,https://www.vfxapprentice.com/products/hand-drawn-2d-fx-level-1/categories/2150659703,Hand-Drawn 2D FX_ Level 1/2D Software Introduction - Explained/Review/2D Software Introduction Review.html,REPLACED,257862,7.112,
post,Small to Big - Intro Animation,https://www.vfxapprentice.com/products/hand-drawn-2d-fx-level-1/categories/2151838203/posts/2163608805,https://www.vfxapprentice.com/products/hand-drawn-2d-fx-level-1/categories/2151838203,Hand-Drawn 2D FX_ Level 1/2D FX Basics - Animation/2D FX Playbook/Small to Big - Intro Animation.html,REPLACED,268062,13.602,
post,Pop-up - Intro Animation,https://www.vfxapprentice.com/products/hand-drawn-2d-fx-level-1/categories/2151838203/posts/2163608808,https://www.vfxapprentice.com/products/hand-drawn-2d-fx-level-1/categories/2151838203,Hand-Drawn 2D FX_ Level 1/2D FX Basics - Animation/2D FX Playbook/Pop-up - Intro Animation.html,REPLACED,261654,13.753,
post,Squash & Stretch - Intro Animation,https://www.vfxapprentice.com/products/hand-drawn-2d-fx-level-1/categories/2151838203/posts/2163608815,https://www.vfxapprentice.com/products/hand-drawn-2d-fx-level-1/categories/2151838203,Hand-Drawn 2D FX_ Level 1/2D FX Basics - Animation/2D FX Playbook/Squash & Stretch - Intro Animation.html,REPLACED,262224,13.323,
post,In-motion - Intro Animation,https://www.vfxapprentice.com/products/hand-drawn-2d-fx-level-1/categories/2151838203/posts/2163608825,https://www.vfxapprentice.com/products/hand-drawn-2d-fx-level-1/categories/2151838203,Hand-Drawn 2D FX_ Level 1/2D FX Basics - Animation/2D FX Playbook/In-motion - Intro Animation.html,REPLACED,265869,12.944,
post,Big to Small - Outro Animation,https://www.vfxapprentice.com/products/hand-drawn-2d-fx-level-1/categories/2151838203/posts/2163765364,https://www.vfxapprentice.com/products/hand-drawn-2d-fx-level-1/categories/2151838203,Hand-Drawn 2D FX_ Level 1/2D FX Basics - Animation/2D FX Playbook/Big to Small - Outro Animation.html,REPLACED,267687,11.320,
post,Break into Pieces - Outro Animation,https://www.vfxapprentice.com/products/hand-drawn-2d-fx-level-1/categories/2151838203/posts/2163765366,https://www.vfxapprentice.com/products/hand-drawn-2d-fx-level-1/categories/2151838203,Hand-Drawn 2D FX_ Level 1/2D FX Basics - Animation/2D FX Playbook/Break into Pieces - Outro Animation.html,REPLACED,265492,6.982,
post,Carving out Shapes - Outro Animation,https://www.vfxapprentice.com/products/hand-drawn-2d-fx-level-1/categories/2151838203/posts/2163765371,https://www.vfxapprentice.com/products/hand-drawn-2d-fx-level-1/categories/2151838203,Hand-Drawn 2D FX_ Level 1/2D FX Basics - Animation/2D FX Playbook/Carving out Shapes - Outro Animation.html,REPLACED,266737,13.197,
post,Timing Offset - Looping Effects,https://www.vfxapprentice.com/products/hand-drawn-2d-fx-level-1/categories/2151838203/posts/2171429855,https://www.vfxapprentice.com/products/hand-drawn-2d-fx-level-1/categories/2151838203,Hand-Drawn 2D FX_ Level 1/2D FX Basics - Animation/2D FX Playbook/Timing Offset - Looping Effects.html,REPLACED,261869,7.771,
post,Rotating Keys - Looping Effects,https://www.vfxapprentice.com/products/hand-drawn-2d-fx-level-1/categories/2151838203/posts/2171429904,https://www.vfxapprentice.com/products/hand-drawn-2d-fx-level-1/categories/2151838203,Hand-Drawn 2D FX_ Level 1/2D FX Basics - Animation/2D FX Playbook/Rotating Keys - Looping Effects.html,REPLACED,267235,11.468,
post,Wave Principle - Looping Effects,https://www.vfxapprentice.com/products/hand-drawn-2d-fx-level-1/categories/2151838203/posts/2171429923,https://www.vfxapprentice.com/products/hand-drawn-2d-fx-level-1/categories/2151838203,Hand-Drawn 2D FX_ Level 1/2D FX Basics - Animation/2D FX Playbook/Wave Principle - Looping Effects.html,REPLACED,265532,6.521,
post,Linear Keyframes - Looping Effects,https://www.vfxapprentice.com/products/hand-drawn-2d-fx-level-1/categories/2151838203/posts/2171429925,https://www.vfxapprentice.com/products/hand-drawn-2d-fx-level-1/categories/2151838203,Hand-Drawn 2D FX_ Level 1/2D FX Basics - Animation/2D FX Playbook/Linear Keyframes - Looping Effects.html,REPLACED,266994,12.342,
post,Effects in Motion - Overlapping Action,https://www.vfxapprentice.com/products/hand-drawn-2d-fx-level-1/categories/2151838203/posts/2171429927,https://www.vfxapprentice.com/products/hand-drawn-2d-fx-level-1/categories/2151838203,Hand-Drawn 2D FX_ Level 1/2D FX Basics - Animation/2D FX Playbook/Effects in Motion - Overlapping Action.html,REPLACED,267628,6.305,
post,2D FX Basics Review,https://www.vfxapprentice.com/products/hand-drawn-2d-fx-level-1/categories/2153488366/posts/2170122606,https://www.vfxapprentice.com/products/hand-drawn-2d-fx-level-1/categories/2153488366,Hand-Drawn 2D FX_ Level 1/2D FX Basics - Animation/Review/2D FX Basics Review.html,REPLACED,261237,8.661,
post,Introduction & First Batch Animation,https://www.vfxapprentice.com/products/hand-drawn-2d-fx-level-1/categories/2150627214/posts/2158960251,https://www.vfxapprentice.com/products/hand-drawn-2d-fx-level-1/categories/2150627214,Hand-Drawn 2D FX_ Level 1/Applied Foundations - Animation/Line Wiggle Warmup/Introduction & First Batch Animation.html,REPLACED,266922,6.621,
post,First Batch Cleanup,https://www.vfxapprentice.com/products/hand-drawn-2d-fx-level-1/categories/2150627214/posts/2158960254,https://www.vfxapprentice.com/products/hand-drawn-2d-fx-level-1/categories/2150627214,Hand-Drawn 2D FX_ Level 1/Applied Foundations - Animation/Line Wiggle Warmup/First Batch Cleanup.html,REPLACED,261892,6.994,
post,Second Batch Animation,https://www.vfxapprentice.com/products/hand-drawn-2d-fx-level-1/categories/2150627214/posts/2158960255,https://www.vfxapprentice.com/products/hand-drawn-2d-fx-level-1/categories/2150627214,Hand-Drawn 2D FX_ Level 1/Applied Foundations - Animation/Line Wiggle Warmup/Second Batch Animation.html,REPLACED,262680,12.728,
post,Second Batch Cleanup,https://www.vfxapprentice.com/products/hand-drawn-2d-fx-level-1/categories/2150627214/posts/2158960259,https://www.vfxapprentice.com/products/hand-drawn-2d-fx-level-1/categories/2150627214,Hand-Drawn 2D FX_ Level 1/Applied Foundations - Animation/Line Wiggle Warmup/Second Batch Cleanup.html,REPLACED,261732,6.328,
post,Straight-Ahead Approach,https://www.vfxapprentice.com/products/hand-drawn-2d-fx-level-1/categories/2150627215/posts/2158960241,https://www.vfxapprentice.com/products/hand-drawn-2d-fx-level-1/categories/2150627215,Hand-Drawn 2D FX_ Level 1/Applied Foundations - Animation/Negative Shapes_ Blip Animation/Straight-Ahead Approach.html,REPLACED,261857,6.931,
post,Animation Cleanup,https://www.vfxapprentice.com/products/hand-drawn-2d-fx-level-1/categories/2150627215/posts/2158960242,https://www.vfxapprentice.com/products/hand-drawn-2d-fx-level-1/categories/2150627215,Hand-Drawn 2D FX_ Level 1/Applied Foundations - Animation/Negative Shapes_ Blip Animation/Animation Cleanup.html,REPLACED,262430,11.372,
post,Symbol Technique,https://www.vfxapprentice.com/products/hand-drawn-2d-fx-level-1/categories/2150627215/posts/2158960244,https://www.vfxapprentice.com/products/hand-drawn-2d-fx-level-1/categories/2150627215,Hand-Drawn 2D FX_ Level 1/Applied Foundations - Animation/Negative Shapes_ Blip Animation/Symbol Technique.html,REPLACED,261176,6.721,
post,Software Setup,https://www.vfxapprentice.com/products/hand-drawn-2d-fx-level-1/categories/2150627207/posts/2158962142,https://www.vfxapprentice.com/products/hand-drawn-2d-fx-level-1/categories/2150627207,Hand-Drawn 2D FX_ Level 1/2D Software Introduction - Explained/Intro to Harmony/Software Setup.html,REPLACED,261487,332.249,
post,Tools & Timeline,https://www.vfxapprentice.com/products/hand-drawn-2d-fx-level-1/categories/2150627207/posts/2158962143,https://www.vfxapprentice.com/products/hand-drawn-2d-fx-level-1/categories/2150627207,Hand-Drawn 2D FX_ Level 1/2D Software Introduction - Explained/Intro to Harmony/Tools & Timeline.html,REPLACED,266084,332.132,
post,Animating Sparkles,https://www.vfxapprentice.com/products/hand-drawn-2d-fx-level-1/categories/2150627217/posts/2158960232,https://www.vfxapprentice.com/products/hand-drawn-2d-fx-level-1/categories/2150627217,Hand-Drawn 2D FX_ Level 1/Applied Foundations - Animation/Sparkle/Animating Sparkles.html,REPLACED,262361,8.808,
post,Adding Glows,https://www.vfxapprentice.com/products/hand-drawn-2d-fx-level-1/categories/2150627217/posts/2158960236,https://www.vfxapprentice.com/products/hand-drawn-2d-fx-level-1/categories/2150627217,Hand-Drawn 2D FX_ Level 1/Applied Foundations - Animation/Sparkle/Adding Glows.html,REPLACED,261895,17.206,
post,Cleanup Sparkle Animation,https://www.vfxapprentice.com/products/hand-drawn-2d-fx-level-1/categories/2150627217/posts/2158960234,https://www.vfxapprentice.com/products/hand-drawn-2d-fx-level-1/categories/2150627217,Hand-Drawn 2D FX_ Level 1/Applied Foundations - Animation/Sparkle/Cleanup Sparkle Animation.html,REPLACED,262687,17.322,
post,BONUS -  Attempted Sparkle Animation,https://www.vfxapprentice.com/products/hand-drawn-2d-fx-level-1/categories/2150627217/posts/2158960237,https://www.vfxapprentice.com/products/hand-drawn-2d-fx-level-1/categories/2150627217,Hand-Drawn 2D FX_ Level 1/Applied Foundations - Animation/Sparkle/BONUS -  Attempted Sparkle Animation.html,REPLACED,262040,15.556,
post,Reference Review,https://www.vfxapprentice.com/products/hand-drawn-2d-fx-level-1/categories/2150627219/posts/2158960178,https://www.vfxapprentice.com/products/hand-drawn-2d-fx-level-1/categories/2150627219,Hand-Drawn 2D FX_ Level 1/Applied Foundations - Animation/Abstract Lightning/Reference Review.html,REPLACED,266582,16.096,
post,Final Lightning Review,https://www.vfxapprentice.com/products/hand-drawn-2d-fx-level-1/categories/2150627219/posts/2158960179,https://www.vfxapprentice.com/products/hand-drawn-2d-fx-level-1/categories/2150627219,Hand-Drawn 2D FX_ Level 1/Applied Foundations - Animation/Abstract Lightning/Final Lightning Review.html,REPLACED,266827,17.907,
post,First Attempts,https://www.vfxapprentice.com/products/hand-drawn-2d-fx-level-1/categories/2150627219/posts/2158960181,https://www.vfxapprentice.com/products/hand-drawn-2d-fx-level-1/categories/2150627219,Hand-Drawn 2D FX_ Level 1/Applied Foundations - Animation/Abstract Lightning/First Attempts.html,REPLACED,262756,17.143,
post,Begin to Animate!,https://www.vfxapprentice.com/products/hand-drawn-2d-fx-level-1/categories/2150627207/posts/2158962135,https://www.vfxapprentice.com/products/hand-drawn-2d-fx-level-1/categories/2150627207,Hand-Drawn 2D FX_ Level 1/2D Software Introduction - Explained/Intro to Harmony/Begin to Animate!.html,REPLACED,270992,384.417,
post,Third Attempt,https://www.vfxapprentice.com/products/hand-drawn-2d-fx-level-1/categories/2150627219/posts/2158960183,https://www.vfxapprentice.com/products/hand-drawn-2d-fx-level-1/categories/2150627219,Hand-Drawn 2D FX_ Level 1/Applied Foundations - Animation/Abstract Lightning/Third Attempt.html,REPLACED,262452,18.378,
post,Rough Animation: Part 2,https://www.vfxapprentice.com/products/hand-drawn-2d-fx-level-1/categories/2150627220/posts/2158960138,https://www.vfxapprentice.com/products/hand-drawn-2d-fx-level-1/categories/2150627220,Hand-Drawn 2D FX_ Level 1/Applied Foundations - Animation/Fireball/Rough Animation_ Part 2.html,REPLACED,261685,16.300,
post,Cleanup & Polish,https://www.vfxapprentice.com/products/hand-drawn-2d-fx-level-1/categories/2150627219/posts/2158960205,https://www.vfxapprentice.com/products/hand-drawn-2d-fx-level-1/categories/2150627219,Hand-Drawn 2D FX_ Level 1/Applied Foundations - Animation/Abstract Lightning/Cleanup & Polish.html,REPLACED,263293,39.736,
post,Rough Animation Revisions,https://www.vfxapprentice.com/products/hand-drawn-2d-fx-level-1/categories/2150627220/posts/2158960141,https://www.vfxapprentice.com/products/hand-drawn-2d-fx-level-1/categories/2150627220,Hand-Drawn 2D FX_ Level 1/Applied Foundations - Animation/Fireball/Rough Animation Revisions.html,REPLACED,262676,9.025,
post,Rough Animation Touch Up,https://www.vfxapprentice.com/products/hand-drawn-2d-fx-level-1/categories/2150627220/posts/2158960144,https://www.vfxapprentice.com/products/hand-drawn-2d-fx-level-1/categories/2150627220,Hand-Drawn 2D FX_ Level 1/Applied Foundations - Animation/Fireball/Rough Animation Touch Up.html,REPLACED,261738,18.025,
post,Cleanup & First Color Pass,https://www.vfxapprentice.com/products/hand-drawn-2d-fx-level-1/categories/2150627220/posts/2158960145,https://www.vfxapprentice.com/products/hand-drawn-2d-fx-level-1/categories/2150627220,Hand-Drawn 2D FX_ Level 1/Applied Foundations - Animation/Fireball/Cleanup & First Color Pass.html,REPLACED,262457,16.496,
post,Final Steps (Unnarrated),https://www.vfxapprentice.com/products/hand-drawn-2d-fx-level-1/categories/2150627220/posts/2158960151,https://www.vfxapprentice.com/products/hand-drawn-2d-fx-level-1/categories/2150627220,Hand-Drawn 2D FX_ Level 1/Applied Foundations - Animation/Fireball/Final Steps (Unnarrated).html,REPLACED,260722,15.695,
post,Second Color Pass,https://www.vfxapprentice.com/products/hand-drawn-2d-fx-level-1/categories/2150627220/posts/2158960149,https://www.vfxapprentice.com/products/hand-drawn-2d-fx-level-1/categories/2150627220,Hand-Drawn 2D FX_ Level 1/Applied Foundations - Animation/Fireball/Second Color Pass.html,REPLACED,262050,16.810,
post,Applied Foundations Review,https://www.vfxapprentice.com/products/hand-drawn-2d-fx-level-1/categories/2150659705/posts/2159034317,https://www.vfxapprentice.com/products/hand-drawn-2d-fx-level-1/categories/2150659705,Hand-Drawn 2D FX_ Level 1/Applied Foundations - Animation/Review/Applied Foundations Review.html,REPLACED,258176,12.536,
post,Intro & Fire Techniques,https://www.vfxapprentice.com/products/hand-drawn-2d-fx-level-1/categories/2150627461/posts/2158960532,https://www.vfxapprentice.com/products/hand-drawn-2d-fx-level-1/categories/2150627461,Hand-Drawn 2D FX_ Level 1/Intro to FX Concept Painting - Design/Painting Techniques/Intro & Fire Techniques.html,REPLACED,268142,16.481,
post,Wisp Technique,https://www.vfxapprentice.com/products/hand-drawn-2d-fx-level-1/categories/2150627461/posts/2158960533,https://www.vfxapprentice.com/products/hand-drawn-2d-fx-level-1/categories/2150627461,Hand-Drawn 2D FX_ Level 1/Intro to FX Concept Painting - Design/Painting Techniques/Wisp Technique.html,REPLACED,265844,13.691,
post,Zap Technique,https://www.vfxapprentice.com/products/hand-drawn-2d-fx-level-1/categories/2150627461/posts/2158960535,https://www.vfxapprentice.com/products/hand-drawn-2d-fx-level-1/categories/2150627461,Hand-Drawn 2D FX_ Level 1/Intro to FX Concept Painting - Design/Painting Techniques/Zap Technique.html,REPLACED,261612,13.775,
post,Intro to FX Concept Painting Review,https://www.vfxapprentice.com/products/hand-drawn-2d-fx-level-1/categories/2150659772/posts/2159034812,https://www.vfxapprentice.com/products/hand-drawn-2d-fx-level-1/categories/2150659772,Hand-Drawn 2D FX_ Level 1/Intro to FX Concept Painting - Design/Review/Intro to FX Concept Painting Review.html,REPLACED,261488,7.590,
post,Goo Technique,https://www.vfxapprentice.com/products/hand-drawn-2d-fx-level-1/categories/2150627461/posts/2158960538,https://www.vfxapprentice.com/products/hand-drawn-2d-fx-level-1/categories/2150627461,Hand-Drawn 2D FX_ Level 1/Intro to FX Concept Painting - Design/Painting Techniques/Goo Technique.html,REPLACED,266355,13.651,
post,Fire Explosion Thumbnails,https://www.vfxapprentice.com/products/hand-drawn-2d-fx-level-1/categories/2150627650/posts/2159032250,https://www.vfxapprentice.com/products/hand-drawn-2d-fx-level-1/categories/2150627650,Hand-Drawn 2D FX_ Level 1/FX Concept Painting Elemental Studies - Design/Fire Explosion/Fire Explosion Thumbnails.html,REPLACED,261585,12.627,
post,Painting & Commentary (version 1),https://www.vfxapprentice.com/products/hand-drawn-2d-fx-level-1/categories/2150627650/posts/2159032251,https://www.vfxapprentice.com/products/hand-drawn-2d-fx-level-1/categories/2150627650,Hand-Drawn 2D FX_ Level 1/FX Concept Painting Elemental Studies - Design/Fire Explosion/Painting & Commentary (version 1).html,REPLACED,267476,13.962,
post,Painting & Commentary (version 2),https://www.vfxapprentice.com/products/hand-drawn-2d-fx-level-1/categories/2150627650/posts/2159032252,https://www.vfxapprentice.com/products/hand-drawn-2d-fx-level-1/categories/2150627650,Hand-Drawn 2D FX_ Level 1/FX Concept Painting Elemental Studies - Design/Fire Explosion/Painting & Commentary (version 2).html,REPLACED,262122,12.947,
post,Fire Explosion Paintover - Jeff Gates,https://www.vfxapprentice.com/products/hand-drawn-2d-fx-level-1/categories/2150627650/posts/2159032253,https://www.vfxapprentice.com/products/hand-drawn-2d-fx-level-1/categories/2150627650,Hand-Drawn 2D FX_ Level 1/FX Concept Painting Elemental Studies - Design/Fire Explosion/Fire Explosion Paintover - Jeff Gates.html,REPLACED,262393,12.287,
post,Painting & Commentary,https://www.vfxapprentice.com/products/hand-drawn-2d-fx-level-1/categories/2150627651/posts/2159032254,https://www.vfxapprentice.com/products/hand-drawn-2d-fx-level-1/categories/2150627651,Hand-Drawn 2D FX_ Level 1/FX Concept Painting Elemental Studies - Design/Wispy Cloud/Painting & Commentary.html,REPLACED,262322,8.192,
post,Thumbnails,https://www.vfxapprentice.com/products/hand-drawn-2d-fx-level-1/categories/2150627652/posts/2159032255,https://www.vfxapprentice.com/products/hand-drawn-2d-fx-level-1/categories/2150627652,Hand-Drawn 2D FX_ Level 1/FX Concept Painting Elemental Studies - Design/Lightning Zap/Thumbnails.html,REPLACED,261656,19.743,
post,Painting & Commentary,https://www.vfxapprentice.com/products/hand-drawn-2d-fx-level-1/categories/2150627652/posts/2159032257,https://www.vfxapprentice.com/products/hand-drawn-2d-fx-level-1/categories/2150627652,Hand-Drawn 2D FX_ Level 1/FX Concept Painting Elemental Studies - Design/Lightning Zap/Painting & Commentary.html,REPLACED,262906,20.375,
post,Thumbnails,https://www.vfxapprentice.com/products/hand-drawn-2d-fx-level-1/categories/2150627654/posts/2159032258,https://www.vfxapprentice.com/products/hand-drawn-2d-fx-level-1/categories/2150627654,Hand-Drawn 2D FX_ Level 1/FX Concept Painting Elemental Studies - Design/Goo Splat/Thumbnails.html,REPLACED,261810,26.505,
post,Painting & Commentary,https://www.vfxapprentice.com/products/hand-drawn-2d-fx-level-1/categories/2150627654/posts/2159032259,https://www.vfxapprentice.com/products/hand-drawn-2d-fx-level-1/categories/2150627654,Hand-Drawn 2D FX_ Level 1/FX Concept Painting Elemental Studies - Design/Goo Splat/Painting & Commentary.html,REPLACED,262369,20.140,
post,Concept Sketches & Timing Pass,https://www.vfxapprentice.com/products/hand-drawn-2d-fx-level-1/categories/2150627220/posts/2158960130,https://www.vfxapprentice.com/products/hand-drawn-2d-fx-level-1/categories/2150627220,Hand-Drawn 2D FX_ Level 1/Applied Foundations - Animation/Fireball/Concept Sketches & Timing Pass.html,REPLACED,262723,195.612,
post,Rough Animation: Part 1,https://www.vfxapprentice.com/products/hand-drawn-2d-fx-level-1/categories/2150627220/posts/2158960132,https://www.vfxapprentice.com/products/hand-drawn-2d-fx-level-1/categories/2150627220,Hand-Drawn 2D FX_ Level 1/Applied Foundations - Animation/Fireball/Rough Animation_ Part 1.html,REPLACED,262140,191.649,
post,FX Concept Painting Elemental Studies Review,https://www.vfxapprentice.com/products/hand-drawn-2d-fx-level-1/categories/2150659778/posts/2159034814,https://www.vfxapprentice.com/products/hand-drawn-2d-fx-level-1/categories/2150659778,Hand-Drawn 2D FX_ Level 1/FX Concept Painting Elemental Studies - Design/Review/FX Concept Painting Elemental Studies Review.html,REPLACED,262255,19.984,
post,Painting & Commentary,https://www.vfxapprentice.com/products/hand-drawn-2d-fx-level-1/categories/2150627655/posts/2159032261,https://www.vfxapprentice.com/products/hand-drawn-2d-fx-level-1/categories/2150627655,Hand-Drawn 2D FX_ Level 1/FX Concept Painting Elemental Studies - Design/Sparker & Aquanna Illustration/Painting & Commentary.html,REPLACED,262127,21.781,
post,Corona Shine,https://www.vfxapprentice.com/products/hand-drawn-2d-fx-level-1/categories/2150627237/posts/2158959854,https://www.vfxapprentice.com/products/hand-drawn-2d-fx-level-1/categories/2150627237,Hand-Drawn 2D FX_ Level 1/Small 2D FX Animation Studies - Animation/Light Burst/Corona Shine.html,REPLACED,263231,43.150,
post,Color & Glow,https://www.vfxapprentice.com/products/hand-drawn-2d-fx-level-1/categories/2150627237/posts/2158959981,https://www.vfxapprentice.com/products/hand-drawn-2d-fx-level-1/categories/2150627237,Hand-Drawn 2D FX_ Level 1/Small 2D FX Animation Studies - Animation/Light Burst/Color & Glow.html,REPLACED,263757,7.553,
post,Flipbook Creation,https://www.vfxapprentice.com/products/hand-drawn-2d-fx-level-1/categories/2150627237/posts/2158959984,https://www.vfxapprentice.com/products/hand-drawn-2d-fx-level-1/categories/2150627237,Hand-Drawn 2D FX_ Level 1/Small 2D FX Animation Studies - Animation/Light Burst/Flipbook Creation.html,REPLACED,268605,14.905,
post,Primary Motion,https://www.vfxapprentice.com/products/hand-drawn-2d-fx-level-1/categories/2150627238/posts/2158960005,https://www.vfxapprentice.com/products/hand-drawn-2d-fx-level-1/categories/2150627238,Hand-Drawn 2D FX_ Level 1/Small 2D FX Animation Studies - Animation/Fire Swoosh/Primary Motion.html,REPLACED,266877,6.349,
post,Secondary Bits,https://www.vfxapprentice.com/products/hand-drawn-2d-fx-level-1/categories/2150627238/posts/2158960006,https://www.vfxapprentice.com/products/hand-drawn-2d-fx-level-1/categories/2150627238,Hand-Drawn 2D FX_ Level 1/Small 2D FX Animation Studies - Animation/Fire Swoosh/Secondary Bits.html,REPLACED,262258,6.325,
post,Inner Shapes,https://www.vfxapprentice.com/products/hand-drawn-2d-fx-level-1/categories/2150627238/posts/2158960009,https://www.vfxapprentice.com/products/hand-drawn-2d-fx-level-1/categories/2150627238,Hand-Drawn 2D FX_ Level 1/Small 2D FX Animation Studies - Animation/Fire Swoosh/Inner Shapes.html,REPLACED,262594,6.459,
post,Inbetweens,https://www.vfxapprentice.com/products/hand-drawn-2d-fx-level-1/categories/2150627238/posts/2158960010,https://www.vfxapprentice.com/products/hand-drawn-2d-fx-level-1/categories/2150627238,Hand-Drawn 2D FX_ Level 1/Small 2D FX Animation Studies - Animation/Fire Swoosh/Inbetweens.html,REPLACED,262050,6.471,
post,Flipbook Creation,https://www.vfxapprentice.com/products/hand-drawn-2d-fx-level-1/categories/2150627238/posts/2158960012,https://www.vfxapprentice.com/products/hand-drawn-2d-fx-level-1/categories/2150627238,Hand-Drawn 2D FX_ Level 1/Small 2D FX Animation Studies - Animation/Fire Swoosh/Flipbook Creation.html,REPLACED,262494,6.458,
post,Primary Motion,https://www.vfxapprentice.com/products/hand-drawn-2d-fx-level-1/categories/2150627240/posts/2158960021,https://www.vfxapprentice.com/products/hand-drawn-2d-fx-level-1/categories/2150627240,Hand-Drawn 2D FX_ Level 1/Small 2D FX Animation Studies - Animation/Nether Poof/Primary Motion.html,REPLACED,263379,9.969,
post,Retiming & Inbetweens,https://www.vfxapprentice.com/products/hand-drawn-2d-fx-level-1/categories/2150627240/posts/2158960023,https://www.vfxapprentice.com/products/hand-drawn-2d-fx-level-1/categories/2150627240,Hand-Drawn 2D FX_ Level 1/Small 2D FX Animation Studies - Animation/Nether Poof/Retiming & Inbetweens.html,REPLACED,262806,9.856,
post,Inner Shapes,https://www.vfxapprentice.com/products/hand-drawn-2d-fx-level-1/categories/2150627240/posts/2158960025,https://www.vfxapprentice.com/products/hand-drawn-2d-fx-level-1/categories/2150627240,Hand-Drawn 2D FX_ Level 1/Small 2D FX Animation Studies - Animation/Nether Poof/Inner Shapes.html,REPLACED,263700,6.287,
post,Highlights,https://www.vfxapprentice.com/products/hand-drawn-2d-fx-level-1/categories/2150627240/posts/2158960028,https://www.vfxapprentice.com/products/hand-drawn-2d-fx-level-1/categories/2150627240,Hand-Drawn 2D FX_ Level 1/Small 2D FX Animation Studies - Animation/Nether Poof/Highlights.html,REPLACED,263545,6.199,
post,Color Adjustments & Glows,https://www.vfxapprentice.com/products/hand-drawn-2d-fx-level-1/categories/2150627240/posts/2158960043,https://www.vfxapprentice.com/products/hand-drawn-2d-fx-level-1/categories/2150627240,Hand-Drawn 2D FX_ Level 1/Small 2D FX Animation Studies - Animation/Nether Poof/Color Adjustments & Glows.html,REPLACED,263118,9.692,
post,Raw Time-lapse,https://www.vfxapprentice.com/products/hand-drawn-2d-fx-level-1/categories/2150627240/posts/2158960068,https://www.vfxapprentice.com/products/hand-drawn-2d-fx-level-1/categories/2150627240,Hand-Drawn 2D FX_ Level 1/Small 2D FX Animation Studies - Animation/Nether Poof/Raw Time-lapse.html,REPLACED,260679,6.372,
post,Inner Shapes,https://www.vfxapprentice.com/products/hand-drawn-2d-fx-level-1/categories/2150627237/posts/2158959965,https://www.vfxapprentice.com/products/hand-drawn-2d-fx-level-1/categories/2150627237,Hand-Drawn 2D FX_ Level 1/Small 2D FX Animation Studies - Animation/Light Burst/Inner Shapes.html,REPLACED,262723,141.612,
post,Straight-Ahead Silhouette,https://www.vfxapprentice.com/products/hand-drawn-2d-fx-level-1/categories/2150627241/posts/2158960071,https://www.vfxapprentice.com/products/hand-drawn-2d-fx-level-1/categories/2150627241,Hand-Drawn 2D FX_ Level 1/Small 2D FX Animation Studies - Animation/Poison Splat/Straight-Ahead Silhouette.html,REPLACED,264492,6.299,
post,Three-Dimensional Backside,https://www.vfxapprentice.com/products/hand-drawn-2d-fx-level-1/categories/2150627241/posts/2158960072,https://www.vfxapprentice.com/products/hand-drawn-2d-fx-level-1/categories/2150627241,Hand-Drawn 2D FX_ Level 1/Small 2D FX Animation Studies - Animation/Poison Splat/Three-Dimensional Backside.html,REPLACED,263228,7.958,
post,Revisions,https://www.vfxapprentice.com/products/hand-drawn-2d-fx-level-1/categories/2150627237/posts/2158959893,https://www.vfxapprentice.com/products/hand-drawn-2d-fx-level-1/categories/2150627237,Hand-Drawn 2D FX_ Level 1/Small 2D FX Animation Studies - Animation/Light Burst/Revisions.html,REPLACED,262790,153.993,
post,Edge Shadows,https://www.vfxapprentice.com/products/hand-drawn-2d-fx-level-1/categories/2150627241/posts/2158960075,https://www.vfxapprentice.com/products/hand-drawn-2d-fx-level-1/categories/2150627241,Hand-Drawn 2D FX_ Level 1/Small 2D FX Animation Studies - Animation/Poison Splat/Edge Shadows.html,REPLACED,263718,15.159,
post,"Color Adjustments, Glows, & Highlights",https://www.vfxapprentice.com/products/hand-drawn-2d-fx-level-1/categories/2150627241/posts/2158960078,https://www.vfxapprentice.com/products/hand-drawn-2d-fx-level-1/categories/2150627241,"Hand-Drawn 2D FX_ Level 1/Small 2D FX Animation Studies - Animation/Poison Splat/Color Adjustments, Glows, & Highlights.html",REPLACED,263216,15.238,
post,Raw Time-lapse,https://www.vfxapprentice.com/products/hand-drawn-2d-fx-level-1/categories/2150627241/posts/2158960081,https://www.vfxapprentice.com/products/hand-drawn-2d-fx-level-1/categories/2150627241,Hand-Drawn 2D FX_ Level 1/Small 2D FX Animation Studies - Animation/Poison Splat/Raw Time-lapse.html,REPLACED,264197,16.819,
post,Primary Motion,https://www.vfxapprentice.com/products/hand-drawn-2d-fx-level-1/categories/2150627242/posts/2158960084,https://www.vfxapprentice.com/products/hand-drawn-2d-fx-level-1/categories/2150627242,Hand-Drawn 2D FX_ Level 1/Small 2D FX Animation Studies - Animation/Dark Zap/Primary Motion.html,REPLACED,264109,17.386,
post,Secondary Shapes & Glow,https://www.vfxapprentice.com/products/hand-drawn-2d-fx-level-1/categories/2150627242/posts/2158960086,https://www.vfxapprentice.com/products/hand-drawn-2d-fx-level-1/categories/2150627242,Hand-Drawn 2D FX_ Level 1/Small 2D FX Animation Studies - Animation/Dark Zap/Secondary Shapes & Glow.html,REPLACED,263587,17.270,
post,Raw Time-lapse,https://www.vfxapprentice.com/products/hand-drawn-2d-fx-level-1/categories/2150627242/posts/2158960089,https://www.vfxapprentice.com/products/hand-drawn-2d-fx-level-1/categories/2150627242,Hand-Drawn 2D FX_ Level 1/Small 2D FX Animation Studies - Animation/Dark Zap/Raw Time-lapse.html,REPLACED,260663,16.709,
post,Basic Motion Setup,https://www.vfxapprentice.com/products/hand-drawn-2d-fx-level-1/categories/2150627243/posts/2158960090,https://www.vfxapprentice.com/products/hand-drawn-2d-fx-level-1/categories/2150627243,Hand-Drawn 2D FX_ Level 1/Small 2D FX Animation Studies - Animation/Bubbly Charm/Basic Motion Setup.html,REPLACED,263370,16.958,
post,Motion Cleanup,https://www.vfxapprentice.com/products/hand-drawn-2d-fx-level-1/categories/2150627243/posts/2158960099,https://www.vfxapprentice.com/products/hand-drawn-2d-fx-level-1/categories/2150627243,Hand-Drawn 2D FX_ Level 1/Small 2D FX Animation Studies - Animation/Bubbly Charm/Motion Cleanup.html,REPLACED,262862,18.774,
post,Shape Refinements,https://www.vfxapprentice.com/products/hand-drawn-2d-fx-level-1/categories/2150627243/posts/2158960100,https://www.vfxapprentice.com/products/hand-drawn-2d-fx-level-1/categories/2150627243,Hand-Drawn 2D FX_ Level 1/Small 2D FX Animation Studies - Animation/Bubbly Charm/Shape Refinements.html,REPLACED,263278,17.815,
post,Secondary Shapes,https://www.vfxapprentice.com/products/hand-drawn-2d-fx-level-1/categories/2150627243/posts/2158960101,https://www.vfxapprentice.com/products/hand-drawn-2d-fx-level-1/categories/2150627243,Hand-Drawn 2D FX_ Level 1/Small 2D FX Animation Studies - Animation/Bubbly Charm/Secondary Shapes.html,REPLACED,263151,18.357,
post,Polish & Glow,https://www.vfxapprentice.com/products/hand-drawn-2d-fx-level-1/categories/2150627243/posts/2158960103,https://www.vfxapprentice.com/products/hand-drawn-2d-fx-level-1/categories/2150627243,Hand-Drawn 2D FX_ Level 1/Small 2D FX Animation Studies - Animation/Bubbly Charm/Polish & Glow.html,REPLACED,266672,16.994,
post,Raw Time-lapse,https://www.vfxapprentice.com/products/hand-drawn-2d-fx-level-1/categories/2150627243/posts/2158960105,https://www.vfxapprentice.com/products/hand-drawn-2d-fx-level-1/categories/2150627243,Hand-Drawn 2D FX_ Level 1/Small 2D FX Animation Studies - Animation/Bubbly Charm/Raw Time-lapse.html,REPLACED,260622,18.313,
post,Primary Motion,https://www.vfxapprentice.com/products/hand-drawn-2d-fx-level-1/categories/2150627244/posts/2158960108,https://www.vfxapprentice.com/products/hand-drawn-2d-fx-level-1/categories/2150627244,Hand-Drawn 2D FX_ Level 1/Small 2D FX Animation Studies - Animation/Cyber Tech Slash/Primary Motion.html,REPLACED,263811,18.277,
post,Resolve Shapes,https://www.vfxapprentice.com/products/hand-drawn-2d-fx-level-1/categories/2150627244/posts/2158960110,https://www.vfxapprentice.com/products/hand-drawn-2d-fx-level-1/categories/2150627244,Hand-Drawn 2D FX_ Level 1/Small 2D FX Animation Studies - Animation/Cyber Tech Slash/Resolve Shapes.html,REPLACED,262181,18.775,
post,Cleanup,https://www.vfxapprentice.com/products/hand-drawn-2d-fx-level-1/categories/2150627244/posts/2158960111,https://www.vfxapprentice.com/products/hand-drawn-2d-fx-level-1/categories/2150627244,Hand-Drawn 2D FX_ Level 1/Small 2D FX Animation Studies - Animation/Cyber Tech Slash/Cleanup.html,REPLACED,261479,17.760,
post,Secondary Shapes,https://www.vfxapprentice.com/products/hand-drawn-2d-fx-level-1/categories/2150627244/posts/2158960113,https://www.vfxapprentice.com/products/hand-drawn-2d-fx-level-1/categories/2150627244,Hand-Drawn 2D FX_ Level 1/Small 2D FX Animation Studies - Animation/Cyber Tech Slash/Secondary Shapes.html,REPLACED,262520,17.857,
post,Accent Shapes & Color,https://www.vfxapprentice.com/products/hand-drawn-2d-fx-level-1/categories/2150627244/posts/2158960115,https://www.vfxapprentice.com/products/hand-drawn-2d-fx-level-1/categories/2150627244,Hand-Drawn 2D FX_ Level 1/Small 2D FX Animation Studies - Animation/Cyber Tech Slash/Accent Shapes & Color.html,REPLACED,262508,18.382,
post,Gradient & Glow,https://www.vfxapprentice.com/products/hand-drawn-2d-fx-level-1/categories/2150627244/posts/2158960117,https://www.vfxapprentice.com/products/hand-drawn-2d-fx-level-1/categories/2150627244,Hand-Drawn 2D FX_ Level 1/Small 2D FX Animation Studies - Animation/Cyber Tech Slash/Gradient & Glow.html,REPLACED,263378,17.607,
post,Raw Time-lapse,https://www.vfxapprentice.com/products/hand-drawn-2d-fx-level-1/categories/2150627244/posts/2158960119,https://www.vfxapprentice.com/products/hand-drawn-2d-fx-level-1/categories/2150627244,Hand-Drawn 2D FX_ Level 1/Small 2D FX Animation Studies - Animation/Cyber Tech Slash/Raw Time-lapse.html,REPLACED,260638,18.690,
post,Small 2D FX Studies Review,https://www.vfxapprentice.com/products/hand-drawn-2d-fx-level-1/categories/2150659779/posts/2159034804,https://www.vfxapprentice.com/products/hand-drawn-2d-fx-level-1/categories/2150659779,Hand-Drawn 2D FX_ Level 1/Small 2D FX Animation Studies - Animation/Review/Small 2D FX Studies Review.html,REPLACED,257786,16.998,
post,Color Tweaks Raw Time-lapse,https://www.vfxapprentice.com/products/hand-drawn-2d-fx-level-1/categories/2150627244/posts/2158960120,https://www.vfxapprentice.com/products/hand-drawn-2d-fx-level-1/categories/2150627244,Hand-Drawn 2D FX_ Level 1/Small 2D FX Animation Studies - Animation/Cyber Tech Slash/Color Tweaks Raw Time-lapse.html,REPLACED,260720,19.641,
post,Style-target,https://www.vfxapprentice.com/products/hand-drawn-2d-fx-level-1/categories/2150627658/posts/2158961148,https://www.vfxapprentice.com/products/hand-drawn-2d-fx-level-1/categories/2150627658,Hand-Drawn 2D FX_ Level 1/Medium 2D FX Animation Elemental Studies - Animation/Water Fling/Style-target.html,REPLACED,261955,17.999,
post,Animation process,https://www.vfxapprentice.com/products/hand-drawn-2d-fx-level-1/categories/2150627658/posts/2158961150,https://www.vfxapprentice.com/products/hand-drawn-2d-fx-level-1/categories/2150627658,Hand-Drawn 2D FX_ Level 1/Medium 2D FX Animation Elemental Studies - Animation/Water Fling/Animation process.html,REPLACED,270625,19.040,
post,Coloring,https://www.vfxapprentice.com/products/hand-drawn-2d-fx-level-1/categories/2150627658/posts/2158961159,https://www.vfxapprentice.com/products/hand-drawn-2d-fx-level-1/categories/2150627658,Hand-Drawn 2D FX_ Level 1/Medium 2D FX Animation Elemental Studies - Animation/Water Fling/Coloring.html,REPLACED,262423,19.469,
post,Water Fling (Raw Video),https://www.vfxapprentice.com/products/hand-drawn-2d-fx-level-1/categories/2150627658/posts/2158961168,https://www.vfxapprentice.com/products/hand-drawn-2d-fx-level-1/categories/2150627658,Hand-Drawn 2D FX_ Level 1/Medium 2D FX Animation Elemental Studies - Animation/Water Fling/Water Fling (Raw Video).html,REPLACED,260647,16.069,
post,Base Animation,https://www.vfxapprentice.com/products/hand-drawn-2d-fx-level-1/categories/2150627660/posts/2158961170,https://www.vfxapprentice.com/products/hand-drawn-2d-fx-level-1/categories/2150627660,Hand-Drawn 2D FX_ Level 1/Medium 2D FX Animation Elemental Studies - Animation/Goo Orb/Base Animation.html,REPLACED,263531,18.652,
post,Animation Finish & Coloring,https://www.vfxapprentice.com/products/hand-drawn-2d-fx-level-1/categories/2150627660/posts/2158961173,https://www.vfxapprentice.com/products/hand-drawn-2d-fx-level-1/categories/2150627660,Hand-Drawn 2D FX_ Level 1/Medium 2D FX Animation Elemental Studies - Animation/Goo Orb/Animation Finish & Coloring.html,REPLACED,262508,20.277,
post,Animation (Raw Video),https://www.vfxapprentice.com/products/hand-drawn-2d-fx-level-1/categories/2150627660/posts/2158961175,https://www.vfxapprentice.com/products/hand-drawn-2d-fx-level-1/categories/2150627660,Hand-Drawn 2D FX_ Level 1/Medium 2D FX Animation Elemental Studies - Animation/Goo Orb/Animation (Raw Video).html,REPLACED,260647,17.789,
post,Animation & Shading,https://www.vfxapprentice.com/products/hand-drawn-2d-fx-level-1/categories/2150627661/posts/2158961194,https://www.vfxapprentice.com/products/hand-drawn-2d-fx-level-1/categories/2150627661,Hand-Drawn 2D FX_ Level 1/Medium 2D FX Animation Elemental Studies - Animation/Spiral Smoke Poof/Animation & Shading.html,REPLACED,262515,16.771,
post,Coloring (Raw Video),https://www.vfxapprentice.com/products/hand-drawn-2d-fx-level-1/categories/2150627660/posts/2158961176,https://www.vfxapprentice.com/products/hand-drawn-2d-fx-level-1/categories/2150627660,Hand-Drawn 2D FX_ Level 1/Medium 2D FX Animation Elemental Studies - Animation/Goo Orb/Coloring (Raw Video).html,REPLACED,260664,19.620,
post,Animation (Raw Video),https://www.vfxapprentice.com/products/hand-drawn-2d-fx-level-1/categories/2150627661/posts/2158961197,https://www.vfxapprentice.com/products/hand-drawn-2d-fx-level-1/categories/2150627661,Hand-Drawn 2D FX_ Level 1/Medium 2D FX Animation Elemental Studies - Animation/Spiral Smoke Poof/Animation (Raw Video).html,REPLACED,260678,22.648,
post,Animation & Color,https://www.vfxapprentice.com/products/hand-drawn-2d-fx-level-1/categories/2150627663/posts/2158961204,https://www.vfxapprentice.com/products/hand-drawn-2d-fx-level-1/categories/2150627663,Hand-Drawn 2D FX_ Level 1/Medium 2D FX Animation Elemental Studies - Animation/Directional Fire/Animation & Color.html,REPLACED,262198,18.959,
post,Inner Shape & Shadows (Raw Video),https://www.vfxapprentice.com/products/hand-drawn-2d-fx-level-1/categories/2150627661/posts/2158961199,https://www.vfxapprentice.com/products/hand-drawn-2d-fx-level-1/categories/2150627661,Hand-Drawn 2D FX_ Level 1/Medium 2D FX Animation Elemental Studies - Animation/Spiral Smoke Poof/Inner Shape & Shadows (Raw Video).html,REPLACED,260705,20.332,
post,Animation (Raw Video),https://www.vfxapprentice.com/products/hand-drawn-2d-fx-level-1/categories/2150627663/posts/2158961206,https://www.vfxapprentice.com/products/hand-drawn-2d-fx-level-1/categories/2150627663,Hand-Drawn 2D FX_ Level 1/Medium 2D FX Animation Elemental Studies - Animation/Directional Fire/Animation (Raw Video).html,REPLACED,260694,16.715,
post,Dissipation,https://www.vfxapprentice.com/products/hand-drawn-2d-fx-level-1/categories/2150627237/posts/2158959876,https://www.vfxapprentice.com/products/hand-drawn-2d-fx-level-1/categories/2150627237,Hand-Drawn 2D FX_ Level 1/Small 2D FX Animation Studies - Animation/Light Burst/Dissipation.html,REPLACED,263559,381.778,
post,Animation Breakdown,https://www.vfxapprentice.com/products/hand-drawn-2d-fx-level-1/categories/2150627664/posts/2158961212,https://www.vfxapprentice.com/products/hand-drawn-2d-fx-level-1/categories/2150627664,Hand-Drawn 2D FX_ Level 1/Medium 2D FX Animation Elemental Studies - Animation/Heart Bubbles/Animation Breakdown.html,REPLACED,263441,18.961,
post,Animation (Raw Video),https://www.vfxapprentice.com/products/hand-drawn-2d-fx-level-1/categories/2150627664/posts/2158961215,https://www.vfxapprentice.com/products/hand-drawn-2d-fx-level-1/categories/2150627664,Hand-Drawn 2D FX_ Level 1/Medium 2D FX Animation Elemental Studies - Animation/Heart Bubbles/Animation (Raw Video).html,REPLACED,260663,20.715,
post,Main Spere Animation,https://www.vfxapprentice.com/products/hand-drawn-2d-fx-level-1/categories/2150627666/posts/2158961217,https://www.vfxapprentice.com/products/hand-drawn-2d-fx-level-1/categories/2150627666,Hand-Drawn 2D FX_ Level 1/Medium 2D FX Animation Elemental Studies - Animation/Electric Burst/Main Spere Animation.html,REPLACED,262759,21.705,
post,Narrated Animation Process,https://www.vfxapprentice.com/products/hand-drawn-2d-fx-level-2/categories/2150659860/posts/2159084091,https://www.vfxapprentice.com/products/hand-drawn-2d-fx-level-2/categories/2150659860,Hand-Drawn 2D FX_ Level 2/Integrating FX With a Character - Animation/Toxic Avatar/Narrated Animation Process.html,REPLACED,154624,20.636,
post,Full Animation Process (Raw Video),https://www.vfxapprentice.com/products/hand-drawn-2d-fx-level-2/categories/2150659860/posts/2159084092,https://www.vfxapprentice.com/products/hand-drawn-2d-fx-level-2/categories/2150659860,Hand-Drawn 2D FX_ Level 2/Integrating FX With a Character - Animation/Toxic Avatar/Full Animation Process (Raw Video).html,REPLACED,152208,10.947,
post,Animating Light,https://www.vfxapprentice.com/products/hand-drawn-2d-fx-level-2/categories/2150659861/posts/2159084097,https://www.vfxapprentice.com/products/hand-drawn-2d-fx-level-2/categories/2150659861,Hand-Drawn 2D FX_ Level 2/Integrating FX With a Character - Animation/Holy Avatar/Animating Light.html,REPLACED,158568,10.174,
post,Full Animation Process (Raw Video),https://www.vfxapprentice.com/products/hand-drawn-2d-fx-level-2/categories/2150659861/posts/2159084099,https://www.vfxapprentice.com/products/hand-drawn-2d-fx-level-2/categories/2150659861,Hand-Drawn 2D FX_ Level 2/Integrating FX With a Character - Animation/Holy Avatar/Full Animation Process (Raw Video).html,REPLACED,152162,6.721,
post,First Animation Phase,https://www.vfxapprentice.com/products/hand-drawn-2d-fx-level-2/categories/2150659862/posts/2159084103,https://www.vfxapprentice.com/products/hand-drawn-2d-fx-level-2/categories/2150659862,Hand-Drawn 2D FX_ Level 2/Integrating FX With a Character - Animation/Wind Avatar/First Animation Phase.html,REPLACED,154680,11.581,
post,Shadow Block-in,https://www.vfxapprentice.com/products/hand-drawn-2d-fx-level-2/categories/2150659862/posts/2159084104,https://www.vfxapprentice.com/products/hand-drawn-2d-fx-level-2/categories/2150659862,Hand-Drawn 2D FX_ Level 2/Integrating FX With a Character - Animation/Wind Avatar/Shadow Block-in.html,REPLACED,153669,6.459,
post,Smoke Dissipation,https://www.vfxapprentice.com/products/hand-drawn-2d-fx-level-2/categories/2150659862/posts/2159084106,https://www.vfxapprentice.com/products/hand-drawn-2d-fx-level-2/categories/2150659862,Hand-Drawn 2D FX_ Level 2/Integrating FX With a Character - Animation/Wind Avatar/Smoke Dissipation.html,REPLACED,153570,10.726,
post,Coloring,https://www.vfxapprentice.com/products/hand-drawn-2d-fx-level-2/categories/2150659862/posts/2159084117,https://www.vfxapprentice.com/products/hand-drawn-2d-fx-level-2/categories/2150659862,Hand-Drawn 2D FX_ Level 2/Integrating FX With a Character - Animation/Wind Avatar/Coloring.html,REPLACED,153495,10.797,
post,Animation (Raw Video),https://www.vfxapprentice.com/products/hand-drawn-2d-fx-level-2/categories/2150659862/posts/2159084119,https://www.vfxapprentice.com/products/hand-drawn-2d-fx-level-2/categories/2150659862,Hand-Drawn 2D FX_ Level 2/Integrating FX With a Character - Animation/Wind Avatar/Animation (Raw Video).html,REPLACED,152123,6.258,
post,Shadow Pass (Raw Video),https://www.vfxapprentice.com/products/hand-drawn-2d-fx-level-2/categories/2150659862/posts/2159084120,https://www.vfxapprentice.com/products/hand-drawn-2d-fx-level-2/categories/2150659862,Hand-Drawn 2D FX_ Level 2/Integrating FX With a Character - Animation/Wind Avatar/Shadow Pass (Raw Video).html,REPLACED,152110,10.149,
post,Final Steps & Cleanup (Raw Video),https://www.vfxapprentice.com/products/hand-drawn-2d-fx-level-2/categories/2150659862/posts/2159084125,https://www.vfxapprentice.com/products/hand-drawn-2d-fx-level-2/categories/2150659862,Hand-Drawn 2D FX_ Level 2/Integrating FX With a Character - Animation/Wind Avatar/Final Steps & Cleanup (Raw Video).html,REPLACED,152141,10.827,
post,Coloring (Unnarrated),https://www.vfxapprentice.com/products/hand-drawn-2d-fx-level-2/categories/2150659862/posts/2159084126,https://www.vfxapprentice.com/products/hand-drawn-2d-fx-level-2/categories/2150659862,Hand-Drawn 2D FX_ Level 2/Integrating FX With a Character - Animation/Wind Avatar/Coloring (Unnarrated).html,REPLACED,152107,6.600,
post,Windup & Dissolve,https://www.vfxapprentice.com/products/hand-drawn-2d-fx-level-1/categories/2150627666/posts/2158961220,https://www.vfxapprentice.com/products/hand-drawn-2d-fx-level-1/categories/2150627666,Hand-Drawn 2D FX_ Level 1/Medium 2D FX Animation Elemental Studies - Animation/Electric Burst/Windup & Dissolve.html,REPLACED,262498,141.538,
post,Medium 2D FX Elemental Studies Review,https://www.vfxapprentice.com/products/hand-drawn-2d-fx-level-1/categories/2150659780/posts/2159034806,https://www.vfxapprentice.com/products/hand-drawn-2d-fx-level-1/categories/2150659780,Hand-Drawn 2D FX_ Level 1/Medium 2D FX Animation Elemental Studies - Animation/Review/Medium 2D FX Elemental Studies Review.html,REPLACED,262227,141.403,
post,Anticipation & Burst,https://www.vfxapprentice.com/products/hand-drawn-2d-fx-level-2/categories/2150659868/posts/2159084129,https://www.vfxapprentice.com/products/hand-drawn-2d-fx-level-2/categories/2150659868,Hand-Drawn 2D FX_ Level 2/Integrating FX With a Character - Animation/Flame Avatar/Anticipation & Burst.html,REPLACED,159206,15.952,
post,Inner Shapes & Color,https://www.vfxapprentice.com/products/hand-drawn-2d-fx-level-2/categories/2150659868/posts/2159084132,https://www.vfxapprentice.com/products/hand-drawn-2d-fx-level-2/categories/2150659868,Hand-Drawn 2D FX_ Level 2/Integrating FX With a Character - Animation/Flame Avatar/Inner Shapes & Color.html,REPLACED,154558,13.310,
post,Animation Process (Raw Video),https://www.vfxapprentice.com/products/hand-drawn-2d-fx-level-2/categories/2150659868/posts/2159084134,https://www.vfxapprentice.com/products/hand-drawn-2d-fx-level-2/categories/2150659868,Hand-Drawn 2D FX_ Level 2/Integrating FX With a Character - Animation/Flame Avatar/Animation Process (Raw Video).html,REPLACED,152117,14.756,
post,Interior Color Shapes (Raw Video),https://www.vfxapprentice.com/products/hand-drawn-2d-fx-level-2/categories/2150659868/posts/2159084135,https://www.vfxapprentice.com/products/hand-drawn-2d-fx-level-2/categories/2150659868,Hand-Drawn 2D FX_ Level 2/Integrating FX With a Character - Animation/Flame Avatar/Interior Color Shapes (Raw Video).html,REPLACED,152131,17.862,
post,Lightning Anticipation,https://www.vfxapprentice.com/products/hand-drawn-2d-fx-level-2/categories/2150659869/posts/2159084143,https://www.vfxapprentice.com/products/hand-drawn-2d-fx-level-2/categories/2150659869,Hand-Drawn 2D FX_ Level 2/Integrating FX With a Character - Animation/Electric Avatar/Lightning Anticipation.html,REPLACED,154844,18.135,
post,Lightning Payoff & Expansion,https://www.vfxapprentice.com/products/hand-drawn-2d-fx-level-2/categories/2150659869/posts/2159084144,https://www.vfxapprentice.com/products/hand-drawn-2d-fx-level-2/categories/2150659869,Hand-Drawn 2D FX_ Level 2/Integrating FX With a Character - Animation/Electric Avatar/Lightning Payoff & Expansion.html,REPLACED,154468,16.852,
post,Integrating FX With a Character Review,https://www.vfxapprentice.com/products/hand-drawn-2d-fx-level-2/categories/2150659871/posts/2159084021,https://www.vfxapprentice.com/products/hand-drawn-2d-fx-level-2/categories/2150659871,Hand-Drawn 2D FX_ Level 2/Integrating FX With a Character - Animation/Review/Integrating FX With a Character Review.html,REPLACED,150036,16.608,
post,Full Animation Process (Raw Video),https://www.vfxapprentice.com/products/hand-drawn-2d-fx-level-2/categories/2150659869/posts/2159084146,https://www.vfxapprentice.com/products/hand-drawn-2d-fx-level-2/categories/2150659869,Hand-Drawn 2D FX_ Level 2/Integrating FX With a Character - Animation/Electric Avatar/Full Animation Process (Raw Video).html,REPLACED,152169,20.038,
post,Cursor Creation,https://www.vfxapprentice.com/products/hand-drawn-2d-fx-level-2/categories/2150660579/posts/2159086764,https://www.vfxapprentice.com/products/hand-drawn-2d-fx-level-2/categories/2150660579,Hand-Drawn 2D FX_ Level 2/Post-Process & Motion Graphics Track/Intro to After Effects/Cursor Creation.html,REPLACED,153771,19.025,
post,Animated Text,https://www.vfxapprentice.com/products/hand-drawn-2d-fx-level-2/categories/2150660580/posts/2159086769,https://www.vfxapprentice.com/products/hand-drawn-2d-fx-level-2/categories/2150660580,Hand-Drawn 2D FX_ Level 2/Post-Process & Motion Graphics Track/Text Pops & Wiggles/Animated Text.html,REPLACED,153436,17.538,
post,Shape Layers & Motion Paths,https://www.vfxapprentice.com/products/hand-drawn-2d-fx-level-2/categories/2150660580/posts/2159086768,https://www.vfxapprentice.com/products/hand-drawn-2d-fx-level-2/categories/2150660580,Hand-Drawn 2D FX_ Level 2/Post-Process & Motion Graphics Track/Text Pops & Wiggles/Shape Layers & Motion Paths.html,REPLACED,158951,19.742,
post,Impact Animations & Finishing Touches,https://www.vfxapprentice.com/products/hand-drawn-2d-fx-level-2/categories/2150660580/posts/2159086791,https://www.vfxapprentice.com/products/hand-drawn-2d-fx-level-2/categories/2150660580,Hand-Drawn 2D FX_ Level 2/Post-Process & Motion Graphics Track/Text Pops & Wiggles/Impact Animations & Finishing Touches.html,REPLACED,153906,20.512,
post,Color & Compositing (Raw Video),https://www.vfxapprentice.com/products/hand-drawn-2d-fx-level-2/categories/2150660585/posts/2159086796,https://www.vfxapprentice.com/products/hand-drawn-2d-fx-level-2/categories/2150660585,Hand-Drawn 2D FX_ Level 2/Post-Process & Motion Graphics Track/Heart Bubbles/Color & Compositing (Raw Video).html,REPLACED,158741,16.590,
post,Light Rays & Polish,https://www.vfxapprentice.com/products/hand-drawn-2d-fx-level-1/categories/2150627666/posts/2158961221,https://www.vfxapprentice.com/products/hand-drawn-2d-fx-level-1/categories/2150627666,Hand-Drawn 2D FX_ Level 1/Medium 2D FX Animation Elemental Studies - Animation/Electric Burst/Light Rays & Polish.html,REPLACED,262035,237.613,
post,Advanced Compositing Tricks,https://www.vfxapprentice.com/products/hand-drawn-2d-fx-level-2/categories/2150660587/posts/2159086823,https://www.vfxapprentice.com/products/hand-drawn-2d-fx-level-2/categories/2150660587,Hand-Drawn 2D FX_ Level 2/Post-Process & Motion Graphics Track/Goo Orb/Advanced Compositing Tricks.html,REPLACED,154741,6.813,
post,Simple Compositing (Raw Video),https://www.vfxapprentice.com/products/hand-drawn-2d-fx-level-2/categories/2150660588/posts/2159086814,https://www.vfxapprentice.com/products/hand-drawn-2d-fx-level-2/categories/2150660588,Hand-Drawn 2D FX_ Level 2/Post-Process & Motion Graphics Track/Directional Fire/Simple Compositing (Raw Video).html,REPLACED,153189,11.202,
post,Simple Motion Blur (Raw Video),https://www.vfxapprentice.com/products/hand-drawn-2d-fx-level-2/categories/2150660591/posts/2159086817,https://www.vfxapprentice.com/products/hand-drawn-2d-fx-level-2/categories/2150660591,Hand-Drawn 2D FX_ Level 2/Post-Process & Motion Graphics Track/Spiral Smoke Poof/Simple Motion Blur (Raw Video).html,REPLACED,152419,12.835,
post,Simple Compositing for Big Animations (Raw Video),https://www.vfxapprentice.com/products/hand-drawn-2d-fx-level-2/categories/2150660592/posts/2159086820,https://www.vfxapprentice.com/products/hand-drawn-2d-fx-level-2/categories/2150660592,Hand-Drawn 2D FX_ Level 2/Post-Process & Motion Graphics Track/Wind Avatar/Simple Compositing for Big Animations (Raw Video).html,REPLACED,153247,13.738,
post,Fire Compositing,https://www.vfxapprentice.com/products/hand-drawn-2d-fx-level-2/categories/2150660589/posts/2159086828,https://www.vfxapprentice.com/products/hand-drawn-2d-fx-level-2/categories/2150660589,Hand-Drawn 2D FX_ Level 2/Post-Process & Motion Graphics Track/Flame Avatar/Fire Compositing.html,REPLACED,153991,14.102,
post,Magical Recolor,https://www.vfxapprentice.com/products/hand-drawn-2d-fx-level-2/categories/2150660589/posts/2159086830,https://www.vfxapprentice.com/products/hand-drawn-2d-fx-level-2/categories/2150660589,Hand-Drawn 2D FX_ Level 2/Post-Process & Motion Graphics Track/Flame Avatar/Magical Recolor.html,REPLACED,153985,8.115,
post,Lense Flare & Glow (Raw Video),https://www.vfxapprentice.com/products/hand-drawn-2d-fx-level-2/categories/2150660595/posts/2159086832,https://www.vfxapprentice.com/products/hand-drawn-2d-fx-level-2/categories/2150660595,Hand-Drawn 2D FX_ Level 2/Post-Process & Motion Graphics Track/Holy Avatar/Lense Flare & Glow (Raw Video).html,REPLACED,153539,15.509,
post,Clean & Pixelated,https://www.vfxapprentice.com/products/hand-drawn-2d-fx-level-2/categories/2150660596/posts/2159086802,https://www.vfxapprentice.com/products/hand-drawn-2d-fx-level-2/categories/2150660596,Hand-Drawn 2D FX_ Level 2/Post-Process & Motion Graphics Track/Toxic Avatar/Clean & Pixelated.html,REPLACED,154903,12.569,
post,Post-Process & Motion Graphics Review,https://www.vfxapprentice.com/products/hand-drawn-2d-fx-level-2/categories/2150660672/posts/2159086604,https://www.vfxapprentice.com/products/hand-drawn-2d-fx-level-2/categories/2150660672,Hand-Drawn 2D FX_ Level 2/Post-Process & Motion Graphics Track/Review/Post-Process & Motion Graphics Review.html,REPLACED,149868,12.335,
post,Scene Compositing (Raw Video),https://www.vfxapprentice.com/products/hand-drawn-2d-fx-level-2/categories/2150660597/posts/2159086835,https://www.vfxapprentice.com/products/hand-drawn-2d-fx-level-2/categories/2150660597,Hand-Drawn 2D FX_ Level 2/Post-Process & Motion Graphics Track/Electric Avatar/Scene Compositing (Raw Video).html,REPLACED,157195,14.952,
post,Overview & Introduction,https://www.vfxapprentice.com/products/hand-drawn-2d-fx-level-2/categories/2150660022/posts/2159084886,https://www.vfxapprentice.com/products/hand-drawn-2d-fx-level-2/categories/2150660022,Hand-Drawn 2D FX_ Level 2/Complex 2D FX Composition Studies - Animation/FX Logo Animation/Overview & Introduction.html,REPLACED,157475,13.317,
post,Logo Setup,https://www.vfxapprentice.com/products/hand-drawn-2d-fx-level-2/categories/2150660022/posts/2159084903,https://www.vfxapprentice.com/products/hand-drawn-2d-fx-level-2/categories/2150660022,Hand-Drawn 2D FX_ Level 2/Complex 2D FX Composition Studies - Animation/FX Logo Animation/Logo Setup.html,REPLACED,153079,14.253,
post,Anticipation Bump,https://www.vfxapprentice.com/products/hand-drawn-2d-fx-level-2/categories/2150660022/posts/2159084928,https://www.vfxapprentice.com/products/hand-drawn-2d-fx-level-2/categories/2150660022,Hand-Drawn 2D FX_ Level 2/Complex 2D FX Composition Studies - Animation/FX Logo Animation/Anticipation Bump.html,REPLACED,152914,14.809,
post,Color Shift,https://www.vfxapprentice.com/products/hand-drawn-2d-fx-level-2/categories/2150660022/posts/2159084942,https://www.vfxapprentice.com/products/hand-drawn-2d-fx-level-2/categories/2150660022,Hand-Drawn 2D FX_ Level 2/Complex 2D FX Composition Studies - Animation/FX Logo Animation/Color Shift.html,REPLACED,153357,15.059,
post,Anticipation Distortion,https://www.vfxapprentice.com/products/hand-drawn-2d-fx-level-2/categories/2150660022/posts/2159084966,https://www.vfxapprentice.com/products/hand-drawn-2d-fx-level-2/categories/2150660022,Hand-Drawn 2D FX_ Level 2/Complex 2D FX Composition Studies - Animation/FX Logo Animation/Anticipation Distortion.html,REPLACED,152926,13.648,
post,Radial Sparkle,https://www.vfxapprentice.com/products/hand-drawn-2d-fx-level-2/categories/2150660022/posts/2159084970,https://www.vfxapprentice.com/products/hand-drawn-2d-fx-level-2/categories/2150660022,Hand-Drawn 2D FX_ Level 2/Complex 2D FX Composition Studies - Animation/FX Logo Animation/Radial Sparkle.html,REPLACED,153511,13.078,
post,Additional Anticipation Effects,https://www.vfxapprentice.com/products/hand-drawn-2d-fx-level-2/categories/2150660022/posts/2159084979,https://www.vfxapprentice.com/products/hand-drawn-2d-fx-level-2/categories/2150660022,Hand-Drawn 2D FX_ Level 2/Complex 2D FX Composition Studies - Animation/FX Logo Animation/Additional Anticipation Effects.html,REPLACED,152811,12.005,
post,Supporting Animation,https://www.vfxapprentice.com/products/hand-drawn-2d-fx-level-2/categories/2150660022/posts/2159084986,https://www.vfxapprentice.com/products/hand-drawn-2d-fx-level-2/categories/2150660022,Hand-Drawn 2D FX_ Level 2/Complex 2D FX Composition Studies - Animation/FX Logo Animation/Supporting Animation.html,REPLACED,153204,11.470,
post,Anticipation Finish,https://www.vfxapprentice.com/products/hand-drawn-2d-fx-level-2/categories/2150660022/posts/2159084994,https://www.vfxapprentice.com/products/hand-drawn-2d-fx-level-2/categories/2150660022,Hand-Drawn 2D FX_ Level 2/Complex 2D FX Composition Studies - Animation/FX Logo Animation/Anticipation Finish.html,REPLACED,153137,10.695,
post,Fire Animation,https://www.vfxapprentice.com/products/hand-drawn-2d-fx-level-2/categories/2150660022/posts/2159085001,https://www.vfxapprentice.com/products/hand-drawn-2d-fx-level-2/categories/2150660022,Hand-Drawn 2D FX_ Level 2/Complex 2D FX Composition Studies - Animation/FX Logo Animation/Fire Animation.html,REPLACED,158368,12.031,
post,Additional Flames & Sparkles,https://www.vfxapprentice.com/products/hand-drawn-2d-fx-level-2/categories/2150660022/posts/2159085009,https://www.vfxapprentice.com/products/hand-drawn-2d-fx-level-2/categories/2150660022,Hand-Drawn 2D FX_ Level 2/Complex 2D FX Composition Studies - Animation/FX Logo Animation/Additional Flames & Sparkles.html,REPLACED,153038,10.081,
post,Lightning Effect,https://www.vfxapprentice.com/products/hand-drawn-2d-fx-level-2/categories/2150660022/posts/2159085018,https://www.vfxapprentice.com/products/hand-drawn-2d-fx-level-2/categories/2150660022,Hand-Drawn 2D FX_ Level 2/Complex 2D FX Composition Studies - Animation/FX Logo Animation/Lightning Effect.html,REPLACED,153243,6.692,
post,Anticipation Lightning Breakdown,https://www.vfxapprentice.com/products/hand-drawn-2d-fx-level-2/categories/2150660022/posts/2159085026,https://www.vfxapprentice.com/products/hand-drawn-2d-fx-level-2/categories/2150660022,Hand-Drawn 2D FX_ Level 2/Complex 2D FX Composition Studies - Animation/FX Logo Animation/Anticipation Lightning Breakdown.html,REPLACED,153352,11.655,
post,Style Target,https://www.vfxapprentice.com/products/hand-drawn-2d-fx-level-2/categories/2150660027/posts/2159084552,https://www.vfxapprentice.com/products/hand-drawn-2d-fx-level-2/categories/2150660027,Hand-Drawn 2D FX_ Level 2/Complex 2D FX Composition Studies - Animation/Explosion Masterclass/Style Target.html,REPLACED,153730,14.153,
post,Initial Rough Animation,https://www.vfxapprentice.com/products/hand-drawn-2d-fx-level-2/categories/2150660027/posts/2159084553,https://www.vfxapprentice.com/products/hand-drawn-2d-fx-level-2/categories/2150660027,Hand-Drawn 2D FX_ Level 2/Complex 2D FX Composition Studies - Animation/Explosion Masterclass/Initial Rough Animation.html,REPLACED,156962,6.817,
post,Rough Buildup & First Expansion,https://www.vfxapprentice.com/products/hand-drawn-2d-fx-level-2/categories/2150660027/posts/2159084557,https://www.vfxapprentice.com/products/hand-drawn-2d-fx-level-2/categories/2150660027,Hand-Drawn 2D FX_ Level 2/Complex 2D FX Composition Studies - Animation/Explosion Masterclass/Rough Buildup & First Expansion.html,REPLACED,153161,10.642,
post,Rough Animation Finish,https://www.vfxapprentice.com/products/hand-drawn-2d-fx-level-2/categories/2150660027/posts/2159084558,https://www.vfxapprentice.com/products/hand-drawn-2d-fx-level-2/categories/2150660027,Hand-Drawn 2D FX_ Level 2/Complex 2D FX Composition Studies - Animation/Explosion Masterclass/Rough Animation Finish.html,REPLACED,153053,6.666,
post,Anticipation Cleanup,https://www.vfxapprentice.com/products/hand-drawn-2d-fx-level-2/categories/2150660027/posts/2159084561,https://www.vfxapprentice.com/products/hand-drawn-2d-fx-level-2/categories/2150660027,Hand-Drawn 2D FX_ Level 2/Complex 2D FX Composition Studies - Animation/Explosion Masterclass/Anticipation Cleanup.html,REPLACED,153556,10.847,
post,Expansion Cleanup: Part 1,https://www.vfxapprentice.com/products/hand-drawn-2d-fx-level-2/categories/2150660027/posts/2159084564,https://www.vfxapprentice.com/products/hand-drawn-2d-fx-level-2/categories/2150660027,Hand-Drawn 2D FX_ Level 2/Complex 2D FX Composition Studies - Animation/Explosion Masterclass/Expansion Cleanup_ Part 1.html,REPLACED,152860,12.122,
post,Expansion Cleanup: Part 2 (Unnarrated),https://www.vfxapprentice.com/products/hand-drawn-2d-fx-level-2/categories/2150660027/posts/2159084566,https://www.vfxapprentice.com/products/hand-drawn-2d-fx-level-2/categories/2150660027,Hand-Drawn 2D FX_ Level 2/Complex 2D FX Composition Studies - Animation/Explosion Masterclass/Expansion Cleanup_ Part 2 (Unnarrated).html,REPLACED,152202,6.646,
post,Expansion Cleanup: Part 3,https://www.vfxapprentice.com/products/hand-drawn-2d-fx-level-2/categories/2150660027/posts/2159084587,https://www.vfxapprentice.com/products/hand-drawn-2d-fx-level-2/categories/2150660027,Hand-Drawn 2D FX_ Level 2/Complex 2D FX Composition Studies - Animation/Explosion Masterclass/Expansion Cleanup_ Part 3.html,REPLACED,152579,6.966,
post,Feedback & Revisions,https://www.vfxapprentice.com/products/hand-drawn-2d-fx-level-2/categories/2150660027/posts/2159084633,https://www.vfxapprentice.com/products/hand-drawn-2d-fx-level-2/categories/2150660027,Hand-Drawn 2D FX_ Level 2/Complex 2D FX Composition Studies - Animation/Explosion Masterclass/Feedback & Revisions.html,REPLACED,153062,11.429,
post,Spiral Smoke Cleanup,https://www.vfxapprentice.com/products/hand-drawn-2d-fx-level-2/categories/2150660027/posts/2159084684,https://www.vfxapprentice.com/products/hand-drawn-2d-fx-level-2/categories/2150660027,Hand-Drawn 2D FX_ Level 2/Complex 2D FX Composition Studies - Animation/Explosion Masterclass/Spiral Smoke Cleanup.html,REPLACED,152194,10.862,
post,Cleanup Process: Part 2 (Unnarrated),https://www.vfxapprentice.com/products/hand-drawn-2d-fx-level-2/categories/2150660027/posts/2159084752,https://www.vfxapprentice.com/products/hand-drawn-2d-fx-level-2/categories/2150660027,Hand-Drawn 2D FX_ Level 2/Complex 2D FX Composition Studies - Animation/Explosion Masterclass/Cleanup Process_ Part 2 (Unnarrated).html,REPLACED,152262,6.522,
post,Cleanup Process: Part 1 (Unnarrated),https://www.vfxapprentice.com/products/hand-drawn-2d-fx-level-2/categories/2150660027/posts/2159084723,https://www.vfxapprentice.com/products/hand-drawn-2d-fx-level-2/categories/2150660027,Hand-Drawn 2D FX_ Level 2/Complex 2D FX Composition Studies - Animation/Explosion Masterclass/Cleanup Process_ Part 1 (Unnarrated).html,REPLACED,152249,10.434,
post,Final Cleanup (Unnarrated),https://www.vfxapprentice.com/products/hand-drawn-2d-fx-level-2/categories/2150660027/posts/2159084795,https://www.vfxapprentice.com/products/hand-drawn-2d-fx-level-2/categories/2150660027,Hand-Drawn 2D FX_ Level 2/Complex 2D FX Composition Studies - Animation/Explosion Masterclass/Final Cleanup (Unnarrated).html,REPLACED,152164,7.332,
post,Dissipation Linework & Cleanup,https://www.vfxapprentice.com/products/hand-drawn-2d-fx-level-2/categories/2150660027/posts/2159084780,https://www.vfxapprentice.com/products/hand-drawn-2d-fx-level-2/categories/2150660027,Hand-Drawn 2D FX_ Level 2/Complex 2D FX Composition Studies - Animation/Explosion Masterclass/Dissipation Linework & Cleanup.html,REPLACED,152873,11.011,
post,Intro & Course Overview,https://www.vfxapprentice.com/products/hand-drawn-2d-fx-level-2/categories/2153161526/posts/2168823463,https://www.vfxapprentice.com/products/hand-drawn-2d-fx-level-2/categories/2153161526,Hand-Drawn 2D FX_ Level 2/Complex 2D FX Composition Studies - Animation/Ignited - 2D FX Production/Intro & Course Overview.html,REPLACED,153161,6.703,
post,Outro,https://www.vfxapprentice.com/products/hand-drawn-2d-fx-level-2/categories/2150660027/posts/2159084814,https://www.vfxapprentice.com/products/hand-drawn-2d-fx-level-2/categories/2150660027,Hand-Drawn 2D FX_ Level 2/Complex 2D FX Composition Studies - Animation/Explosion Masterclass/Outro.html,REPLACED,153133,11.271,
post,Idea Blockout & Animatic,https://www.vfxapprentice.com/products/hand-drawn-2d-fx-level-2/categories/2153161526/posts/2168823468,https://www.vfxapprentice.com/products/hand-drawn-2d-fx-level-2/categories/2153161526,Hand-Drawn 2D FX_ Level 2/Complex 2D FX Composition Studies - Animation/Ignited - 2D FX Production/Idea Blockout & Animatic.html,REPLACED,155839,6.906,
post,Rough Animation,https://www.vfxapprentice.com/products/hand-drawn-2d-fx-level-2/categories/2153161526/posts/2168823470,https://www.vfxapprentice.com/products/hand-drawn-2d-fx-level-2/categories/2153161526,Hand-Drawn 2D FX_ Level 2/Complex 2D FX Composition Studies - Animation/Ignited - 2D FX Production/Rough Animation.html,REPLACED,153963,11.820,
post,Refined Animation,https://www.vfxapprentice.com/products/hand-drawn-2d-fx-level-2/categories/2153161526/posts/2168823471,https://www.vfxapprentice.com/products/hand-drawn-2d-fx-level-2/categories/2153161526,Hand-Drawn 2D FX_ Level 2/Complex 2D FX Composition Studies - Animation/Ignited - 2D FX Production/Refined Animation.html,REPLACED,153815,12.506,
post,Backgrounds,https://www.vfxapprentice.com/products/hand-drawn-2d-fx-level-2/categories/2153161526/posts/2168823472,https://www.vfxapprentice.com/products/hand-drawn-2d-fx-level-2/categories/2153161526,Hand-Drawn 2D FX_ Level 2/Complex 2D FX Composition Studies - Animation/Ignited - 2D FX Production/Backgrounds.html,REPLACED,153979,10.153,
post,Compositing,https://www.vfxapprentice.com/products/hand-drawn-2d-fx-level-2/categories/2153161526/posts/2168823474,https://www.vfxapprentice.com/products/hand-drawn-2d-fx-level-2/categories/2153161526,Hand-Drawn 2D FX_ Level 2/Complex 2D FX Composition Studies - Animation/Ignited - 2D FX Production/Compositing.html,REPLACED,153756,11.220,
post,Complex 2D FX Composition Studies Review,https://www.vfxapprentice.com/products/hand-drawn-2d-fx-level-2/categories/2150660263/posts/2159085220,https://www.vfxapprentice.com/products/hand-drawn-2d-fx-level-2/categories/2150660263,Hand-Drawn 2D FX_ Level 2/Complex 2D FX Composition Studies - Animation/Review/Complex 2D FX Composition Studies Review.html,REPLACED,149558,8.441,
post,Intro & Overview,https://www.vfxapprentice.com/products/hand-crafted-3d-vfx-level-1/categories/2154198428/posts/2172935451,https://www.vfxapprentice.com/products/hand-crafted-3d-vfx-level-1/categories/2154198428,Hand-Crafted 3D VFX_ Level 1/Beginner Guide to VFX/Introduction & Game Development/Intro & Overview.html,REPLACED,227370,6.716,
post,Departments,https://www.vfxapprentice.com/products/hand-crafted-3d-vfx-level-1/categories/2154198428/posts/2172935496,https://www.vfxapprentice.com/products/hand-crafted-3d-vfx-level-1/categories/2154198428,Hand-Crafted 3D VFX_ Level 1/Beginner Guide to VFX/Introduction & Game Development/Departments.html,REPLACED,224711,11.358,
post,Roles,https://www.vfxapprentice.com/products/hand-crafted-3d-vfx-level-1/categories/2154198428/posts/2172935617,https://www.vfxapprentice.com/products/hand-crafted-3d-vfx-level-1/categories/2154198428,Hand-Crafted 3D VFX_ Level 1/Beginner Guide to VFX/Introduction & Game Development/Roles.html,REPLACED,224703,11.725,
post,Style,https://www.vfxapprentice.com/products/hand-crafted-3d-vfx-level-1/categories/2154198483/posts/2172935706,https://www.vfxapprentice.com/products/hand-crafted-3d-vfx-level-1/categories/2154198483,"Hand-Crafted 3D VFX_ Level 1/Beginner Guide to VFX/Gameplay, Engines, Platforms/Style.html",REPLACED,224572,10.018,
post,Gameplay,https://www.vfxapprentice.com/products/hand-crafted-3d-vfx-level-1/categories/2154198483/posts/2172935707,https://www.vfxapprentice.com/products/hand-crafted-3d-vfx-level-1/categories/2154198483,"Hand-Crafted 3D VFX_ Level 1/Beginner Guide to VFX/Gameplay, Engines, Platforms/Gameplay.html",REPLACED,225103,7.212,
post,Platforms,https://www.vfxapprentice.com/products/hand-crafted-3d-vfx-level-1/categories/2154198483/posts/2172935711,https://www.vfxapprentice.com/products/hand-crafted-3d-vfx-level-1/categories/2154198483,"Hand-Crafted 3D VFX_ Level 1/Beginner Guide to VFX/Gameplay, Engines, Platforms/Platforms.html",REPLACED,229057,7.396,
post,Game Engines,https://www.vfxapprentice.com/products/hand-crafted-3d-vfx-level-1/categories/2154198483/posts/2172935709,https://www.vfxapprentice.com/products/hand-crafted-3d-vfx-level-1/categories/2154198483,"Hand-Crafted 3D VFX_ Level 1/Beginner Guide to VFX/Gameplay, Engines, Platforms/Game Engines.html",REPLACED,224609,12.555,
post,Particle Systems,https://www.vfxapprentice.com/products/hand-crafted-3d-vfx-level-1/categories/2154198485/posts/2172935736,https://www.vfxapprentice.com/products/hand-crafted-3d-vfx-level-1/categories/2154198485,Hand-Crafted 3D VFX_ Level 1/Beginner Guide to VFX/VFX Terminology & Process/Particle Systems.html,REPLACED,224122,6.650,
post,"Textures, Meshes, Shaders",https://www.vfxapprentice.com/products/hand-crafted-3d-vfx-level-1/categories/2154198485/posts/2172935735,https://www.vfxapprentice.com/products/hand-crafted-3d-vfx-level-1/categories/2154198485,"Hand-Crafted 3D VFX_ Level 1/Beginner Guide to VFX/VFX Terminology & Process/Textures, Meshes, Shaders.html",REPLACED,226018,11.504,
post,Next Steps,https://www.vfxapprentice.com/products/hand-crafted-3d-vfx-level-1/categories/2154198488/posts/2172935745,https://www.vfxapprentice.com/products/hand-crafted-3d-vfx-level-1/categories/2154198488,Hand-Crafted 3D VFX_ Level 1/Beginner Guide to VFX/Next Steps/Next Steps.html,REPLACED,229611,6.972,
post,Advanced Compositing,https://www.vfxapprentice.com/products/hand-drawn-2d-fx-level-2/categories/2150660582/posts/2159086794,https://www.vfxapprentice.com/products/hand-drawn-2d-fx-level-2/categories/2150660582,Hand-Drawn 2D FX_ Level 2/Post-Process & Motion Graphics Track/Card Shimmer/Advanced Compositing.html,REPLACED,154149,332.871,
post,Pipeline,https://www.vfxapprentice.com/products/hand-crafted-3d-vfx-level-1/categories/2154198485/posts/2172935740,https://www.vfxapprentice.com/products/hand-crafted-3d-vfx-level-1/categories/2154198485,Hand-Crafted 3D VFX_ Level 1/Beginner Guide to VFX/VFX Terminology & Process/Pipeline.html,REPLACED,228127,12.914,
post,Tiling Fiery Noise,https://www.vfxapprentice.com/products/hand-crafted-3d-vfx-level-2/categories/2150613640/posts/2158905866,https://www.vfxapprentice.com/products/hand-crafted-3d-vfx-level-2/categories/2150613640,Hand-Crafted 3D VFX_ Level 2/VFX Case Studies - Unreal & Unity/Tiling Fiery Noise/Tiling Fiery Noise.html,REPLACED,102094,11.363,
post,U&U Fire Explosion Breakdown,https://www.vfxapprentice.com/products/hand-crafted-3d-vfx-level-2/categories/2150613644/posts/2164336947,https://www.vfxapprentice.com/products/hand-crafted-3d-vfx-level-2/categories/2150613644,Hand-Crafted 3D VFX_ Level 2/VFX Case Studies - Unreal & Unity/U&U Fire Explosion Breakdown/U&U Fire Explosion Breakdown.html,REPLACED,96319,13.890,
post,Sphere Meshes in Maya,https://www.vfxapprentice.com/products/hand-crafted-3d-vfx-level-2/categories/2150613649/posts/2158906063,https://www.vfxapprentice.com/products/hand-crafted-3d-vfx-level-2/categories/2150613649,Hand-Crafted 3D VFX_ Level 2/VFX Case Studies - Unreal & Unity/Wispy Spiral Dissolve Textures/Sphere Meshes in Maya.html,REPLACED,98423,12.377,
post,Offset & Normal Map in Photoshop,https://www.vfxapprentice.com/products/hand-crafted-3d-vfx-level-2/categories/2150613649/posts/2158917899,https://www.vfxapprentice.com/products/hand-crafted-3d-vfx-level-2/categories/2150613649,Hand-Crafted 3D VFX_ Level 2/VFX Case Studies - Unreal & Unity/Wispy Spiral Dissolve Textures/Offset & Normal Map in Photoshop.html,REPLACED,99311,7.740,
post,Dissolve Map in Photoshop,https://www.vfxapprentice.com/products/hand-crafted-3d-vfx-level-2/categories/2150613649/posts/2158917904,https://www.vfxapprentice.com/products/hand-crafted-3d-vfx-level-2/categories/2150613649,Hand-Crafted 3D VFX_ Level 2/VFX Case Studies - Unreal & Unity/Wispy Spiral Dissolve Textures/Dissolve Map in Photoshop.html,REPLACED,94592,12.830,
post,U&U Wispy Cloud Breakdown,https://www.vfxapprentice.com/products/hand-crafted-3d-vfx-level-2/categories/2150613650/posts/2164336969,https://www.vfxapprentice.com/products/hand-crafted-3d-vfx-level-2/categories/2150613650,Hand-Crafted 3D VFX_ Level 2/VFX Case Studies - Unreal & Unity/U&U Wispy Cloud Breakdown/U&U Wispy Cloud Breakdown.html,REPLACED,95444,13.201,
post,Lightning Design Phase,https://www.vfxapprentice.com/products/hand-crafted-3d-vfx-level-2/categories/2150771941/posts/2159506250,https://www.vfxapprentice.com/products/hand-crafted-3d-vfx-level-2/categories/2150771941,Hand-Crafted 3D VFX_ Level 2/VFX Case Studies - Unreal & Unity/Zappy Flipbook & Dissolve/Lightning Design Phase.html,REPLACED,99016,13.572,
post,Card Design (Unnarrated),https://www.vfxapprentice.com/products/hand-drawn-2d-fx-level-2/categories/2150660582/posts/2159086793,https://www.vfxapprentice.com/products/hand-drawn-2d-fx-level-2/categories/2150660582,Hand-Drawn 2D FX_ Level 2/Post-Process & Motion Graphics Track/Card Shimmer/Card Design (Unnarrated).html,REPLACED,152154,366.508,
post,Lightning Animation Phase,https://www.vfxapprentice.com/products/hand-crafted-3d-vfx-level-2/categories/2150771941/posts/2159506252,https://www.vfxapprentice.com/products/hand-crafted-3d-vfx-level-2/categories/2150771941,Hand-Crafted 3D VFX_ Level 2/VFX Case Studies - Unreal & Unity/Zappy Flipbook & Dissolve/Lightning Animation Phase.html,REPLACED,96971,13.059,
post,Lightning Inbetween Phase,https://www.vfxapprentice.com/products/hand-crafted-3d-vfx-level-2/categories/2150771941/posts/2159506256,https://www.vfxapprentice.com/products/hand-crafted-3d-vfx-level-2/categories/2150771941,Hand-Crafted 3D VFX_ Level 2/VFX Case Studies - Unreal & Unity/Zappy Flipbook & Dissolve/Lightning Inbetween Phase.html,REPLACED,95026,14.194,
post,Burst Gradients,https://www.vfxapprentice.com/products/hand-crafted-3d-vfx-level-2/categories/2150771941/posts/2158917788,https://www.vfxapprentice.com/products/hand-crafted-3d-vfx-level-2/categories/2150771941,Hand-Crafted 3D VFX_ Level 2/VFX Case Studies - Unreal & Unity/Zappy Flipbook & Dissolve/Burst Gradients.html,REPLACED,95754,14.469,
post,Burst Color Pass,https://www.vfxapprentice.com/products/hand-crafted-3d-vfx-level-2/categories/2150771941/posts/2158906047,https://www.vfxapprentice.com/products/hand-crafted-3d-vfx-level-2/categories/2150771941,Hand-Crafted 3D VFX_ Level 2/VFX Case Studies - Unreal & Unity/Zappy Flipbook & Dissolve/Burst Color Pass.html,REPLACED,95244,15.240,
post,U&U Lightning Zap Breakdown,https://www.vfxapprentice.com/products/hand-crafted-3d-vfx-level-2/categories/2150613646/posts/2164336967,https://www.vfxapprentice.com/products/hand-crafted-3d-vfx-level-2/categories/2150613646,Hand-Crafted 3D VFX_ Level 2/VFX Case Studies - Unreal & Unity/U&U Lightning Zap Breakdown/U&U Lightning Zap Breakdown.html,REPLACED,95336,14.008,
post,Bowl Mesh in Maya,https://www.vfxapprentice.com/products/hand-crafted-3d-vfx-level-2/categories/2150613652/posts/2158906068,https://www.vfxapprentice.com/products/hand-crafted-3d-vfx-level-2/categories/2150613652,Hand-Crafted 3D VFX_ Level 2/VFX Case Studies - Unreal & Unity/Gooey Dissolve Material/Bowl Mesh in Maya.html,REPLACED,98696,16.108,
post,Gooey Shape Painting,https://www.vfxapprentice.com/products/hand-crafted-3d-vfx-level-2/categories/2150613652/posts/2158906067,https://www.vfxapprentice.com/products/hand-crafted-3d-vfx-level-2/categories/2150613652,Hand-Crafted 3D VFX_ Level 2/VFX Case Studies - Unreal & Unity/Gooey Dissolve Material/Gooey Shape Painting.html,REPLACED,95033,15.509,
post,Dissolve Map Photoshop Tricks,https://www.vfxapprentice.com/products/hand-crafted-3d-vfx-level-2/categories/2150613652/posts/2158917943,https://www.vfxapprentice.com/products/hand-crafted-3d-vfx-level-2/categories/2150613652,Hand-Crafted 3D VFX_ Level 2/VFX Case Studies - Unreal & Unity/Gooey Dissolve Material/Dissolve Map Photoshop Tricks.html,REPLACED,98959,14.815,
post,Normal Maps,https://www.vfxapprentice.com/products/hand-crafted-3d-vfx-level-2/categories/2150613652/posts/2158917944,https://www.vfxapprentice.com/products/hand-crafted-3d-vfx-level-2/categories/2150613652,Hand-Crafted 3D VFX_ Level 2/VFX Case Studies - Unreal & Unity/Gooey Dissolve Material/Normal Maps.html,REPLACED,99513,13.904,
post,U&U Goo Splat Breakdown,https://www.vfxapprentice.com/products/hand-crafted-3d-vfx-level-2/categories/2150613677/posts/2164342914,https://www.vfxapprentice.com/products/hand-crafted-3d-vfx-level-2/categories/2150613677,Hand-Crafted 3D VFX_ Level 2/VFX Case Studies - Unreal & Unity/U&U Goo Splat Breakdown/U&U Goo Splat Breakdown.html,REPLACED,100289,14.502,
post,Portfolio - Tips & Tricks,https://www.vfxapprentice.com/products/apprenticeship-level-3/categories/2150661699/posts/2160576156,https://www.vfxapprentice.com/products/apprenticeship-level-3/categories/2150661699,Apprenticeship Level 3/Soft Skills - Explained/Portfolio & Application Planning/Portfolio - Tips & Tricks.html,REPLACED,134738,15.237,
post,Portfolio - Professional Examples,https://www.vfxapprentice.com/products/apprenticeship-level-3/categories/2150661699/posts/2160576159,https://www.vfxapprentice.com/products/apprenticeship-level-3/categories/2150661699,Apprenticeship Level 3/Soft Skills - Explained/Portfolio & Application Planning/Portfolio - Professional Examples.html,REPLACED,133110,16.380,
post,Portfolio - Student Review,https://www.vfxapprentice.com/products/apprenticeship-level-3/categories/2150661699/posts/2160576163,https://www.vfxapprentice.com/products/apprenticeship-level-3/categories/2150661699,Apprenticeship Level 3/Soft Skills - Explained/Portfolio & Application Planning/Portfolio - Student Review.html,REPLACED,133348,15.261,
post,Portfolio - Student Review,https://www.vfxapprentice.com/products/apprenticeship-level-3/categories/2150661699/posts/2167480384,https://www.vfxapprentice.com/products/apprenticeship-level-3/categories/2150661699,Apprenticeship Level 3/Soft Skills - Explained/Portfolio & Application Planning/Portfolio - Student Review.html,REPLACED,133348,15.526,
post,Portfolio - Student Review,https://www.vfxapprentice.com/products/apprenticeship-level-3/categories/2150661699/posts/2177007232,https://www.vfxapprentice.com/products/apprenticeship-level-3/categories/2150661699,Apprenticeship Level 3/Soft Skills - Explained/Portfolio & Application Planning/Portfolio - Student Review.html,REPLACED,133348,15.945,
post,Portfolio - Student Review,https://www.vfxapprentice.com/products/apprenticeship-level-3/categories/2150661699/posts/2177827118,https://www.vfxapprentice.com/products/apprenticeship-level-3/categories/2150661699,Apprenticeship Level 3/Soft Skills - Explained/Portfolio & Application Planning/Portfolio - Student Review.html,REPLACED,133348,16.341,
post,Portfolio - Student Review,https://www.vfxapprentice.com/products/apprenticeship-level-3/categories/2150661699/posts/2178731171,https://www.vfxapprentice.com/products/apprenticeship-level-3/categories/2150661699,Apprenticeship Level 3/Soft Skills - Explained/Portfolio & Application Planning/Portfolio - Student Review.html,REPLACED,133348,16.825,
post,Portfolio - Student Review,https://www.vfxapprentice.com/products/apprenticeship-level-3/categories/2150661699/posts/2179656006,https://www.vfxapprentice.com/products/apprenticeship-level-3/categories/2150661699,Apprenticeship Level 3/Soft Skills - Explained/Portfolio & Application Planning/Portfolio - Student Review.html,REPLACED,133348,15.067,
post,Portfolio - Student Review,https://www.vfxapprentice.com/products/apprenticeship-level-3/categories/2150661699/posts/2180554170,https://www.vfxapprentice.com/products/apprenticeship-level-3/categories/2150661699,Apprenticeship Level 3/Soft Skills - Explained/Portfolio & Application Planning/Portfolio - Student Review.html,REPLACED,133348,16.157,
post,Portfolio - Student Review,https://www.vfxapprentice.com/products/apprenticeship-level-3/categories/2150661699/posts/2181491212,https://www.vfxapprentice.com/products/apprenticeship-level-3/categories/2150661699,Apprenticeship Level 3/Soft Skills - Explained/Portfolio & Application Planning/Portfolio - Student Review.html,REPLACED,133348,16.598,
post,Portfolio - Student Review,https://www.vfxapprentice.com/products/apprenticeship-level-3/categories/2150661699/posts/2182158599,https://www.vfxapprentice.com/products/apprenticeship-level-3/categories/2150661699,Apprenticeship Level 3/Soft Skills - Explained/Portfolio & Application Planning/Portfolio - Student Review.html,REPLACED,133348,17.211,
post,Portfolio - Student Review,https://www.vfxapprentice.com/products/apprenticeship-level-3/categories/2150661699/posts/2183004837,https://www.vfxapprentice.com/products/apprenticeship-level-3/categories/2150661699,Apprenticeship Level 3/Soft Skills - Explained/Portfolio & Application Planning/Portfolio - Student Review.html,REPLACED,133348,14.113,
post,Soft Skills Review,https://www.vfxapprentice.com/products/apprenticeship-level-3/categories/2151085931/posts/2160576300,https://www.vfxapprentice.com/products/apprenticeship-level-3/categories/2151085931,Apprenticeship Level 3/Soft Skills - Explained/Review/Soft Skills Review.html,REPLACED,130754,14.869,
post,Light Magic Sword Trail - Unreal 4,https://www.vfxapprentice.com/products/apprenticeship-level-3/categories/2150661702/posts/2159090681,https://www.vfxapprentice.com/products/apprenticeship-level-3/categories/2150661702,"Apprenticeship Level 3/Sidescroller_ 2D FX, 3D FX & Implementation - Unreal 4/Unreal Sword Swipe Spell/Light Magic Sword Trail - Unreal 4.html",REPLACED,134347,16.420,
post,Melee Hit Effect - Unreal 4,https://www.vfxapprentice.com/products/apprenticeship-level-3/categories/2150661702/posts/2159090682,https://www.vfxapprentice.com/products/apprenticeship-level-3/categories/2150661702,"Apprenticeship Level 3/Sidescroller_ 2D FX, 3D FX & Implementation - Unreal 4/Unreal Sword Swipe Spell/Melee Hit Effect - Unreal 4.html",REPLACED,133181,16.231,
post,Windup Particle Setup - Unreal 4,https://www.vfxapprentice.com/products/apprenticeship-level-3/categories/2150661703/posts/2159090915,https://www.vfxapprentice.com/products/apprenticeship-level-3/categories/2150661703,"Apprenticeship Level 3/Sidescroller_ 2D FX, 3D FX & Implementation - Unreal 4/Unreal Fireball Spell/Windup Particle Setup - Unreal 4.html",REPLACED,132407,18.068,
post,Windup Additional Textures - Unreal 4,https://www.vfxapprentice.com/products/apprenticeship-level-3/categories/2150661703/posts/2159090919,https://www.vfxapprentice.com/products/apprenticeship-level-3/categories/2150661703,"Apprenticeship Level 3/Sidescroller_ 2D FX, 3D FX & Implementation - Unreal 4/Unreal Fireball Spell/Windup Additional Textures - Unreal 4.html",REPLACED,132802,17.884,
post,Windup Final Edit - Unreal 4,https://www.vfxapprentice.com/products/apprenticeship-level-3/categories/2150661703/posts/2159090921,https://www.vfxapprentice.com/products/apprenticeship-level-3/categories/2150661703,"Apprenticeship Level 3/Sidescroller_ 2D FX, 3D FX & Implementation - Unreal 4/Unreal Fireball Spell/Windup Final Edit - Unreal 4.html",REPLACED,132140,16.692,
post,Particle-Based Attempt - Unreal 4,https://www.vfxapprentice.com/products/apprenticeship-level-3/categories/2150661703/posts/2159090922,https://www.vfxapprentice.com/products/apprenticeship-level-3/categories/2150661703,"Apprenticeship Level 3/Sidescroller_ 2D FX, 3D FX & Implementation - Unreal 4/Unreal Fireball Spell/Particle-Based Attempt - Unreal 4.html",REPLACED,132186,17.056,
post,Cast Animation - Unreal 4,https://www.vfxapprentice.com/products/apprenticeship-level-3/categories/2150661703/posts/2159090923,https://www.vfxapprentice.com/products/apprenticeship-level-3/categories/2150661703,"Apprenticeship Level 3/Sidescroller_ 2D FX, 3D FX & Implementation - Unreal 4/Unreal Fireball Spell/Cast Animation - Unreal 4.html",REPLACED,132086,18.664,
post,Final Implementation - Unreal 4,https://www.vfxapprentice.com/products/apprenticeship-level-3/categories/2150661703/posts/2159090924,https://www.vfxapprentice.com/products/apprenticeship-level-3/categories/2150661703,"Apprenticeship Level 3/Sidescroller_ 2D FX, 3D FX & Implementation - Unreal 4/Unreal Fireball Spell/Final Implementation - Unreal 4.html",REPLACED,132043,16.163,
post,Animation & Unreal Setup - Unreal 4,https://www.vfxapprentice.com/products/apprenticeship-level-3/categories/2150661703/posts/2159090927,https://www.vfxapprentice.com/products/apprenticeship-level-3/categories/2150661703,"Apprenticeship Level 3/Sidescroller_ 2D FX, 3D FX & Implementation - Unreal 4/Unreal Fireball Spell/Animation & Unreal Setup - Unreal 4.html",REPLACED,133076,15.166,
post,Flipbook Dissolve & Unreal Setup - Unreal 4,https://www.vfxapprentice.com/products/apprenticeship-level-3/categories/2150661703/posts/2159090928,https://www.vfxapprentice.com/products/apprenticeship-level-3/categories/2150661703,"Apprenticeship Level 3/Sidescroller_ 2D FX, 3D FX & Implementation - Unreal 4/Unreal Fireball Spell/Flipbook Dissolve & Unreal Setup - Unreal 4.html",REPLACED,132084,15.903,
post,Smoke Flibook & Unreal Setup - Unreal 4,https://www.vfxapprentice.com/products/apprenticeship-level-3/categories/2150661703/posts/2159090929,https://www.vfxapprentice.com/products/apprenticeship-level-3/categories/2150661703,"Apprenticeship Level 3/Sidescroller_ 2D FX, 3D FX & Implementation - Unreal 4/Unreal Fireball Spell/Smoke Flibook & Unreal Setup - Unreal 4.html",REPLACED,132506,17.648,
post,Base Smoke Animation - Unreal 4,https://www.vfxapprentice.com/products/apprenticeship-level-3/categories/2150661703/posts/2159090932,https://www.vfxapprentice.com/products/apprenticeship-level-3/categories/2150661703,"Apprenticeship Level 3/Sidescroller_ 2D FX, 3D FX & Implementation - Unreal 4/Unreal Fireball Spell/Base Smoke Animation - Unreal 4.html",REPLACED,132228,16.131,
post,Niagara Smoke & Embers - Unreal 4,https://www.vfxapprentice.com/products/apprenticeship-level-3/categories/2150661703/posts/2159090949,https://www.vfxapprentice.com/products/apprenticeship-level-3/categories/2150661703,"Apprenticeship Level 3/Sidescroller_ 2D FX, 3D FX & Implementation - Unreal 4/Unreal Fireball Spell/Niagara Smoke & Embers - Unreal 4.html",REPLACED,132372,16.899,
post,Additional Textures & Meshes - Unreal 4,https://www.vfxapprentice.com/products/apprenticeship-level-3/categories/2150661703/posts/2159090950,https://www.vfxapprentice.com/products/apprenticeship-level-3/categories/2150661703,"Apprenticeship Level 3/Sidescroller_ 2D FX, 3D FX & Implementation - Unreal 4/Unreal Fireball Spell/Additional Textures & Meshes - Unreal 4.html",REPLACED,131911,17.024,
post,Material & Niagara Particle Setup - Unreal 4,https://www.vfxapprentice.com/products/apprenticeship-level-3/categories/2150661703/posts/2159090956,https://www.vfxapprentice.com/products/apprenticeship-level-3/categories/2150661703,"Apprenticeship Level 3/Sidescroller_ 2D FX, 3D FX & Implementation - Unreal 4/Unreal Fireball Spell/Material & Niagara Particle Setup - Unreal 4.html",REPLACED,133009,15.724,
post,Streamers & Finish - Unreal 4,https://www.vfxapprentice.com/products/apprenticeship-level-3/categories/2150661703/posts/2159090959,https://www.vfxapprentice.com/products/apprenticeship-level-3/categories/2150661703,"Apprenticeship Level 3/Sidescroller_ 2D FX, 3D FX & Implementation - Unreal 4/Unreal Fireball Spell/Streamers & Finish - Unreal 4.html",REPLACED,132151,17.558,
post,Introduction & Planning - Unreal 4,https://www.vfxapprentice.com/products/apprenticeship-level-3/categories/2150661704/posts/2159090963,https://www.vfxapprentice.com/products/apprenticeship-level-3/categories/2150661704,"Apprenticeship Level 3/Sidescroller_ 2D FX, 3D FX & Implementation - Unreal 4/Unreal Heal/Introduction & Planning - Unreal 4.html",REPLACED,130942,17.909,
post,Column Flipbook & Mesh - Unreal 4,https://www.vfxapprentice.com/products/apprenticeship-level-3/categories/2150661704/posts/2159090964,https://www.vfxapprentice.com/products/apprenticeship-level-3/categories/2150661704,"Apprenticeship Level 3/Sidescroller_ 2D FX, 3D FX & Implementation - Unreal 4/Unreal Heal/Column Flipbook & Mesh - Unreal 4.html",REPLACED,132138,15.448,
post,Hit Column Unreal Setup - Unreal 4,https://www.vfxapprentice.com/products/apprenticeship-level-3/categories/2150661704/posts/2159090966,https://www.vfxapprentice.com/products/apprenticeship-level-3/categories/2150661704,"Apprenticeship Level 3/Sidescroller_ 2D FX, 3D FX & Implementation - Unreal 4/Unreal Heal/Hit Column Unreal Setup - Unreal 4.html",REPLACED,132713,15.485,
post,Hit Dust Cloud Animation & Setup - Unreal 4,https://www.vfxapprentice.com/products/apprenticeship-level-3/categories/2150661704/posts/2159090968,https://www.vfxapprentice.com/products/apprenticeship-level-3/categories/2150661704,"Apprenticeship Level 3/Sidescroller_ 2D FX, 3D FX & Implementation - Unreal 4/Unreal Heal/Hit Dust Cloud Animation & Setup - Unreal 4.html",REPLACED,131896,16.166,
post,Windup Unreal Setup: Part 2 - Unreal 4,https://www.vfxapprentice.com/products/apprenticeship-level-3/categories/2150661704/posts/2159090971,https://www.vfxapprentice.com/products/apprenticeship-level-3/categories/2150661704,"Apprenticeship Level 3/Sidescroller_ 2D FX, 3D FX & Implementation - Unreal 4/Unreal Heal/Windup Unreal Setup_ Part 2 - Unreal 4.html",REPLACED,131370,16.335,
post,Cast Flipbook Creation,https://www.vfxapprentice.com/products/apprenticeship-level-3/categories/2150661704/posts/2159090973,https://www.vfxapprentice.com/products/apprenticeship-level-3/categories/2150661704,"Apprenticeship Level 3/Sidescroller_ 2D FX, 3D FX & Implementation - Unreal 4/Unreal Heal/Cast Flipbook Creation.html",REPLACED,131818,17.563,
post,Cast Unreal Setup - Unreal 4,https://www.vfxapprentice.com/products/apprenticeship-level-3/categories/2150661704/posts/2159090976,https://www.vfxapprentice.com/products/apprenticeship-level-3/categories/2150661704,"Apprenticeship Level 3/Sidescroller_ 2D FX, 3D FX & Implementation - Unreal 4/Unreal Heal/Cast Unreal Setup - Unreal 4.html",REPLACED,132123,14.251,
post,Cleanup: Flipbooks (Unnarrated),https://www.vfxapprentice.com/products/apprenticeship-level-3/categories/2150661704/posts/2159090977,https://www.vfxapprentice.com/products/apprenticeship-level-3/categories/2150661704,"Apprenticeship Level 3/Sidescroller_ 2D FX, 3D FX & Implementation - Unreal 4/Unreal Heal/Cleanup_ Flipbooks (Unnarrated).html",REPLACED,130897,9.713,
post,Revision: Overview - Unreal 4,https://www.vfxapprentice.com/products/apprenticeship-level-3/categories/2150661704/posts/2159090980,https://www.vfxapprentice.com/products/apprenticeship-level-3/categories/2150661704,"Apprenticeship Level 3/Sidescroller_ 2D FX, 3D FX & Implementation - Unreal 4/Unreal Heal/Revision_ Overview - Unreal 4.html",REPLACED,132749,14.652,
post,Cleanup: Unreal Implementation - Unreal 4,https://www.vfxapprentice.com/products/apprenticeship-level-3/categories/2150661704/posts/2159090978,https://www.vfxapprentice.com/products/apprenticeship-level-3/categories/2150661704,"Apprenticeship Level 3/Sidescroller_ 2D FX, 3D FX & Implementation - Unreal 4/Unreal Heal/Cleanup_ Unreal Implementation - Unreal 4.html",REPLACED,131383,17.366,
post,Revision: Color Concept,https://www.vfxapprentice.com/products/apprenticeship-level-3/categories/2150661704/posts/2159090983,https://www.vfxapprentice.com/products/apprenticeship-level-3/categories/2150661704,"Apprenticeship Level 3/Sidescroller_ 2D FX, 3D FX & Implementation - Unreal 4/Unreal Heal/Revision_ Color Concept.html",REPLACED,131963,15.775,
post,Revision: AOE Column - Unreal 4,https://www.vfxapprentice.com/products/apprenticeship-level-3/categories/2150661704/posts/2159090984,https://www.vfxapprentice.com/products/apprenticeship-level-3/categories/2150661704,"Apprenticeship Level 3/Sidescroller_ 2D FX, 3D FX & Implementation - Unreal 4/Unreal Heal/Revision_ AOE Column - Unreal 4.html",REPLACED,132428,13.693,
post,Revision: Windup - Unreal 4,https://www.vfxapprentice.com/products/apprenticeship-level-3/categories/2150661704/posts/2159090987,https://www.vfxapprentice.com/products/apprenticeship-level-3/categories/2150661704,"Apprenticeship Level 3/Sidescroller_ 2D FX, 3D FX & Implementation - Unreal 4/Unreal Heal/Revision_ Windup - Unreal 4.html",REPLACED,132353,15.489,
post,Revision: Cast Effect - Unreal 4,https://www.vfxapprentice.com/products/apprenticeship-level-3/categories/2150661704/posts/2159090990,https://www.vfxapprentice.com/products/apprenticeship-level-3/categories/2150661704,"Apprenticeship Level 3/Sidescroller_ 2D FX, 3D FX & Implementation - Unreal 4/Unreal Heal/Revision_ Cast Effect - Unreal 4.html",REPLACED,132406,14.575,
post,Side Scroller Review,https://www.vfxapprentice.com/products/apprenticeship-level-3/categories/2151123941/posts/2160576309,https://www.vfxapprentice.com/products/apprenticeship-level-3/categories/2151123941,"Apprenticeship Level 3/Sidescroller_ 2D FX, 3D FX & Implementation - Unreal 4/Side Scroller Evaluation/Side Scroller Review.html",REPLACED,131306,6.634,
post,Windup Unreal Setup: Part 1 - Unreal 4,https://www.vfxapprentice.com/products/apprenticeship-level-3/categories/2150661704/posts/2159090969,https://www.vfxapprentice.com/products/apprenticeship-level-3/categories/2150661704,"Apprenticeship Level 3/Sidescroller_ 2D FX, 3D FX & Implementation - Unreal 4/Unreal Heal/Windup Unreal Setup_ Part 1 - Unreal 4.html",REPLACED,131926,320.829,
