type,title,url,parent_url,local_path,status,size_bytes,seconds,error
product,VFX Apprentice Asset Library,https://www.vfxapprentice.com/products/vfx-apprentice-asset-library,https://www.vfxapprentice.com/library,VFX Apprentice Asset Library/index.html,REPLACED,1251426,11.734,
product,Hand-Drawn 2D FX: Level 2,https://www.vfxapprentice.com/products/hand-drawn-2d-fx-level-2,https://www.vfxapprentice.com/library,Hand-Drawn 2D FX_ Level 2/index.html,DOWNLOADED,1091004,13.990,
library,Main Library,https://www.vfxapprentice.com/library,,index.html,REPLACED,1499017,14.422,
product,Hand-Drawn 2D FX: Level 1,https://www.vfxapprentice.com/products/hand-drawn-2d-fx-level-1,https://www.vfxapprentice.com/library,Hand-Drawn 2D FX_ Level 1/index.html,DOWNLOADED,1614037,16.687,
product,Hand-Crafted 3D VFX: Level 1,https://www.vfxapprentice.com/products/hand-crafted-3d-vfx-level-1,https://www.vfxapprentice.com/library,Hand-Crafted 3D VFX_ Level 1/index.html,DOWNLOADED,1909012,8.125,
product,Apprenticeship Level 3,https://www.vfxapprentice.com/products/apprenticeship-level-3,https://www.vfxapprentice.com/library,Apprenticeship Level 3/index.html,DOWNLOADED,1037713,7.030,
product,Hand-Crafted 3D VFX: Level 2,https://www.vfxapprentice.com/products/hand-crafted-3d-vfx-level-2,https://www.vfxapprentice.com/library,Hand-Crafted 3D VFX_ Level 2/index.html,DOWNLOADED,1062439,10.563,
category,VFX by Mario Belén,https://www.vfxapprentice.com/products/vfx-apprentice-asset-library/categories/2160299012,https://www.vfxapprentice.com/products/vfx-apprentice-asset-library,VFX Apprentice Asset Library/VFX by Mario Belén/index.html,REPLACED,291805,10.525,
category,VFX by Daryna-Vladyslava Masiahina,https://www.vfxapprentice.com/products/vfx-apprentice-asset-library/categories/2159219593,https://www.vfxapprentice.com/products/vfx-apprentice-asset-library,VFX Apprentice Asset Library/VFX by Daryna-Vladyslava Masiahina/index.html,DOWNLOADED,466692,9.627,
category,VFX by Gustavo Dresch Rosa,https://www.vfxapprentice.com/products/vfx-apprentice-asset-library/categories/2160308178,https://www.vfxapprentice.com/products/vfx-apprentice-asset-library,VFX Apprentice Asset Library/VFX by Gustavo Dresch Rosa/index.html,DOWNLOADED,292056,9.039,
category,VFX by Clovis Lebret,https://www.vfxapprentice.com/products/vfx-apprentice-asset-library/categories/2159932504,https://www.vfxapprentice.com/products/vfx-apprentice-asset-library,VFX Apprentice Asset Library/VFX by Clovis Lebret/index.html,DOWNLOADED,395671,9.478,
category,VFX by Can Bayar,https://www.vfxapprentice.com/products/vfx-apprentice-asset-library/categories/2160214336,https://www.vfxapprentice.com/products/vfx-apprentice-asset-library,VFX Apprentice Asset Library/VFX by Can Bayar/index.html,DOWNLOADED,291469,8.299,
category,VFX by Renate Noel-Tagoe (Insert Cat),https://www.vfxapprentice.com/products/vfx-apprentice-asset-library/categories/2159212997,https://www.vfxapprentice.com/products/vfx-apprentice-asset-library,VFX Apprentice Asset Library/VFX by Renate Noel-Tagoe (Insert Cat)/index.html,DOWNLOADED,512903,8.925,
category,VFX by Harmonie Duquesne,https://www.vfxapprentice.com/products/vfx-apprentice-asset-library/categories/2158772168,https://www.vfxapprentice.com/products/vfx-apprentice-asset-library,VFX Apprentice Asset Library/VFX by Harmonie Duquesne/index.html,DOWNLOADED,503934,8.783,
category,VFX by Katie Stine,https://www.vfxapprentice.com/products/vfx-apprentice-asset-library/categories/2158892723,https://www.vfxapprentice.com/products/vfx-apprentice-asset-library,VFX Apprentice Asset Library/VFX by Katie Stine/index.html,DOWNLOADED,516144,9.015,
category,VFX by Jakub Tkáč,https://www.vfxapprentice.com/products/vfx-apprentice-asset-library/categories/2159389664,https://www.vfxapprentice.com/products/vfx-apprentice-asset-library,VFX Apprentice Asset Library/VFX by Jakub Tkáč/index.html,DOWNLOADED,487349,8.626,
category,VFX by Bruno Ferreira Belício,https://www.vfxapprentice.com/products/vfx-apprentice-asset-library/categories/2159389663,https://www.vfxapprentice.com/products/vfx-apprentice-asset-library,VFX Apprentice Asset Library/VFX by Bruno Ferreira Belício/index.html,DOWNLOADED,482257,8.997,
category,VFX by Martin Blasina,https://www.vfxapprentice.com/products/vfx-apprentice-asset-library/categories/2159728446,https://www.vfxapprentice.com/products/vfx-apprentice-asset-library,VFX Apprentice Asset Library/VFX by Martin Blasina/index.html,DOWNLOADED,481752,9.485,
category,VFX by Orçun Sarı,https://www.vfxapprentice.com/products/vfx-apprentice-asset-library/categories/2158686925,https://www.vfxapprentice.com/products/vfx-apprentice-asset-library,VFX Apprentice Asset Library/VFX by Orçun Sarı/index.html,DOWNLOADED,499443,9.097,
category,VFX by De Andre Martin,https://www.vfxapprentice.com/products/vfx-apprentice-asset-library/categories/2158892725,https://www.vfxapprentice.com/products/vfx-apprentice-asset-library,VFX Apprentice Asset Library/VFX by De Andre Martin/index.html,DOWNLOADED,514055,9.385,
category,FX Design Principles - Explained,https://www.vfxapprentice.com/products/hand-drawn-2d-fx-level-1/categories/2150627140,https://www.vfxapprentice.com/products/hand-drawn-2d-fx-level-1,Hand-Drawn 2D FX_ Level 1/FX Design Principles - Explained/index.html,DOWNLOADED,866236,6.656,
category,Animation & Design - Track Overview,https://www.vfxapprentice.com/products/hand-drawn-2d-fx-level-1/categories/2150659695,https://www.vfxapprentice.com/products/hand-drawn-2d-fx-level-1,Hand-Drawn 2D FX_ Level 1/Animation & Design - Track Overview/index.html,FAILED_OUTPUT_MISSING,0,3.216,
category,FX Timing Principles - Explained,https://www.vfxapprentice.com/products/hand-drawn-2d-fx-level-1/categories/2150627141,https://www.vfxapprentice.com/products/hand-drawn-2d-fx-level-1,Hand-Drawn 2D FX_ Level 1/FX Timing Principles - Explained/index.html,DOWNLOADED,1008565,6.655,
category,Drawing Foundations - Design,https://www.vfxapprentice.com/products/hand-drawn-2d-fx-level-1/categories/2150627189,https://www.vfxapprentice.com/products/hand-drawn-2d-fx-level-1,Hand-Drawn 2D FX_ Level 1/Drawing Foundations - Design/index.html,DOWNLOADED,1244825,6.619,
category,2D Software Introduction - Explained,https://www.vfxapprentice.com/products/hand-drawn-2d-fx-level-1/categories/2153487511,https://www.vfxapprentice.com/products/hand-drawn-2d-fx-level-1,Hand-Drawn 2D FX_ Level 1/2D Software Introduction - Explained/index.html,DOWNLOADED,711800,6.689,
category,2D FX Basics - Animation,https://www.vfxapprentice.com/products/hand-drawn-2d-fx-level-1/categories/2153487517,https://www.vfxapprentice.com/products/hand-drawn-2d-fx-level-1,Hand-Drawn 2D FX_ Level 1/2D FX Basics - Animation/index.html,DOWNLOADED,584371,6.650,
category,Applied Foundations - Animation,https://www.vfxapprentice.com/products/hand-drawn-2d-fx-level-1/categories/2150627211,https://www.vfxapprentice.com/products/hand-drawn-2d-fx-level-1,Hand-Drawn 2D FX_ Level 1/Applied Foundations - Animation/index.html,DOWNLOADED,857368,9.722,
category,Elemental Foundations - Explained,https://www.vfxapprentice.com/products/hand-drawn-2d-fx-level-1/categories/2150627224,https://www.vfxapprentice.com/products/hand-drawn-2d-fx-level-1,Hand-Drawn 2D FX_ Level 1/Elemental Foundations - Explained/index.html,DOWNLOADED,1014304,7.005,
category,What To Learn Next? - Track Overview,https://www.vfxapprentice.com/products/hand-drawn-2d-fx-level-1/categories/2150659706,https://www.vfxapprentice.com/products/hand-drawn-2d-fx-level-1,Hand-Drawn 2D FX_ Level 1/What To Learn Next_ - Track Overview/index.html,DOWNLOADED,643418,7.548,
category,Intro to FX Concept Painting - Design,https://www.vfxapprentice.com/products/hand-drawn-2d-fx-level-1/categories/2150627457,https://www.vfxapprentice.com/products/hand-drawn-2d-fx-level-1,Hand-Drawn 2D FX_ Level 1/Intro to FX Concept Painting - Design/index.html,DOWNLOADED,690518,7.295,
category,FX Concept Painting Elemental Studies - Design,https://www.vfxapprentice.com/products/hand-drawn-2d-fx-level-1/categories/2150627636,https://www.vfxapprentice.com/products/hand-drawn-2d-fx-level-1,Hand-Drawn 2D FX_ Level 1/FX Concept Painting Elemental Studies - Design/index.html,DOWNLOADED,1004733,7.570,
category,Medium 2D FX Animation Elemental Studies - Animation,https://www.vfxapprentice.com/products/hand-drawn-2d-fx-level-1/categories/2150627657,https://www.vfxapprentice.com/products/hand-drawn-2d-fx-level-1,Hand-Drawn 2D FX_ Level 1/Medium 2D FX Animation Elemental Studies - Animation/index.html,DOWNLOADED,937830,7.451,
category,Small 2D FX Animation Studies - Animation,https://www.vfxapprentice.com/products/hand-drawn-2d-fx-level-1/categories/2150627235,https://www.vfxapprentice.com/products/hand-drawn-2d-fx-level-1,Hand-Drawn 2D FX_ Level 1/Small 2D FX Animation Studies - Animation/index.html,DOWNLOADED,990763,9.245,
category,Level 1 ✅,https://www.vfxapprentice.com/products/hand-drawn-2d-fx-level-1/categories/2150627694,https://www.vfxapprentice.com/products/hand-drawn-2d-fx-level-1,Hand-Drawn 2D FX_ Level 1/Level 1 ✅/index.html,DOWNLOADED,639586,7.816,
category,Paintover Series - Explained,https://www.vfxapprentice.com/products/hand-drawn-2d-fx-level-2/categories/2150659854,https://www.vfxapprentice.com/products/hand-drawn-2d-fx-level-2,Hand-Drawn 2D FX_ Level 2/Paintover Series - Explained/index.html,DOWNLOADED,929499,8.859,
category,Post-Process & Motion Graphics Track,https://www.vfxapprentice.com/products/hand-drawn-2d-fx-level-2/categories/2150660577,https://www.vfxapprentice.com/products/hand-drawn-2d-fx-level-2,Hand-Drawn 2D FX_ Level 2/Post-Process & Motion Graphics Track/index.html,DOWNLOADED,1371132,6.674,
category,Integrating FX With a Character - Animation,https://www.vfxapprentice.com/products/hand-drawn-2d-fx-level-2/categories/2150659858,https://www.vfxapprentice.com/products/hand-drawn-2d-fx-level-2,Hand-Drawn 2D FX_ Level 2/Integrating FX With a Character - Animation/index.html,DOWNLOADED,851761,9.034,
category,Animation & Post-Process - Track Overview,https://www.vfxapprentice.com/products/hand-drawn-2d-fx-level-2/categories/2150659817,https://www.vfxapprentice.com/products/hand-drawn-2d-fx-level-2,Hand-Drawn 2D FX_ Level 2/Animation & Post-Process - Track Overview/index.html,DOWNLOADED,628644,9.396,
category,2D FX Meme Lab - Production Styles,https://www.vfxapprentice.com/products/hand-drawn-2d-fx-level-2/categories/2152722227,https://www.vfxapprentice.com/products/hand-drawn-2d-fx-level-2,Hand-Drawn 2D FX_ Level 2/2D FX Meme Lab - Production Styles/index.html,DOWNLOADED,1216518,8.835,
category,Complex 2D FX Composition Studies - Animation,https://www.vfxapprentice.com/products/hand-drawn-2d-fx-level-2/categories/2150660021,https://www.vfxapprentice.com/products/hand-drawn-2d-fx-level-2,Hand-Drawn 2D FX_ Level 2/Complex 2D FX Composition Studies - Animation/index.html,DOWNLOADED,839799,9.738,
category,Level 2 ✅,https://www.vfxapprentice.com/products/hand-drawn-2d-fx-level-2/categories/2150660705,https://www.vfxapprentice.com/products/hand-drawn-2d-fx-level-2,Hand-Drawn 2D FX_ Level 2/Level 2 ✅/index.html,DOWNLOADED,584901,9.412,
category,Project - Download,https://www.vfxapprentice.com/products/hand-crafted-3d-vfx-level-1/categories/2151531435,https://www.vfxapprentice.com/products/hand-crafted-3d-vfx-level-1,Hand-Crafted 3D VFX_ Level 1/Project - Download/index.html,DOWNLOADED,529099,9.812,
category,Beginner Guide to VFX,https://www.vfxapprentice.com/products/hand-crafted-3d-vfx-level-1/categories/2154198343,https://www.vfxapprentice.com/products/hand-crafted-3d-vfx-level-1,Hand-Crafted 3D VFX_ Level 1/Beginner Guide to VFX/index.html,DOWNLOADED,783724,8.573,
category,Color Theory for VFX,https://www.vfxapprentice.com/products/hand-crafted-3d-vfx-level-1/categories/2150605426,https://www.vfxapprentice.com/products/hand-crafted-3d-vfx-level-1,Hand-Crafted 3D VFX_ Level 1/Color Theory for VFX/index.html,DOWNLOADED,919700,7.117,
category,Intro to Hand-Painted Textures - Krita,https://www.vfxapprentice.com/products/hand-crafted-3d-vfx-level-1/categories/2150605474,https://www.vfxapprentice.com/products/hand-crafted-3d-vfx-level-1,Hand-Crafted 3D VFX_ Level 1/Intro to Hand-Painted Textures - Krita/index.html,DOWNLOADED,1158400,7.183,
category,Block-in VFX - Unity,https://www.vfxapprentice.com/products/hand-crafted-3d-vfx-level-1/categories/2150605434,https://www.vfxapprentice.com/products/hand-crafted-3d-vfx-level-1,Hand-Crafted 3D VFX_ Level 1/Block-in VFX - Unity/index.html,DOWNLOADED,961380,12.648,
category,Niagara Block-in VFX - Unreal 5,https://www.vfxapprentice.com/products/hand-crafted-3d-vfx-level-1/categories/2150605378,https://www.vfxapprentice.com/products/hand-crafted-3d-vfx-level-1,Hand-Crafted 3D VFX_ Level 1/Niagara Block-in VFX - Unreal 5/index.html,DOWNLOADED,1334346,11.577,
category,Intro to Procedural Textures - Substance Designer,https://www.vfxapprentice.com/products/hand-crafted-3d-vfx-level-1/categories/2153470807,https://www.vfxapprentice.com/products/hand-crafted-3d-vfx-level-1,Hand-Crafted 3D VFX_ Level 1/Intro to Procedural Textures - Substance Designer/index.html,DOWNLOADED,1138406,8.010,
category,Intro to Materials - Unreal 5,https://www.vfxapprentice.com/products/hand-crafted-3d-vfx-level-1/categories/2150605515,https://www.vfxapprentice.com/products/hand-crafted-3d-vfx-level-1,Hand-Crafted 3D VFX_ Level 1/Intro to Materials - Unreal 5/index.html,DOWNLOADED,2292569,7.309,
category,Intro to Modeling for VFX - Blender & Maya,https://www.vfxapprentice.com/products/hand-crafted-3d-vfx-level-1/categories/2150605507,https://www.vfxapprentice.com/products/hand-crafted-3d-vfx-level-1,Hand-Crafted 3D VFX_ Level 1/Intro to Modeling for VFX - Blender & Maya/index.html,DOWNLOADED,1130673,9.986,
category,Intro to Shaders - Unity,https://www.vfxapprentice.com/products/hand-crafted-3d-vfx-level-1/categories/2153219613,https://www.vfxapprentice.com/products/hand-crafted-3d-vfx-level-1,Hand-Crafted 3D VFX_ Level 1/Intro to Shaders - Unity/index.html,DOWNLOADED,1771573,9.987,
category,Art Foundational Lectures - Explained,https://www.vfxapprentice.com/products/hand-crafted-3d-vfx-level-1/categories/2150605523,https://www.vfxapprentice.com/products/hand-crafted-3d-vfx-level-1,Hand-Crafted 3D VFX_ Level 1/Art Foundational Lectures - Explained/index.html,DOWNLOADED,1183093,10.372,
category,League of Effects (Fan Art) Breakdowns,https://www.vfxapprentice.com/products/hand-crafted-3d-vfx-level-1/categories/2154198573,https://www.vfxapprentice.com/products/hand-crafted-3d-vfx-level-1,Hand-Crafted 3D VFX_ Level 1/League of Effects (Fan Art) Breakdowns/index.html,DOWNLOADED,609545,7.298,
category,Particle Practices - Community Recordings,https://www.vfxapprentice.com/products/hand-crafted-3d-vfx-level-1/categories/2152650100,https://www.vfxapprentice.com/products/hand-crafted-3d-vfx-level-1,Hand-Crafted 3D VFX_ Level 1/Particle Practices - Community Recordings/index.html,DOWNLOADED,1225892,10.011,
category,Elemental Studies - Unity,https://www.vfxapprentice.com/products/hand-crafted-3d-vfx-level-1/categories/2150605572,https://www.vfxapprentice.com/products/hand-crafted-3d-vfx-level-1,Hand-Crafted 3D VFX_ Level 1/Elemental Studies - Unity/index.html,DOWNLOADED,1190369,10.267,
category,Level 1 ✅,https://www.vfxapprentice.com/products/hand-crafted-3d-vfx-level-1/categories/2150605604,https://www.vfxapprentice.com/products/hand-crafted-3d-vfx-level-1,Hand-Crafted 3D VFX_ Level 1/Level 1 ✅/index.html,DOWNLOADED,608493,7.152,
category,Elemental Studies - Unreal,https://www.vfxapprentice.com/products/hand-crafted-3d-vfx-level-1/categories/2154231245,https://www.vfxapprentice.com/products/hand-crafted-3d-vfx-level-1,Hand-Crafted 3D VFX_ Level 1/Elemental Studies - Unreal/index.html,DOWNLOADED,1235980,7.444,
category,Particle Animation - Explained,https://www.vfxapprentice.com/products/hand-crafted-3d-vfx-level-2/categories/2151459443,https://www.vfxapprentice.com/products/hand-crafted-3d-vfx-level-2,Hand-Crafted 3D VFX_ Level 2/Particle Animation - Explained/index.html,DOWNLOADED,527430,8.982,
category,Project - Download,https://www.vfxapprentice.com/products/hand-crafted-3d-vfx-level-2/categories/2151459356,https://www.vfxapprentice.com/products/hand-crafted-3d-vfx-level-2,Hand-Crafted 3D VFX_ Level 2/Project - Download/index.html,DOWNLOADED,755420,9.414,
category,VFX Case Studies - Unreal & Unity,https://www.vfxapprentice.com/products/hand-crafted-3d-vfx-level-2/categories/2150613163,https://www.vfxapprentice.com/products/hand-crafted-3d-vfx-level-2,Hand-Crafted 3D VFX_ Level 2/VFX Case Studies - Unreal & Unity/index.html,DOWNLOADED,1222353,9.546,
category,Unreal & Unity - Track Overview,https://www.vfxapprentice.com/products/hand-crafted-3d-vfx-level-2/categories/2150691176,https://www.vfxapprentice.com/products/hand-crafted-3d-vfx-level-2,Hand-Crafted 3D VFX_ Level 2/Unreal & Unity - Track Overview/index.html,DOWNLOADED,525671,10.085,
category,Unity Booms & Blasts - Legacy,https://www.vfxapprentice.com/products/hand-crafted-3d-vfx-level-2/categories/2150613259,https://www.vfxapprentice.com/products/hand-crafted-3d-vfx-level-2,Hand-Crafted 3D VFX_ Level 2/Unity Booms & Blasts - Legacy/index.html,DOWNLOADED,1098816,9.011,
category,Unreal Cascade Booms & Blasts - Legacy,https://www.vfxapprentice.com/products/hand-crafted-3d-vfx-level-2/categories/2150613360,https://www.vfxapprentice.com/products/hand-crafted-3d-vfx-level-2,Hand-Crafted 3D VFX_ Level 2/Unreal Cascade Booms & Blasts - Legacy/index.html,DOWNLOADED,1826513,8.882,
category,Level 2 ✅,https://www.vfxapprentice.com/products/hand-crafted-3d-vfx-level-2/categories/2150613450,https://www.vfxapprentice.com/products/hand-crafted-3d-vfx-level-2,Hand-Crafted 3D VFX_ Level 2/Level 2 ✅/index.html,DOWNLOADED,596266,9.425,
category,Project - Download,https://www.vfxapprentice.com/products/apprenticeship-level-3/categories/2151531420,https://www.vfxapprentice.com/products/apprenticeship-level-3,Apprenticeship Level 3/Project - Download/index.html,DOWNLOADED,548089,9.272,
category,"Sidescroller: 2D FX, 3D FX & Implementation - Unreal 4",https://www.vfxapprentice.com/products/apprenticeship-level-3/categories/2150661700,https://www.vfxapprentice.com/products/apprenticeship-level-3,"Apprenticeship Level 3/Sidescroller_ 2D FX, 3D FX & Implementation - Unreal 4/index.html",DOWNLOADED,809971,9.873,
category,Soft Skills - Explained,https://www.vfxapprentice.com/products/apprenticeship-level-3/categories/2150661675,https://www.vfxapprentice.com/products/apprenticeship-level-3,Apprenticeship Level 3/Soft Skills - Explained/index.html,DOWNLOADED,590176,10.071,
category,Production Level Effects - Breakdown,https://www.vfxapprentice.com/products/apprenticeship-level-3/categories/2152376030,https://www.vfxapprentice.com/products/apprenticeship-level-3,Apprenticeship Level 3/Production Level Effects - Breakdown/index.html,DOWNLOADED,1029881,8.236,
category,Production Level Effects - Unreal,https://www.vfxapprentice.com/products/apprenticeship-level-3/categories/2152945612,https://www.vfxapprentice.com/products/apprenticeship-level-3,Apprenticeship Level 3/Production Level Effects - Unreal/index.html,DOWNLOADED,844971,11.079,
category,Apprenticeship ✅,https://www.vfxapprentice.com/products/apprenticeship-level-3/categories/2151090962,https://www.vfxapprentice.com/products/apprenticeship-level-3,Apprenticeship Level 3/Apprenticeship ✅/index.html,DOWNLOADED,592031,10.360,
category,Apprenticeship,https://www.vfxapprentice.com/products/apprenticeship-level-3/categories/2150661743,https://www.vfxapprentice.com/products/apprenticeship-level-3,Apprenticeship Level 3/Apprenticeship/index.html,DOWNLOADED,1950478,10.517,
post,Project Download,https://www.vfxapprentice.com/products/vfx-apprentice-asset-library/categories/2160299012/posts/2198376946,https://www.vfxapprentice.com/products/vfx-apprentice-asset-library/categories/2160299012,VFX Apprentice Asset Library/VFX by Mario Belén/Project Download.html,REPLACED,296181,9.441,
post,Project Download,https://www.vfxapprentice.com/products/vfx-apprentice-asset-library/categories/2159219593/posts/2194025583,https://www.vfxapprentice.com/products/vfx-apprentice-asset-library/categories/2159219593,VFX Apprentice Asset Library/VFX by Daryna-Vladyslava Masiahina/Project Download.html,DOWNLOADED,296322,11.126,
post,Project Download,https://www.vfxapprentice.com/products/vfx-apprentice-asset-library/categories/2160214336/posts/2197994713,https://www.vfxapprentice.com/products/vfx-apprentice-asset-library/categories/2160214336,VFX Apprentice Asset Library/VFX by Can Bayar/Project Download.html,DOWNLOADED,295985,10.110,
post,Project Download,https://www.vfxapprentice.com/products/vfx-apprentice-asset-library/categories/2160308178/posts/2198408275,https://www.vfxapprentice.com/products/vfx-apprentice-asset-library/categories/2160308178,VFX Apprentice Asset Library/VFX by Gustavo Dresch Rosa/Project Download.html,DOWNLOADED,296532,10.115,
post,Project Download,https://www.vfxapprentice.com/products/vfx-apprentice-asset-library/categories/2159932504/posts/2196863699,https://www.vfxapprentice.com/products/vfx-apprentice-asset-library/categories/2159932504,VFX Apprentice Asset Library/VFX by Clovis Lebret/Project Download.html,DOWNLOADED,296415,11.305,
post,Project Download,https://www.vfxapprentice.com/products/vfx-apprentice-asset-library/categories/2159212997/posts/2194002394,https://www.vfxapprentice.com/products/vfx-apprentice-asset-library/categories/2159212997,VFX Apprentice Asset Library/VFX by Renate Noel-Tagoe (Insert Cat)/Project Download.html,DOWNLOADED,296943,9.335,
post,Project Download,https://www.vfxapprentice.com/products/vfx-apprentice-asset-library/categories/2159389664/posts/2194720546,https://www.vfxapprentice.com/products/vfx-apprentice-asset-library/categories/2159389664,VFX Apprentice Asset Library/VFX by Jakub Tkáč/Project Download.html,DOWNLOADED,296653,10.437,
post,Project Download,https://www.vfxapprentice.com/products/vfx-apprentice-asset-library/categories/2158892723/posts/2192668720,https://www.vfxapprentice.com/products/vfx-apprentice-asset-library/categories/2158892723,VFX Apprentice Asset Library/VFX by Katie Stine/Project Download.html,DOWNLOADED,296630,11.627,
post,Project Download,https://www.vfxapprentice.com/products/vfx-apprentice-asset-library/categories/2158772168/posts/2192189829,https://www.vfxapprentice.com/products/vfx-apprentice-asset-library/categories/2158772168,VFX Apprentice Asset Library/VFX by Harmonie Duquesne/Project Download.html,DOWNLOADED,294926,11.645,
post,Project Download,https://www.vfxapprentice.com/products/vfx-apprentice-asset-library/categories/2159389663/posts/2194720543,https://www.vfxapprentice.com/products/vfx-apprentice-asset-library/categories/2159389663,VFX Apprentice Asset Library/VFX by Bruno Ferreira Belício/Project Download.html,DOWNLOADED,297273,10.140,
post,Project Download,https://www.vfxapprentice.com/products/vfx-apprentice-asset-library/categories/2158892725/posts/2192668724,https://www.vfxapprentice.com/products/vfx-apprentice-asset-library/categories/2158892725,VFX Apprentice Asset Library/VFX by De Andre Martin/Project Download.html,DOWNLOADED,296289,14.034,
post,Project Download,https://www.vfxapprentice.com/products/vfx-apprentice-asset-library/categories/2158686925/posts/2191853781,https://www.vfxapprentice.com/products/vfx-apprentice-asset-library/categories/2158686925,VFX Apprentice Asset Library/VFX by Orçun Sarı/Project Download.html,DOWNLOADED,296549,14.049,
post,Project Download,https://www.vfxapprentice.com/products/vfx-apprentice-asset-library/categories/2159728446/posts/2196052417,https://www.vfxapprentice.com/products/vfx-apprentice-asset-library/categories/2159728446,VFX Apprentice Asset Library/VFX by Martin Blasina/Project Download.html,DOWNLOADED,296428,14.060,
post,Introduction - Dan Elder,https://www.vfxapprentice.com/products/hand-drawn-2d-fx-level-1/categories/2150627140/posts/2158959455,https://www.vfxapprentice.com/products/hand-drawn-2d-fx-level-1/categories/2150627140,Hand-Drawn 2D FX_ Level 1/FX Design Principles - Explained/Introduction - Dan Elder.html,DOWNLOADED,478109,18.502,
post,Intention,https://www.vfxapprentice.com/products/hand-drawn-2d-fx-level-1/categories/2150627140/posts/2158959457,https://www.vfxapprentice.com/products/hand-drawn-2d-fx-level-1/categories/2150627140,Hand-Drawn 2D FX_ Level 1/FX Design Principles - Explained/Intention.html,DOWNLOADED,505833,18.004,
post,Physical Properties,https://www.vfxapprentice.com/products/hand-drawn-2d-fx-level-1/categories/2150627140/posts/2158959458,https://www.vfxapprentice.com/products/hand-drawn-2d-fx-level-1/categories/2150627140,Hand-Drawn 2D FX_ Level 1/FX Design Principles - Explained/Physical Properties.html,DOWNLOADED,533239,18.033,
post,Composition (Staging),https://www.vfxapprentice.com/products/hand-drawn-2d-fx-level-1/categories/2150627140/posts/2158959461,https://www.vfxapprentice.com/products/hand-drawn-2d-fx-level-1/categories/2150627140,Hand-Drawn 2D FX_ Level 1/FX Design Principles - Explained/Composition (Staging).html,DOWNLOADED,457492,18.008,
post,Solid Drawing,https://www.vfxapprentice.com/products/hand-drawn-2d-fx-level-1/categories/2150627140/posts/2158959462,https://www.vfxapprentice.com/products/hand-drawn-2d-fx-level-1/categories/2150627140,Hand-Drawn 2D FX_ Level 1/FX Design Principles - Explained/Solid Drawing.html,DOWNLOADED,446673,14.614,
post,Straight-Ahead & Key Framing,https://www.vfxapprentice.com/products/hand-drawn-2d-fx-level-1/categories/2150627141/posts/2158959481,https://www.vfxapprentice.com/products/hand-drawn-2d-fx-level-1/categories/2150627141,Hand-Drawn 2D FX_ Level 1/FX Timing Principles - Explained/Straight-Ahead & Key Framing.html,DOWNLOADED,485228,13.631,
post,Number of Frames,https://www.vfxapprentice.com/products/hand-drawn-2d-fx-level-1/categories/2150627141/posts/2158959480,https://www.vfxapprentice.com/products/hand-drawn-2d-fx-level-1/categories/2150627141,Hand-Drawn 2D FX_ Level 1/FX Timing Principles - Explained/Number of Frames.html,DOWNLOADED,514100,14.141,
post,Ease In & Ease Out,https://www.vfxapprentice.com/products/hand-drawn-2d-fx-level-1/categories/2150627141/posts/2158959484,https://www.vfxapprentice.com/products/hand-drawn-2d-fx-level-1/categories/2150627141,Hand-Drawn 2D FX_ Level 1/FX Timing Principles - Explained/Ease In & Ease Out.html,DOWNLOADED,518729,14.374,
post,Anticipation,https://www.vfxapprentice.com/products/hand-drawn-2d-fx-level-1/categories/2150627141/posts/2158959485,https://www.vfxapprentice.com/products/hand-drawn-2d-fx-level-1/categories/2150627141,Hand-Drawn 2D FX_ Level 1/FX Timing Principles - Explained/Anticipation.html,DOWNLOADED,437520,13.317,
post,Follow-through,https://www.vfxapprentice.com/products/hand-drawn-2d-fx-level-1/categories/2150627141/posts/2158959487,https://www.vfxapprentice.com/products/hand-drawn-2d-fx-level-1/categories/2150627141,Hand-Drawn 2D FX_ Level 1/FX Timing Principles - Explained/Follow-through.html,DOWNLOADED,472238,13.282,
post,Impulse & Rhythm,https://www.vfxapprentice.com/products/hand-drawn-2d-fx-level-1/categories/2150627141/posts/2158959486,https://www.vfxapprentice.com/products/hand-drawn-2d-fx-level-1/categories/2150627141,Hand-Drawn 2D FX_ Level 1/FX Timing Principles - Explained/Impulse & Rhythm.html,DOWNLOADED,457080,14.365,
post,Arcs,https://www.vfxapprentice.com/products/hand-drawn-2d-fx-level-1/categories/2150627141/posts/2158959488,https://www.vfxapprentice.com/products/hand-drawn-2d-fx-level-1/categories/2150627141,Hand-Drawn 2D FX_ Level 1/FX Timing Principles - Explained/Arcs.html,DOWNLOADED,441884,13.897,
post,Stretch & Smear,https://www.vfxapprentice.com/products/hand-drawn-2d-fx-level-1/categories/2150627141/posts/2158959490,https://www.vfxapprentice.com/products/hand-drawn-2d-fx-level-1/categories/2150627141,Hand-Drawn 2D FX_ Level 1/FX Timing Principles - Explained/Stretch & Smear.html,DOWNLOADED,438562,13.215,
category,Lesson Sketch,https://www.vfxapprentice.com/products/hand-drawn-2d-fx-level-1/categories/2150627445,https://www.vfxapprentice.com/products/hand-drawn-2d-fx-level-1/categories/2150627189,Hand-Drawn 2D FX_ Level 1/Drawing Foundations - Design/Lesson Sketch/index.html,DOWNLOADED,1030074,8.855,
post,Animation and Design Tracks Overview,https://www.vfxapprentice.com/products/hand-drawn-2d-fx-level-1/categories/2150659695/posts/2158959571,https://www.vfxapprentice.com/products/hand-drawn-2d-fx-level-1/categories/2150659695,Hand-Drawn 2D FX_ Level 1/Animation & Design - Track Overview/Animation and Design Tracks Overview.html,DOWNLOADED,479226,12.201,
category,Review,https://www.vfxapprentice.com/products/hand-drawn-2d-fx-level-1/categories/2150659699,https://www.vfxapprentice.com/products/hand-drawn-2d-fx-level-1/categories/2150627189,Hand-Drawn 2D FX_ Level 1/Drawing Foundations - Design/Review/index.html,DOWNLOADED,564494,12.070,
post,Drawing with Confidence,https://www.vfxapprentice.com/products/hand-drawn-2d-fx-level-1/categories/2150627189/posts/2158959654,https://www.vfxapprentice.com/products/hand-drawn-2d-fx-level-1/categories/2150627189,Hand-Drawn 2D FX_ Level 1/Drawing Foundations - Design/Drawing with Confidence.html,DOWNLOADED,508154,13.262,
post,Thinking in 3D,https://www.vfxapprentice.com/products/hand-drawn-2d-fx-level-1/categories/2150627189/posts/2158959670,https://www.vfxapprentice.com/products/hand-drawn-2d-fx-level-1/categories/2150627189,Hand-Drawn 2D FX_ Level 1/Drawing Foundations - Design/Thinking in 3D.html,DOWNLOADED,435494,8.805,
post,Drawing in Perspective,https://www.vfxapprentice.com/products/hand-drawn-2d-fx-level-1/categories/2150627189/posts/2158959671,https://www.vfxapprentice.com/products/hand-drawn-2d-fx-level-1/categories/2150627189,Hand-Drawn 2D FX_ Level 1/Drawing Foundations - Design/Drawing in Perspective.html,DOWNLOADED,459029,14.326,
post,Cylinders in Perspective,https://www.vfxapprentice.com/products/hand-drawn-2d-fx-level-1/categories/2150627189/posts/2158959673,https://www.vfxapprentice.com/products/hand-drawn-2d-fx-level-1/categories/2150627189,Hand-Drawn 2D FX_ Level 1/Drawing Foundations - Design/Cylinders in Perspective.html,DOWNLOADED,429648,14.614,
post,Finding the Right Perspective,https://www.vfxapprentice.com/products/hand-drawn-2d-fx-level-1/categories/2150627189/posts/2158959675,https://www.vfxapprentice.com/products/hand-drawn-2d-fx-level-1/categories/2150627189,Hand-Drawn 2D FX_ Level 1/Drawing Foundations - Design/Finding the Right Perspective.html,DOWNLOADED,427736,14.188,
post,Combining Shapes in Perspective,https://www.vfxapprentice.com/products/hand-drawn-2d-fx-level-1/categories/2150627189/posts/2158960367,https://www.vfxapprentice.com/products/hand-drawn-2d-fx-level-1/categories/2150627189,Hand-Drawn 2D FX_ Level 1/Drawing Foundations - Design/Combining Shapes in Perspective.html,DOWNLOADED,456348,13.957,
post,Rotating Shapes in Perspective,https://www.vfxapprentice.com/products/hand-drawn-2d-fx-level-1/categories/2150627189/posts/2158960445,https://www.vfxapprentice.com/products/hand-drawn-2d-fx-level-1/categories/2150627189,Hand-Drawn 2D FX_ Level 1/Drawing Foundations - Design/Rotating Shapes in Perspective.html,DOWNLOADED,437242,8.906,
post,Using Weighted Lines,https://www.vfxapprentice.com/products/hand-drawn-2d-fx-level-1/categories/2150627189/posts/2158960448,https://www.vfxapprentice.com/products/hand-drawn-2d-fx-level-1/categories/2150627189,Hand-Drawn 2D FX_ Level 1/Drawing Foundations - Design/Using Weighted Lines.html,DOWNLOADED,431744,13.688,
post,Drawing From References,https://www.vfxapprentice.com/products/hand-drawn-2d-fx-level-1/categories/2150627189/posts/2158960454,https://www.vfxapprentice.com/products/hand-drawn-2d-fx-level-1/categories/2150627189,Hand-Drawn 2D FX_ Level 1/Drawing Foundations - Design/Drawing From References.html,DOWNLOADED,457584,13.950,
category,Intro to Animate,https://www.vfxapprentice.com/products/hand-drawn-2d-fx-level-1/categories/2150627208,https://www.vfxapprentice.com/products/hand-drawn-2d-fx-level-1/categories/2153487511,Hand-Drawn 2D FX_ Level 1/2D Software Introduction - Explained/Intro to Animate/index.html,DOWNLOADED,813167,13.095,
category,Intro to Harmony,https://www.vfxapprentice.com/products/hand-drawn-2d-fx-level-1/categories/2150627207,https://www.vfxapprentice.com/products/hand-drawn-2d-fx-level-1/categories/2153487511,Hand-Drawn 2D FX_ Level 1/2D Software Introduction - Explained/Intro to Harmony/index.html,DOWNLOADED,637495,12.404,
category,Intro to Photoshop,https://www.vfxapprentice.com/products/hand-drawn-2d-fx-level-1/categories/2150627459,https://www.vfxapprentice.com/products/hand-drawn-2d-fx-level-1/categories/2153487511,Hand-Drawn 2D FX_ Level 1/2D Software Introduction - Explained/Intro to Photoshop/index.html,DOWNLOADED,778528,8.510,
category,Review,https://www.vfxapprentice.com/products/hand-drawn-2d-fx-level-1/categories/2150659703,https://www.vfxapprentice.com/products/hand-drawn-2d-fx-level-1/categories/2153487511,Hand-Drawn 2D FX_ Level 1/2D Software Introduction - Explained/Review/index.html,DOWNLOADED,567333,13.109,
category,2D FX Playbook,https://www.vfxapprentice.com/products/hand-drawn-2d-fx-level-1/categories/2151838203,https://www.vfxapprentice.com/products/hand-drawn-2d-fx-level-1/categories/2153487517,Hand-Drawn 2D FX_ Level 1/2D FX Basics - Animation/2D FX Playbook/index.html,DOWNLOADED,1140287,13.313,
category,Review,https://www.vfxapprentice.com/products/hand-drawn-2d-fx-level-1/categories/2153488366,https://www.vfxapprentice.com/products/hand-drawn-2d-fx-level-1/categories/2153487517,Hand-Drawn 2D FX_ Level 1/2D FX Basics - Animation/Review/index.html,DOWNLOADED,568795,13.061,
category,Line Wiggle Warmup,https://www.vfxapprentice.com/products/hand-drawn-2d-fx-level-1/categories/2150627214,https://www.vfxapprentice.com/products/hand-drawn-2d-fx-level-1/categories/2150627211,Hand-Drawn 2D FX_ Level 1/Applied Foundations - Animation/Line Wiggle Warmup/index.html,DOWNLOADED,613452,11.210,
category,Negative Shapes: Blip Animation,https://www.vfxapprentice.com/products/hand-drawn-2d-fx-level-1/categories/2150627215,https://www.vfxapprentice.com/products/hand-drawn-2d-fx-level-1/categories/2150627211,Hand-Drawn 2D FX_ Level 1/Applied Foundations - Animation/Negative Shapes_ Blip Animation/index.html,DOWNLOADED,553946,12.749,
category,Sparkle,https://www.vfxapprentice.com/products/hand-drawn-2d-fx-level-1/categories/2150627217,https://www.vfxapprentice.com/products/hand-drawn-2d-fx-level-1/categories/2150627211,Hand-Drawn 2D FX_ Level 1/Applied Foundations - Animation/Sparkle/index.html,DOWNLOADED,644455,12.720,
category,Abstract Lightning,https://www.vfxapprentice.com/products/hand-drawn-2d-fx-level-1/categories/2150627219,https://www.vfxapprentice.com/products/hand-drawn-2d-fx-level-1/categories/2150627211,Hand-Drawn 2D FX_ Level 1/Applied Foundations - Animation/Abstract Lightning/index.html,DOWNLOADED,702186,12.620,
category,Fireball,https://www.vfxapprentice.com/products/hand-drawn-2d-fx-level-1/categories/2150627220,https://www.vfxapprentice.com/products/hand-drawn-2d-fx-level-1/categories/2150627211,Hand-Drawn 2D FX_ Level 1/Applied Foundations - Animation/Fireball/index.html,DOWNLOADED,801956,13.764,
category,Review,https://www.vfxapprentice.com/products/hand-drawn-2d-fx-level-1/categories/2150659705,https://www.vfxapprentice.com/products/hand-drawn-2d-fx-level-1/categories/2150627211,Hand-Drawn 2D FX_ Level 1/Applied Foundations - Animation/Review/index.html,DOWNLOADED,567724,12.132,
post,Design Commentary,https://www.vfxapprentice.com/products/hand-drawn-2d-fx-level-1/categories/2150627224/posts/2158959755,https://www.vfxapprentice.com/products/hand-drawn-2d-fx-level-1/categories/2150627224,Hand-Drawn 2D FX_ Level 1/Elemental Foundations - Explained/Design Commentary.html,DOWNLOADED,465586,15.545,
post,Creation & Dissipation,https://www.vfxapprentice.com/products/hand-drawn-2d-fx-level-1/categories/2150627224/posts/2158959760,https://www.vfxapprentice.com/products/hand-drawn-2d-fx-level-1/categories/2150627224,Hand-Drawn 2D FX_ Level 1/Elemental Foundations - Explained/Creation & Dissipation.html,DOWNLOADED,450960,15.580,
post,The Wave Principle,https://www.vfxapprentice.com/products/hand-drawn-2d-fx-level-1/categories/2150627224/posts/2158959757,https://www.vfxapprentice.com/products/hand-drawn-2d-fx-level-1/categories/2150627224,Hand-Drawn 2D FX_ Level 1/Elemental Foundations - Explained/The Wave Principle.html,DOWNLOADED,498288,19.034,
post,Cycles,https://www.vfxapprentice.com/products/hand-drawn-2d-fx-level-1/categories/2150627224/posts/2158959765,https://www.vfxapprentice.com/products/hand-drawn-2d-fx-level-1/categories/2150627224,Hand-Drawn 2D FX_ Level 1/Elemental Foundations - Explained/Cycles.html,DOWNLOADED,437357,19.443,
post,Smoke & Dust,https://www.vfxapprentice.com/products/hand-drawn-2d-fx-level-1/categories/2150627224/posts/2158959777,https://www.vfxapprentice.com/products/hand-drawn-2d-fx-level-1/categories/2150627224,Hand-Drawn 2D FX_ Level 1/Elemental Foundations - Explained/Smoke & Dust.html,DOWNLOADED,432331,10.345,
post,Water,https://www.vfxapprentice.com/products/hand-drawn-2d-fx-level-1/categories/2150627224/posts/2158959773,https://www.vfxapprentice.com/products/hand-drawn-2d-fx-level-1/categories/2150627224,Hand-Drawn 2D FX_ Level 1/Elemental Foundations - Explained/Water.html,DOWNLOADED,438479,18.239,
post,Fire,https://www.vfxapprentice.com/products/hand-drawn-2d-fx-level-1/categories/2150627224/posts/2158959771,https://www.vfxapprentice.com/products/hand-drawn-2d-fx-level-1/categories/2150627224,Hand-Drawn 2D FX_ Level 1/Elemental Foundations - Explained/Fire.html,DOWNLOADED,433901,21.985,
post,Lightning & Flash Frames,https://www.vfxapprentice.com/products/hand-drawn-2d-fx-level-1/categories/2150627224/posts/2158959779,https://www.vfxapprentice.com/products/hand-drawn-2d-fx-level-1/categories/2150627224,Hand-Drawn 2D FX_ Level 1/Elemental Foundations - Explained/Lightning & Flash Frames.html,DOWNLOADED,424691,16.872,
post,Debris,https://www.vfxapprentice.com/products/hand-drawn-2d-fx-level-1/categories/2150627224/posts/2158959780,https://www.vfxapprentice.com/products/hand-drawn-2d-fx-level-1/categories/2150627224,Hand-Drawn 2D FX_ Level 1/Elemental Foundations - Explained/Debris.html,DOWNLOADED,429322,18.518,
post,Animation and Design Tracks Overview,https://www.vfxapprentice.com/products/hand-drawn-2d-fx-level-1/categories/2150659706/posts/2158959790,https://www.vfxapprentice.com/products/hand-drawn-2d-fx-level-1/categories/2150659706,Hand-Drawn 2D FX_ Level 1/What To Learn Next_ - Track Overview/Animation and Design Tracks Overview.html,DOWNLOADED,439700,14.119,
category,Painting Techniques,https://www.vfxapprentice.com/products/hand-drawn-2d-fx-level-1/categories/2150627461,https://www.vfxapprentice.com/products/hand-drawn-2d-fx-level-1/categories/2150627457,Hand-Drawn 2D FX_ Level 1/Intro to FX Concept Painting - Design/Painting Techniques/index.html,DOWNLOADED,689924,15.578,
category,Review,https://www.vfxapprentice.com/products/hand-drawn-2d-fx-level-1/categories/2150659772,https://www.vfxapprentice.com/products/hand-drawn-2d-fx-level-1/categories/2150627457,Hand-Drawn 2D FX_ Level 1/Intro to FX Concept Painting - Design/Review/index.html,DOWNLOADED,567436,15.269,
category,Fire Explosion,https://www.vfxapprentice.com/products/hand-drawn-2d-fx-level-1/categories/2150627650,https://www.vfxapprentice.com/products/hand-drawn-2d-fx-level-1/categories/2150627636,Hand-Drawn 2D FX_ Level 1/FX Concept Painting Elemental Studies - Design/Fire Explosion/index.html,DOWNLOADED,772011,14.811,
category,Wispy Cloud,https://www.vfxapprentice.com/products/hand-drawn-2d-fx-level-1/categories/2150627651,https://www.vfxapprentice.com/products/hand-drawn-2d-fx-level-1/categories/2150627636,Hand-Drawn 2D FX_ Level 1/FX Concept Painting Elemental Studies - Design/Wispy Cloud/index.html,DOWNLOADED,481046,15.583,
post,Color Foundations Lecture,https://www.vfxapprentice.com/products/hand-drawn-2d-fx-level-1/categories/2150627457/posts/2172714618,https://www.vfxapprentice.com/products/hand-drawn-2d-fx-level-1/categories/2150627457,Hand-Drawn 2D FX_ Level 1/Intro to FX Concept Painting - Design/Color Foundations Lecture.html,DOWNLOADED,474975,19.135,
category,Lightning Zap,https://www.vfxapprentice.com/products/hand-drawn-2d-fx-level-1/categories/2150627652,https://www.vfxapprentice.com/products/hand-drawn-2d-fx-level-1/categories/2150627636,Hand-Drawn 2D FX_ Level 1/FX Concept Painting Elemental Studies - Design/Lightning Zap/index.html,DOWNLOADED,542509,15.945,
category,Goo Splat,https://www.vfxapprentice.com/products/hand-drawn-2d-fx-level-1/categories/2150627654,https://www.vfxapprentice.com/products/hand-drawn-2d-fx-level-1/categories/2150627636,Hand-Drawn 2D FX_ Level 1/FX Concept Painting Elemental Studies - Design/Goo Splat/index.html,DOWNLOADED,558447,14.762,
category,Sparker & Aquanna Illustration,https://www.vfxapprentice.com/products/hand-drawn-2d-fx-level-1/categories/2150627655,https://www.vfxapprentice.com/products/hand-drawn-2d-fx-level-1/categories/2150627636,Hand-Drawn 2D FX_ Level 1/FX Concept Painting Elemental Studies - Design/Sparker & Aquanna Illustration/index.html,DOWNLOADED,544984,15.636,
category,Review,https://www.vfxapprentice.com/products/hand-drawn-2d-fx-level-1/categories/2150659778,https://www.vfxapprentice.com/products/hand-drawn-2d-fx-level-1/categories/2150627636,Hand-Drawn 2D FX_ Level 1/FX Concept Painting Elemental Studies - Design/Review/index.html,DOWNLOADED,568168,15.361,
category,Light Burst,https://www.vfxapprentice.com/products/hand-drawn-2d-fx-level-1/categories/2150627237,https://www.vfxapprentice.com/products/hand-drawn-2d-fx-level-1/categories/2150627235,Hand-Drawn 2D FX_ Level 1/Small 2D FX Animation Studies - Animation/Light Burst/index.html,DOWNLOADED,752086,14.590,
category,Fire Swoosh,https://www.vfxapprentice.com/products/hand-drawn-2d-fx-level-1/categories/2150627238,https://www.vfxapprentice.com/products/hand-drawn-2d-fx-level-1/categories/2150627235,Hand-Drawn 2D FX_ Level 1/Small 2D FX Animation Studies - Animation/Fire Swoosh/index.html,DOWNLOADED,664950,16.405,
category,Poison Splat,https://www.vfxapprentice.com/products/hand-drawn-2d-fx-level-1/categories/2150627241,https://www.vfxapprentice.com/products/hand-drawn-2d-fx-level-1/categories/2150627235,Hand-Drawn 2D FX_ Level 1/Small 2D FX Animation Studies - Animation/Poison Splat/index.html,DOWNLOADED,712237,16.555,
category,Nether Poof,https://www.vfxapprentice.com/products/hand-drawn-2d-fx-level-1/categories/2150627240,https://www.vfxapprentice.com/products/hand-drawn-2d-fx-level-1/categories/2150627235,Hand-Drawn 2D FX_ Level 1/Small 2D FX Animation Studies - Animation/Nether Poof/index.html,DOWNLOADED,762065,16.849,
category,Dark Zap,https://www.vfxapprentice.com/products/hand-drawn-2d-fx-level-1/categories/2150627242,https://www.vfxapprentice.com/products/hand-drawn-2d-fx-level-1/categories/2150627235,Hand-Drawn 2D FX_ Level 1/Small 2D FX Animation Studies - Animation/Dark Zap/index.html,DOWNLOADED,531655,14.378,
category,Bubbly Charm,https://www.vfxapprentice.com/products/hand-drawn-2d-fx-level-1/categories/2150627243,https://www.vfxapprentice.com/products/hand-drawn-2d-fx-level-1/categories/2150627235,Hand-Drawn 2D FX_ Level 1/Small 2D FX Animation Studies - Animation/Bubbly Charm/index.html,DOWNLOADED,739536,18.665,
category,Goo Orb,https://www.vfxapprentice.com/products/hand-drawn-2d-fx-level-1/categories/2150627660,https://www.vfxapprentice.com/products/hand-drawn-2d-fx-level-1/categories/2150627657,Hand-Drawn 2D FX_ Level 1/Medium 2D FX Animation Elemental Studies - Animation/Goo Orb/index.html,DOWNLOADED,682526,8.546,
category,Water Fling,https://www.vfxapprentice.com/products/hand-drawn-2d-fx-level-1/categories/2150627658,https://www.vfxapprentice.com/products/hand-drawn-2d-fx-level-1/categories/2150627657,Hand-Drawn 2D FX_ Level 1/Medium 2D FX Animation Elemental Studies - Animation/Water Fling/index.html,DOWNLOADED,637814,19.388,
category,Spiral Smoke Poof,https://www.vfxapprentice.com/products/hand-drawn-2d-fx-level-1/categories/2150627661,https://www.vfxapprentice.com/products/hand-drawn-2d-fx-level-1/categories/2150627657,Hand-Drawn 2D FX_ Level 1/Medium 2D FX Animation Elemental Studies - Animation/Spiral Smoke Poof/index.html,DOWNLOADED,566636,7.247,
category,Directional Fire,https://www.vfxapprentice.com/products/hand-drawn-2d-fx-level-1/categories/2150627663,https://www.vfxapprentice.com/products/hand-drawn-2d-fx-level-1/categories/2150627657,Hand-Drawn 2D FX_ Level 1/Medium 2D FX Animation Elemental Studies - Animation/Directional Fire/index.html,DOWNLOADED,505296,7.332,
category,Heart Bubbles,https://www.vfxapprentice.com/products/hand-drawn-2d-fx-level-1/categories/2150627664,https://www.vfxapprentice.com/products/hand-drawn-2d-fx-level-1/categories/2150627657,Hand-Drawn 2D FX_ Level 1/Medium 2D FX Animation Elemental Studies - Animation/Heart Bubbles/index.html,DOWNLOADED,468274,9.782,
category,Electric Burst,https://www.vfxapprentice.com/products/hand-drawn-2d-fx-level-1/categories/2150627666,https://www.vfxapprentice.com/products/hand-drawn-2d-fx-level-1/categories/2150627657,Hand-Drawn 2D FX_ Level 1/Medium 2D FX Animation Elemental Studies - Animation/Electric Burst/index.html,DOWNLOADED,574057,9.592,
category,Review,https://www.vfxapprentice.com/products/hand-drawn-2d-fx-level-1/categories/2150659780,https://www.vfxapprentice.com/products/hand-drawn-2d-fx-level-1/categories/2150627657,Hand-Drawn 2D FX_ Level 1/Medium 2D FX Animation Elemental Studies - Animation/Review/index.html,DOWNLOADED,568279,6.839,
post,You made it!,https://www.vfxapprentice.com/products/hand-drawn-2d-fx-level-1/categories/2150627694/posts/2158961252,https://www.vfxapprentice.com/products/hand-drawn-2d-fx-level-1/categories/2150627694,Hand-Drawn 2D FX_ Level 1/Level 1 ✅/You made it!.html,DOWNLOADED,322292,9.981,
post,Anthea Zammit - Paintover,https://www.vfxapprentice.com/products/hand-drawn-2d-fx-level-2/categories/2150659854/posts/2165127362,https://www.vfxapprentice.com/products/hand-drawn-2d-fx-level-2/categories/2150659854,Hand-Drawn 2D FX_ Level 2/Paintover Series - Explained/Anthea Zammit - Paintover.html,DOWNLOADED,411743,6.591,
post,Lesson Survey,https://www.vfxapprentice.com/products/hand-drawn-2d-fx-level-1/categories/2150627694/posts/2160626438,https://www.vfxapprentice.com/products/hand-drawn-2d-fx-level-1/categories/2150627694,Hand-Drawn 2D FX_ Level 1/Level 1 ✅/Lesson Survey.html,DOWNLOADED,2949160,15.831,
post,Luke Kimball - Paintover,https://www.vfxapprentice.com/products/hand-drawn-2d-fx-level-2/categories/2150659854/posts/2165127366,https://www.vfxapprentice.com/products/hand-drawn-2d-fx-level-2/categories/2150659854,Hand-Drawn 2D FX_ Level 2/Paintover Series - Explained/Luke Kimball - Paintover.html,DOWNLOADED,406125,10.733,
post,Sandra Femenía  - Paintover,https://www.vfxapprentice.com/products/hand-drawn-2d-fx-level-2/categories/2150659854/posts/2165195631,https://www.vfxapprentice.com/products/hand-drawn-2d-fx-level-2/categories/2150659854,Hand-Drawn 2D FX_ Level 2/Paintover Series - Explained/Sandra Femenía  - Paintover.html,DOWNLOADED,432848,10.809,
post,"Lee ""Zeph"" Parks - Paintover",https://www.vfxapprentice.com/products/hand-drawn-2d-fx-level-2/categories/2150659854/posts/2165301535,https://www.vfxapprentice.com/products/hand-drawn-2d-fx-level-2/categories/2150659854,Hand-Drawn 2D FX_ Level 2/Paintover Series - Explained/Lee _Zeph_ Parks - Paintover.html,DOWNLOADED,464826,6.858,
post,Paintover Series Review,https://www.vfxapprentice.com/products/hand-drawn-2d-fx-level-2/categories/2150659854/posts/2159083981,https://www.vfxapprentice.com/products/hand-drawn-2d-fx-level-2/categories/2150659854,Hand-Drawn 2D FX_ Level 2/Paintover Series - Explained/Paintover Series Review.html,DOWNLOADED,310046,7.322,
post,Ethan Wesley Maddix - Paintover,https://www.vfxapprentice.com/products/hand-drawn-2d-fx-level-2/categories/2150659854/posts/2165687614,https://www.vfxapprentice.com/products/hand-drawn-2d-fx-level-2/categories/2150659854,Hand-Drawn 2D FX_ Level 2/Paintover Series - Explained/Ethan Wesley Maddix - Paintover.html,DOWNLOADED,427762,11.764,
category,Toxic Avatar,https://www.vfxapprentice.com/products/hand-drawn-2d-fx-level-2/categories/2150659860,https://www.vfxapprentice.com/products/hand-drawn-2d-fx-level-2/categories/2150659858,Hand-Drawn 2D FX_ Level 2/Integrating FX With a Character - Animation/Toxic Avatar/index.html,DOWNLOADED,480905,6.478,
post,Animation and Post-Process Tracks Overview,https://www.vfxapprentice.com/products/hand-drawn-2d-fx-level-2/categories/2150659817/posts/2159083955,https://www.vfxapprentice.com/products/hand-drawn-2d-fx-level-2/categories/2150659817,Hand-Drawn 2D FX_ Level 2/Animation & Post-Process - Track Overview/Animation and Post-Process Tracks Overview.html,DOWNLOADED,417943,10.335,
category,Holy Avatar,https://www.vfxapprentice.com/products/hand-drawn-2d-fx-level-2/categories/2150659861,https://www.vfxapprentice.com/products/hand-drawn-2d-fx-level-2/categories/2150659858,Hand-Drawn 2D FX_ Level 2/Integrating FX With a Character - Animation/Holy Avatar/index.html,DOWNLOADED,492599,10.018,
category,Wind Avatar,https://www.vfxapprentice.com/products/hand-drawn-2d-fx-level-2/categories/2150659862,https://www.vfxapprentice.com/products/hand-drawn-2d-fx-level-2/categories/2150659858,Hand-Drawn 2D FX_ Level 2/Integrating FX With a Character - Animation/Wind Avatar/index.html,DOWNLOADED,854785,10.730,
category,Flame Avatar,https://www.vfxapprentice.com/products/hand-drawn-2d-fx-level-2/categories/2150659868,https://www.vfxapprentice.com/products/hand-drawn-2d-fx-level-2/categories/2150659858,Hand-Drawn 2D FX_ Level 2/Integrating FX With a Character - Animation/Flame Avatar/index.html,DOWNLOADED,630933,10.619,
category,Electric Avatar,https://www.vfxapprentice.com/products/hand-drawn-2d-fx-level-2/categories/2150659869,https://www.vfxapprentice.com/products/hand-drawn-2d-fx-level-2/categories/2150659858,Hand-Drawn 2D FX_ Level 2/Integrating FX With a Character - Animation/Electric Avatar/index.html,DOWNLOADED,587184,9.971,
category,Review,https://www.vfxapprentice.com/products/hand-drawn-2d-fx-level-2/categories/2150659871,https://www.vfxapprentice.com/products/hand-drawn-2d-fx-level-2/categories/2150659858,Hand-Drawn 2D FX_ Level 2/Integrating FX With a Character - Animation/Review/index.html,DOWNLOADED,500877,7.096,
category,Intro to After Effects,https://www.vfxapprentice.com/products/hand-drawn-2d-fx-level-2/categories/2150660579,https://www.vfxapprentice.com/products/hand-drawn-2d-fx-level-2/categories/2150660577,Hand-Drawn 2D FX_ Level 2/Post-Process & Motion Graphics Track/Intro to After Effects/index.html,DOWNLOADED,399194,7.183,
category,Text Pops & Wiggles,https://www.vfxapprentice.com/products/hand-drawn-2d-fx-level-2/categories/2150660580,https://www.vfxapprentice.com/products/hand-drawn-2d-fx-level-2/categories/2150660577,Hand-Drawn 2D FX_ Level 2/Post-Process & Motion Graphics Track/Text Pops & Wiggles/index.html,DOWNLOADED,508526,7.430,
category,Card Shimmer,https://www.vfxapprentice.com/products/hand-drawn-2d-fx-level-2/categories/2150660582,https://www.vfxapprentice.com/products/hand-drawn-2d-fx-level-2/categories/2150660577,Hand-Drawn 2D FX_ Level 2/Post-Process & Motion Graphics Track/Card Shimmer/index.html,DOWNLOADED,505354,9.731,
category,Heart Bubbles,https://www.vfxapprentice.com/products/hand-drawn-2d-fx-level-2/categories/2150660585,https://www.vfxapprentice.com/products/hand-drawn-2d-fx-level-2/categories/2150660577,Hand-Drawn 2D FX_ Level 2/Post-Process & Motion Graphics Track/Heart Bubbles/index.html,DOWNLOADED,406679,8.957,
category,Goo Orb,https://www.vfxapprentice.com/products/hand-drawn-2d-fx-level-2/categories/2150660587,https://www.vfxapprentice.com/products/hand-drawn-2d-fx-level-2/categories/2150660577,Hand-Drawn 2D FX_ Level 2/Post-Process & Motion Graphics Track/Goo Orb/index.html,DOWNLOADED,439373,9.042,
category,Directional Fire,https://www.vfxapprentice.com/products/hand-drawn-2d-fx-level-2/categories/2150660588,https://www.vfxapprentice.com/products/hand-drawn-2d-fx-level-2/categories/2150660577,Hand-Drawn 2D FX_ Level 2/Post-Process & Motion Graphics Track/Directional Fire/index.html,DOWNLOADED,428593,8.896,
category,Spiral Smoke Poof,https://www.vfxapprentice.com/products/hand-drawn-2d-fx-level-2/categories/2150660591,https://www.vfxapprentice.com/products/hand-drawn-2d-fx-level-2/categories/2150660577,Hand-Drawn 2D FX_ Level 2/Post-Process & Motion Graphics Track/Spiral Smoke Poof/index.html,DOWNLOADED,420608,9.022,
category,Wind Avatar,https://www.vfxapprentice.com/products/hand-drawn-2d-fx-level-2/categories/2150660592,https://www.vfxapprentice.com/products/hand-drawn-2d-fx-level-2/categories/2150660577,Hand-Drawn 2D FX_ Level 2/Post-Process & Motion Graphics Track/Wind Avatar/index.html,DOWNLOADED,396408,9.196,
category,Flame Avatar,https://www.vfxapprentice.com/products/hand-drawn-2d-fx-level-2/categories/2150660589,https://www.vfxapprentice.com/products/hand-drawn-2d-fx-level-2/categories/2150660577,Hand-Drawn 2D FX_ Level 2/Post-Process & Motion Graphics Track/Flame Avatar/index.html,DOWNLOADED,521892,9.332,
category,Holy Avatar,https://www.vfxapprentice.com/products/hand-drawn-2d-fx-level-2/categories/2150660595,https://www.vfxapprentice.com/products/hand-drawn-2d-fx-level-2/categories/2150660577,Hand-Drawn 2D FX_ Level 2/Post-Process & Motion Graphics Track/Holy Avatar/index.html,DOWNLOADED,455318,9.398,
category,Toxic Avatar,https://www.vfxapprentice.com/products/hand-drawn-2d-fx-level-2/categories/2150660596,https://www.vfxapprentice.com/products/hand-drawn-2d-fx-level-2/categories/2150660577,Hand-Drawn 2D FX_ Level 2/Post-Process & Motion Graphics Track/Toxic Avatar/index.html,DOWNLOADED,463500,9.295,
category,Electric Avatar,https://www.vfxapprentice.com/products/hand-drawn-2d-fx-level-2/categories/2150660597,https://www.vfxapprentice.com/products/hand-drawn-2d-fx-level-2/categories/2150660577,Hand-Drawn 2D FX_ Level 2/Post-Process & Motion Graphics Track/Electric Avatar/index.html,DOWNLOADED,462706,9.662,
category,Review,https://www.vfxapprentice.com/products/hand-drawn-2d-fx-level-2/categories/2150660672,https://www.vfxapprentice.com/products/hand-drawn-2d-fx-level-2/categories/2150660577,Hand-Drawn 2D FX_ Level 2/Post-Process & Motion Graphics Track/Review/index.html,DOWNLOADED,500628,7.382,
post,Intro,https://www.vfxapprentice.com/products/hand-drawn-2d-fx-level-2/categories/2152722227/posts/2166724701,https://www.vfxapprentice.com/products/hand-drawn-2d-fx-level-2/categories/2152722227,Hand-Drawn 2D FX_ Level 2/2D FX Meme Lab - Production Styles/Intro.html,DOWNLOADED,437718,12.626,
post,Budget Shot,https://www.vfxapprentice.com/products/hand-drawn-2d-fx-level-2/categories/2152722227/posts/2166724703,https://www.vfxapprentice.com/products/hand-drawn-2d-fx-level-2/categories/2152722227,Hand-Drawn 2D FX_ Level 2/2D FX Meme Lab - Production Styles/Budget Shot.html,DOWNLOADED,447482,13.329,
post,TV Show: Head Fire,https://www.vfxapprentice.com/products/hand-drawn-2d-fx-level-2/categories/2152722227/posts/2166724709,https://www.vfxapprentice.com/products/hand-drawn-2d-fx-level-2/categories/2152722227,Hand-Drawn 2D FX_ Level 2/2D FX Meme Lab - Production Styles/TV Show_ Head Fire.html,DOWNLOADED,427373,7.647,
post,TV Show: Low Fire,https://www.vfxapprentice.com/products/hand-drawn-2d-fx-level-2/categories/2152722227/posts/2166724706,https://www.vfxapprentice.com/products/hand-drawn-2d-fx-level-2/categories/2152722227,Hand-Drawn 2D FX_ Level 2/2D FX Meme Lab - Production Styles/TV Show_ Low Fire.html,DOWNLOADED,444453,11.625,
post,TV Show: Explosion,https://www.vfxapprentice.com/products/hand-drawn-2d-fx-level-2/categories/2152722227/posts/2166724713,https://www.vfxapprentice.com/products/hand-drawn-2d-fx-level-2/categories/2152722227,Hand-Drawn 2D FX_ Level 2/2D FX Meme Lab - Production Styles/TV Show_ Explosion.html,DOWNLOADED,449711,12.584,
post,High-Budget Fire,https://www.vfxapprentice.com/products/hand-drawn-2d-fx-level-2/categories/2152722227/posts/2166724720,https://www.vfxapprentice.com/products/hand-drawn-2d-fx-level-2/categories/2152722227,Hand-Drawn 2D FX_ Level 2/2D FX Meme Lab - Production Styles/High-Budget Fire.html,DOWNLOADED,430934,13.007,
post,Summary,https://www.vfxapprentice.com/products/hand-drawn-2d-fx-level-2/categories/2152722227/posts/2166724721,https://www.vfxapprentice.com/products/hand-drawn-2d-fx-level-2/categories/2152722227,Hand-Drawn 2D FX_ Level 2/2D FX Meme Lab - Production Styles/Summary.html,DOWNLOADED,437299,11.937,
post,Polish and Closure,https://www.vfxapprentice.com/products/hand-drawn-2d-fx-level-2/categories/2152722227/posts/2166724722,https://www.vfxapprentice.com/products/hand-drawn-2d-fx-level-2/categories/2152722227,Hand-Drawn 2D FX_ Level 2/2D FX Meme Lab - Production Styles/Polish and Closure.html,DOWNLOADED,446845,12.347,
category,FX Logo Animation,https://www.vfxapprentice.com/products/hand-drawn-2d-fx-level-2/categories/2150660022,https://www.vfxapprentice.com/products/hand-drawn-2d-fx-level-2/categories/2150660021,Hand-Drawn 2D FX_ Level 2/Complex 2D FX Composition Studies - Animation/FX Logo Animation/index.html,DOWNLOADED,1411862,9.515,
category,Explosion Masterclass,https://www.vfxapprentice.com/products/hand-drawn-2d-fx-level-2/categories/2150660027,https://www.vfxapprentice.com/products/hand-drawn-2d-fx-level-2/categories/2150660021,Hand-Drawn 2D FX_ Level 2/Complex 2D FX Composition Studies - Animation/Explosion Masterclass/index.html,DOWNLOADED,1698373,14.802,
category,Ignited - 2D FX Production,https://www.vfxapprentice.com/products/hand-drawn-2d-fx-level-2/categories/2153161526,https://www.vfxapprentice.com/products/hand-drawn-2d-fx-level-2/categories/2150660021,Hand-Drawn 2D FX_ Level 2/Complex 2D FX Composition Studies - Animation/Ignited - 2D FX Production/index.html,DOWNLOADED,1060882,14.818,
category,Review,https://www.vfxapprentice.com/products/hand-drawn-2d-fx-level-2/categories/2150660263,https://www.vfxapprentice.com/products/hand-drawn-2d-fx-level-2/categories/2150660021,Hand-Drawn 2D FX_ Level 2/Complex 2D FX Composition Studies - Animation/Review/index.html,DOWNLOADED,500314,17.283,
post,Great job!,https://www.vfxapprentice.com/products/hand-drawn-2d-fx-level-2/categories/2150660705/posts/2159086665,https://www.vfxapprentice.com/products/hand-drawn-2d-fx-level-2/categories/2150660705,Hand-Drawn 2D FX_ Level 2/Level 2 ✅/Great job!.html,DOWNLOADED,303380,17.504,
post,Project Download,https://www.vfxapprentice.com/products/hand-crafted-3d-vfx-level-1/categories/2151531435/posts/2160740828,https://www.vfxapprentice.com/products/hand-crafted-3d-vfx-level-1/categories/2151531435,Hand-Crafted 3D VFX_ Level 1/Project - Download/Project Download.html,DOWNLOADED,369059,13.824,
category,Introduction & Game Development,https://www.vfxapprentice.com/products/hand-crafted-3d-vfx-level-1/categories/2154198428,https://www.vfxapprentice.com/products/hand-crafted-3d-vfx-level-1/categories/2154198343,Hand-Crafted 3D VFX_ Level 1/Beginner Guide to VFX/Introduction & Game Development/index.html,DOWNLOADED,656665,7.675,
category,Review,https://www.vfxapprentice.com/products/hand-drawn-2d-fx-level-1/categories/2150659779,https://www.vfxapprentice.com/products/hand-drawn-2d-fx-level-1/categories/2150627235,Hand-Drawn 2D FX_ Level 1/Small 2D FX Animation Studies - Animation/Review/index.html,DOWNLOADED,567227,297.460,
category,"Gameplay, Engines, Platforms",https://www.vfxapprentice.com/products/hand-crafted-3d-vfx-level-1/categories/2154198483,https://www.vfxapprentice.com/products/hand-crafted-3d-vfx-level-1/categories/2154198343,"Hand-Crafted 3D VFX_ Level 1/Beginner Guide to VFX/Gameplay, Engines, Platforms/index.html",DOWNLOADED,806798,18.192,
category,VFX Terminology & Process,https://www.vfxapprentice.com/products/hand-crafted-3d-vfx-level-1/categories/2154198485,https://www.vfxapprentice.com/products/hand-crafted-3d-vfx-level-1/categories/2154198343,Hand-Crafted 3D VFX_ Level 1/Beginner Guide to VFX/VFX Terminology & Process/index.html,DOWNLOADED,762633,17.697,
category,Cyber Tech Slash,https://www.vfxapprentice.com/products/hand-drawn-2d-fx-level-1/categories/2150627244,https://www.vfxapprentice.com/products/hand-drawn-2d-fx-level-1/categories/2150627235,Hand-Drawn 2D FX_ Level 1/Small 2D FX Animation Studies - Animation/Cyber Tech Slash/index.html,DOWNLOADED,894865,322.762,
category,Next Steps,https://www.vfxapprentice.com/products/hand-crafted-3d-vfx-level-1/categories/2154198488,https://www.vfxapprentice.com/products/hand-crafted-3d-vfx-level-1/categories/2154198343,Hand-Crafted 3D VFX_ Level 1/Beginner Guide to VFX/Next Steps/index.html,DOWNLOADED,515577,15.363,
post,Lesson Survey,https://www.vfxapprentice.com/products/hand-drawn-2d-fx-level-2/categories/2150660705/posts/2160626501,https://www.vfxapprentice.com/products/hand-drawn-2d-fx-level-2/categories/2150660705,Hand-Drawn 2D FX_ Level 2/Level 2 ✅/Lesson Survey.html,DOWNLOADED,2930391,71.003,
post,Intro to Unity: Fire,https://www.vfxapprentice.com/products/hand-crafted-3d-vfx-level-1/categories/2150605434/posts/2162913361,https://www.vfxapprentice.com/products/hand-crafted-3d-vfx-level-1/categories/2150605434,Hand-Crafted 3D VFX_ Level 1/Block-in VFX - Unity/Intro to Unity_ Fire.html,DOWNLOADED,465672,20.419,
post,Hit Impact,https://www.vfxapprentice.com/products/hand-crafted-3d-vfx-level-1/categories/2150605434/posts/2162913365,https://www.vfxapprentice.com/products/hand-crafted-3d-vfx-level-1/categories/2150605434,Hand-Crafted 3D VFX_ Level 1/Block-in VFX - Unity/Hit Impact.html,DOWNLOADED,478079,21.524,
post,Healing Loop,https://www.vfxapprentice.com/products/hand-crafted-3d-vfx-level-1/categories/2150605434/posts/2162913370,https://www.vfxapprentice.com/products/hand-crafted-3d-vfx-level-1/categories/2150605434,Hand-Crafted 3D VFX_ Level 1/Block-in VFX - Unity/Healing Loop.html,DOWNLOADED,465505,41.345,
post,Unity Introduction Review,https://www.vfxapprentice.com/products/hand-crafted-3d-vfx-level-1/categories/2150605434/posts/2159191363,https://www.vfxapprentice.com/products/hand-crafted-3d-vfx-level-1/categories/2150605434,Hand-Crafted 3D VFX_ Level 1/Block-in VFX - Unity/Unity Introduction Review.html,DOWNLOADED,382412,13.429,
post,Intro to Niagara: Fire,https://www.vfxapprentice.com/products/hand-crafted-3d-vfx-level-1/categories/2150605378/posts/2158878419,https://www.vfxapprentice.com/products/hand-crafted-3d-vfx-level-1/categories/2150605378,Hand-Crafted 3D VFX_ Level 1/Niagara Block-in VFX - Unreal 5/Intro to Niagara_ Fire.html,DOWNLOADED,523299,13.037,
post,Missile - Timeline Setup,https://www.vfxapprentice.com/products/hand-crafted-3d-vfx-level-1/categories/2150605434/posts/2163669313,https://www.vfxapprentice.com/products/hand-crafted-3d-vfx-level-1/categories/2150605434,Hand-Crafted 3D VFX_ Level 1/Block-in VFX - Unity/Missile - Timeline Setup.html,DOWNLOADED,493451,51.181,
post,Missile,https://www.vfxapprentice.com/products/hand-crafted-3d-vfx-level-1/categories/2150605434/posts/2163669309,https://www.vfxapprentice.com/products/hand-crafted-3d-vfx-level-1/categories/2150605434,Hand-Crafted 3D VFX_ Level 1/Block-in VFX - Unity/Missile.html,DOWNLOADED,446372,69.581,
post,Item Aura & Visual Hierarchy,https://www.vfxapprentice.com/products/hand-crafted-3d-vfx-level-1/categories/2150605378/posts/2158878432,https://www.vfxapprentice.com/products/hand-crafted-3d-vfx-level-1/categories/2150605378,Hand-Crafted 3D VFX_ Level 1/Niagara Block-in VFX - Unreal 5/Item Aura & Visual Hierarchy.html,DOWNLOADED,529484,17.015,
post,Tech & Tools,https://www.vfxapprentice.com/products/hand-crafted-3d-vfx-level-1/categories/2150605378/posts/2162581548,https://www.vfxapprentice.com/products/hand-crafted-3d-vfx-level-1/categories/2150605378,Hand-Crafted 3D VFX_ Level 1/Niagara Block-in VFX - Unreal 5/Tech & Tools.html,DOWNLOADED,522135,22.628,
post,Damage Impact - Timing & Punch,https://www.vfxapprentice.com/products/hand-crafted-3d-vfx-level-1/categories/2150605378/posts/2158878433,https://www.vfxapprentice.com/products/hand-crafted-3d-vfx-level-1/categories/2150605378,Hand-Crafted 3D VFX_ Level 1/Niagara Block-in VFX - Unreal 5/Damage Impact - Timing & Punch.html,DOWNLOADED,481106,30.029,
post,Missile Wind-up & Impact,https://www.vfxapprentice.com/products/hand-crafted-3d-vfx-level-1/categories/2150605378/posts/2158878435,https://www.vfxapprentice.com/products/hand-crafted-3d-vfx-level-1/categories/2150605378,Hand-Crafted 3D VFX_ Level 1/Niagara Block-in VFX - Unreal 5/Missile Wind-up & Impact.html,DOWNLOADED,495138,15.519,
post,Heal Impacts - Arcs & Ease In/Out,https://www.vfxapprentice.com/products/hand-crafted-3d-vfx-level-1/categories/2150605378/posts/2158878434,https://www.vfxapprentice.com/products/hand-crafted-3d-vfx-level-1/categories/2150605378,Hand-Crafted 3D VFX_ Level 1/Niagara Block-in VFX - Unreal 5/Heal Impacts - Arcs & Ease In_Out.html,DOWNLOADED,500289,42.723,
post,Block-in Overview,https://www.vfxapprentice.com/products/hand-crafted-3d-vfx-level-1/categories/2150605378/posts/2162581558,https://www.vfxapprentice.com/products/hand-crafted-3d-vfx-level-1/categories/2150605378,Hand-Crafted 3D VFX_ Level 1/Niagara Block-in VFX - Unreal 5/Block-in Overview.html,DOWNLOADED,437120,65.499,
post,Explosion,https://www.vfxapprentice.com/products/hand-crafted-3d-vfx-level-1/categories/2150605434/posts/2163552123,https://www.vfxapprentice.com/products/hand-crafted-3d-vfx-level-1/categories/2150605434,Hand-Crafted 3D VFX_ Level 1/Block-in VFX - Unity/Explosion.html,DOWNLOADED,482060,139.227,
post,Sequencer Addendum - Projectile Setup for Games,https://www.vfxapprentice.com/products/hand-crafted-3d-vfx-level-1/categories/2150605378/posts/2162581574,https://www.vfxapprentice.com/products/hand-crafted-3d-vfx-level-1/categories/2150605378,Hand-Crafted 3D VFX_ Level 1/Niagara Block-in VFX - Unreal 5/Sequencer Addendum - Projectile Setup for Games.html,DOWNLOADED,515280,17.518,
post,"Explosion AoE - Anticipation, Impulse, & Rhythm",https://www.vfxapprentice.com/products/hand-crafted-3d-vfx-level-1/categories/2150605378/posts/2158878449,https://www.vfxapprentice.com/products/hand-crafted-3d-vfx-level-1/categories/2150605378,"Hand-Crafted 3D VFX_ Level 1/Niagara Block-in VFX - Unreal 5/Explosion AoE - Anticipation, Impulse, & Rhythm.html",DOWNLOADED,480423,21.151,
post,Niagara Review,https://www.vfxapprentice.com/products/hand-crafted-3d-vfx-level-1/categories/2150605378/posts/2159191397,https://www.vfxapprentice.com/products/hand-crafted-3d-vfx-level-1/categories/2150605378,Hand-Crafted 3D VFX_ Level 1/Niagara Block-in VFX - Unreal 5/Niagara Review.html,DOWNLOADED,417508,28.221,
post,Intro & RGB Color Wheel,https://www.vfxapprentice.com/products/hand-crafted-3d-vfx-level-1/categories/2150605426/posts/2158878594,https://www.vfxapprentice.com/products/hand-crafted-3d-vfx-level-1/categories/2150605426,Hand-Crafted 3D VFX_ Level 1/Color Theory for VFX/Intro & RGB Color Wheel.html,DOWNLOADED,422468,31.084,
post,Color Value,https://www.vfxapprentice.com/products/hand-crafted-3d-vfx-level-1/categories/2150605426/posts/2158878596,https://www.vfxapprentice.com/products/hand-crafted-3d-vfx-level-1/categories/2150605426,Hand-Crafted 3D VFX_ Level 1/Color Theory for VFX/Color Value.html,DOWNLOADED,484955,30.185,
post,Saturation & Hue,https://www.vfxapprentice.com/products/hand-crafted-3d-vfx-level-1/categories/2150605426/posts/2158878597,https://www.vfxapprentice.com/products/hand-crafted-3d-vfx-level-1/categories/2150605426,Hand-Crafted 3D VFX_ Level 1/Color Theory for VFX/Saturation & Hue.html,DOWNLOADED,433138,32.701,
post,Temperature & Palettes,https://www.vfxapprentice.com/products/hand-crafted-3d-vfx-level-1/categories/2150605426/posts/2158878599,https://www.vfxapprentice.com/products/hand-crafted-3d-vfx-level-1/categories/2150605426,Hand-Crafted 3D VFX_ Level 1/Color Theory for VFX/Temperature & Palettes.html,DOWNLOADED,440954,32.692,
post,Addition,https://www.vfxapprentice.com/products/hand-crafted-3d-vfx-level-1/categories/2150605426/posts/2158878601,https://www.vfxapprentice.com/products/hand-crafted-3d-vfx-level-1/categories/2150605426,Hand-Crafted 3D VFX_ Level 1/Color Theory for VFX/Addition.html,DOWNLOADED,435652,30.773,
post,Restraint & Readability,https://www.vfxapprentice.com/products/hand-crafted-3d-vfx-level-1/categories/2150605426/posts/2158878603,https://www.vfxapprentice.com/products/hand-crafted-3d-vfx-level-1/categories/2150605426,Hand-Crafted 3D VFX_ Level 1/Color Theory for VFX/Restraint & Readability.html,DOWNLOADED,565892,40.523,
post,Impact Flair,https://www.vfxapprentice.com/products/hand-crafted-3d-vfx-level-1/categories/2150605474/posts/2158878645,https://www.vfxapprentice.com/products/hand-crafted-3d-vfx-level-1/categories/2150605474,Hand-Crafted 3D VFX_ Level 1/Intro to Hand-Painted Textures - Krita/Impact Flair.html,DOWNLOADED,508820,40.133,
post,Ring,https://www.vfxapprentice.com/products/hand-crafted-3d-vfx-level-1/categories/2150605474/posts/2158878646,https://www.vfxapprentice.com/products/hand-crafted-3d-vfx-level-1/categories/2150605474,Hand-Crafted 3D VFX_ Level 1/Intro to Hand-Painted Textures - Krita/Ring.html,DOWNLOADED,447909,39.516,
post,Embers Sprite Sheet,https://www.vfxapprentice.com/products/hand-crafted-3d-vfx-level-1/categories/2150605474/posts/2158878647,https://www.vfxapprentice.com/products/hand-crafted-3d-vfx-level-1/categories/2150605474,Hand-Crafted 3D VFX_ Level 1/Intro to Hand-Painted Textures - Krita/Embers Sprite Sheet.html,DOWNLOADED,514222,31.602,
post,Zap Sprite Sheet,https://www.vfxapprentice.com/products/hand-crafted-3d-vfx-level-1/categories/2150605474/posts/2158878648,https://www.vfxapprentice.com/products/hand-crafted-3d-vfx-level-1/categories/2150605474,Hand-Crafted 3D VFX_ Level 1/Intro to Hand-Painted Textures - Krita/Zap Sprite Sheet.html,DOWNLOADED,437973,21.518,
post,Wisp Sprite Sheet,https://www.vfxapprentice.com/products/hand-crafted-3d-vfx-level-1/categories/2150605474/posts/2158878649,https://www.vfxapprentice.com/products/hand-crafted-3d-vfx-level-1/categories/2150605474,Hand-Crafted 3D VFX_ Level 1/Intro to Hand-Painted Textures - Krita/Wisp Sprite Sheet.html,DOWNLOADED,463446,26.178,
post,Tiling Noise,https://www.vfxapprentice.com/products/hand-crafted-3d-vfx-level-1/categories/2150605474/posts/2158878652,https://www.vfxapprentice.com/products/hand-crafted-3d-vfx-level-1/categories/2150605474,Hand-Crafted 3D VFX_ Level 1/Intro to Hand-Painted Textures - Krita/Tiling Noise.html,DOWNLOADED,448594,16.129,
post,Tiling Trail,https://www.vfxapprentice.com/products/hand-crafted-3d-vfx-level-1/categories/2150605474/posts/2158878653,https://www.vfxapprentice.com/products/hand-crafted-3d-vfx-level-1/categories/2150605474,Hand-Crafted 3D VFX_ Level 1/Intro to Hand-Painted Textures - Krita/Tiling Trail.html,DOWNLOADED,464151,16.569,
post,Hand Painted Textures Review,https://www.vfxapprentice.com/products/hand-crafted-3d-vfx-level-1/categories/2150605474/posts/2159191545,https://www.vfxapprentice.com/products/hand-crafted-3d-vfx-level-1/categories/2150605474,Hand-Crafted 3D VFX_ Level 1/Intro to Hand-Painted Textures - Krita/Hand Painted Textures Review.html,DOWNLOADED,333589,14.507,
post,Intro to Procedural Thinking,https://www.vfxapprentice.com/products/hand-crafted-3d-vfx-level-1/categories/2153470807/posts/2170057074,https://www.vfxapprentice.com/products/hand-crafted-3d-vfx-level-1/categories/2153470807,Hand-Crafted 3D VFX_ Level 1/Intro to Procedural Textures - Substance Designer/Intro to Procedural Thinking.html,DOWNLOADED,488440,17.815,
post,Intro to Substance Designer - Fuzzball,https://www.vfxapprentice.com/products/hand-crafted-3d-vfx-level-1/categories/2153470807/posts/2170057080,https://www.vfxapprentice.com/products/hand-crafted-3d-vfx-level-1/categories/2153470807,Hand-Crafted 3D VFX_ Level 1/Intro to Procedural Textures - Substance Designer/Intro to Substance Designer - Fuzzball.html,DOWNLOADED,445958,17.239,
post,Liquid Splatter,https://www.vfxapprentice.com/products/hand-crafted-3d-vfx-level-1/categories/2150605474/posts/2158878651,https://www.vfxapprentice.com/products/hand-crafted-3d-vfx-level-1/categories/2150605474,Hand-Crafted 3D VFX_ Level 1/Intro to Hand-Painted Textures - Krita/Liquid Splatter.html,DOWNLOADED,432002,67.726,
post,Lens Flare,https://www.vfxapprentice.com/products/hand-crafted-3d-vfx-level-1/categories/2153470807/posts/2170057086,https://www.vfxapprentice.com/products/hand-crafted-3d-vfx-level-1/categories/2153470807,Hand-Crafted 3D VFX_ Level 1/Intro to Procedural Textures - Substance Designer/Lens Flare.html,DOWNLOADED,453619,19.540,
post,Intro to Krita,https://www.vfxapprentice.com/products/hand-crafted-3d-vfx-level-1/categories/2150605474/posts/2158878644,https://www.vfxapprentice.com/products/hand-crafted-3d-vfx-level-1/categories/2150605474,Hand-Crafted 3D VFX_ Level 1/Intro to Hand-Painted Textures - Krita/Intro to Krita.html,DOWNLOADED,492874,139.821,
post,Ringburst,https://www.vfxapprentice.com/products/hand-crafted-3d-vfx-level-1/categories/2153470807/posts/2170057088,https://www.vfxapprentice.com/products/hand-crafted-3d-vfx-level-1/categories/2153470807,Hand-Crafted 3D VFX_ Level 1/Intro to Procedural Textures - Substance Designer/Ringburst.html,DOWNLOADED,496001,16.000,
post,Embers - Spritesheet,https://www.vfxapprentice.com/products/hand-crafted-3d-vfx-level-1/categories/2153470807/posts/2170874868,https://www.vfxapprentice.com/products/hand-crafted-3d-vfx-level-1/categories/2153470807,Hand-Crafted 3D VFX_ Level 1/Intro to Procedural Textures - Substance Designer/Embers - Spritesheet.html,DOWNLOADED,461945,18.475,
post,Tiling Noise,https://www.vfxapprentice.com/products/hand-crafted-3d-vfx-level-1/categories/2153470807/posts/2171676514,https://www.vfxapprentice.com/products/hand-crafted-3d-vfx-level-1/categories/2153470807,Hand-Crafted 3D VFX_ Level 1/Intro to Procedural Textures - Substance Designer/Tiling Noise.html,DOWNLOADED,446743,19.182,
post,Lightning - Spritesheet,https://www.vfxapprentice.com/products/hand-crafted-3d-vfx-level-1/categories/2153470807/posts/2170905389,https://www.vfxapprentice.com/products/hand-crafted-3d-vfx-level-1/categories/2153470807,Hand-Crafted 3D VFX_ Level 1/Intro to Procedural Textures - Substance Designer/Lightning - Spritesheet.html,DOWNLOADED,467312,36.616,
post,Tiling Trail,https://www.vfxapprentice.com/products/hand-crafted-3d-vfx-level-1/categories/2153470807/posts/2171676518,https://www.vfxapprentice.com/products/hand-crafted-3d-vfx-level-1/categories/2153470807,Hand-Crafted 3D VFX_ Level 1/Intro to Procedural Textures - Substance Designer/Tiling Trail.html,DOWNLOADED,450146,14.164,
post,Ground Crack,https://www.vfxapprentice.com/products/hand-crafted-3d-vfx-level-1/categories/2153470807/posts/2171676521,https://www.vfxapprentice.com/products/hand-crafted-3d-vfx-level-1/categories/2153470807,Hand-Crafted 3D VFX_ Level 1/Intro to Procedural Textures - Substance Designer/Ground Crack.html,DOWNLOADED,550362,16.994,
post,Dome & Tapered Cylinder,https://www.vfxapprentice.com/products/hand-crafted-3d-vfx-level-1/categories/2150605507/posts/2158878739,https://www.vfxapprentice.com/products/hand-crafted-3d-vfx-level-1/categories/2150605507,Hand-Crafted 3D VFX_ Level 1/Intro to Modeling for VFX - Blender & Maya/Dome & Tapered Cylinder.html,DOWNLOADED,443431,20.013,
post,UVs in Blender,https://www.vfxapprentice.com/products/hand-crafted-3d-vfx-level-1/categories/2150605507/posts/2158878741,https://www.vfxapprentice.com/products/hand-crafted-3d-vfx-level-1/categories/2150605507,Hand-Crafted 3D VFX_ Level 1/Intro to Modeling for VFX - Blender & Maya/UVs in Blender.html,DOWNLOADED,537015,14.400,
post,Vertex Colors,https://www.vfxapprentice.com/products/hand-crafted-3d-vfx-level-1/categories/2150605507/posts/2158878742,https://www.vfxapprentice.com/products/hand-crafted-3d-vfx-level-1/categories/2150605507,Hand-Crafted 3D VFX_ Level 1/Intro to Modeling for VFX - Blender & Maya/Vertex Colors.html,DOWNLOADED,463246,13.605,
post,Modifiers,https://www.vfxapprentice.com/products/hand-crafted-3d-vfx-level-1/categories/2150605507/posts/2158878743,https://www.vfxapprentice.com/products/hand-crafted-3d-vfx-level-1/categories/2150605507,Hand-Crafted 3D VFX_ Level 1/Intro to Modeling for VFX - Blender & Maya/Modifiers.html,DOWNLOADED,481607,14.725,
post,Intro to Blender,https://www.vfxapprentice.com/products/hand-crafted-3d-vfx-level-1/categories/2150605507/posts/2158878737,https://www.vfxapprentice.com/products/hand-crafted-3d-vfx-level-1/categories/2150605507,Hand-Crafted 3D VFX_ Level 1/Intro to Modeling for VFX - Blender & Maya/Intro to Blender.html,DOWNLOADED,490145,73.700,
post,"Rings, Swipes, & Soulercoasters",https://www.vfxapprentice.com/products/hand-crafted-3d-vfx-level-1/categories/2150605507/posts/2158878745,https://www.vfxapprentice.com/products/hand-crafted-3d-vfx-level-1/categories/2150605507,"Hand-Crafted 3D VFX_ Level 1/Intro to Modeling for VFX - Blender & Maya/Rings, Swipes, & Soulercoasters.html",DOWNLOADED,458182,15.292,
post,Waterfall,https://www.vfxapprentice.com/products/hand-crafted-3d-vfx-level-1/categories/2150605507/posts/2161408083,https://www.vfxapprentice.com/products/hand-crafted-3d-vfx-level-1/categories/2150605507,Hand-Crafted 3D VFX_ Level 1/Intro to Modeling for VFX - Blender & Maya/Waterfall.html,DOWNLOADED,510937,18.163,
post,Maya Basics,https://www.vfxapprentice.com/products/hand-crafted-3d-vfx-level-1/categories/2150605507/posts/2163766183,https://www.vfxapprentice.com/products/hand-crafted-3d-vfx-level-1/categories/2150605507,Hand-Crafted 3D VFX_ Level 1/Intro to Modeling for VFX - Blender & Maya/Maya Basics.html,DOWNLOADED,366300,16.165,
post,Modeling Review,https://www.vfxapprentice.com/products/hand-crafted-3d-vfx-level-1/categories/2150605507/posts/2159191554,https://www.vfxapprentice.com/products/hand-crafted-3d-vfx-level-1/categories/2150605507,Hand-Crafted 3D VFX_ Level 1/Intro to Modeling for VFX - Blender & Maya/Modeling Review.html,DOWNLOADED,393249,16.231,
post,Intro - Course Overview,https://www.vfxapprentice.com/products/hand-crafted-3d-vfx-level-1/categories/2153219613/posts/2169057659,https://www.vfxapprentice.com/products/hand-crafted-3d-vfx-level-1/categories/2153219613,Hand-Crafted 3D VFX_ Level 1/Intro to Shaders - Unity/Intro - Course Overview.html,DOWNLOADED,467982,18.090,
post,How Do Shaders Work?,https://www.vfxapprentice.com/products/hand-crafted-3d-vfx-level-1/categories/2153219613/posts/2169057662,https://www.vfxapprentice.com/products/hand-crafted-3d-vfx-level-1/categories/2153219613,Hand-Crafted 3D VFX_ Level 1/Intro to Shaders - Unity/How Do Shaders Work_.html,DOWNLOADED,428077,18.899,
post,Node-based Shader Interface,https://www.vfxapprentice.com/products/hand-crafted-3d-vfx-level-1/categories/2153219613/posts/2169057666,https://www.vfxapprentice.com/products/hand-crafted-3d-vfx-level-1/categories/2153219613,Hand-Crafted 3D VFX_ Level 1/Intro to Shaders - Unity/Node-based Shader Interface.html,DOWNLOADED,436549,16.525,
post,Vector UVs - Texture Sampling,https://www.vfxapprentice.com/products/hand-crafted-3d-vfx-level-1/categories/2153219613/posts/2169057669,https://www.vfxapprentice.com/products/hand-crafted-3d-vfx-level-1/categories/2153219613,Hand-Crafted 3D VFX_ Level 1/Intro to Shaders - Unity/Vector UVs - Texture Sampling.html,DOWNLOADED,446454,17.457,
post,Adding & Panning,https://www.vfxapprentice.com/products/hand-crafted-3d-vfx-level-1/categories/2153219613/posts/2169057671,https://www.vfxapprentice.com/products/hand-crafted-3d-vfx-level-1/categories/2153219613,Hand-Crafted 3D VFX_ Level 1/Intro to Shaders - Unity/Adding & Panning.html,DOWNLOADED,429080,16.938,
post,Multiply & Scaling,https://www.vfxapprentice.com/products/hand-crafted-3d-vfx-level-1/categories/2153219613/posts/2169057673,https://www.vfxapprentice.com/products/hand-crafted-3d-vfx-level-1/categories/2153219613,Hand-Crafted 3D VFX_ Level 1/Intro to Shaders - Unity/Multiply & Scaling.html,DOWNLOADED,428734,17.360,
post,Adjusting Texture Intensity,https://www.vfxapprentice.com/products/hand-crafted-3d-vfx-level-1/categories/2153219613/posts/2169057674,https://www.vfxapprentice.com/products/hand-crafted-3d-vfx-level-1/categories/2153219613,Hand-Crafted 3D VFX_ Level 1/Intro to Shaders - Unity/Adjusting Texture Intensity.html,DOWNLOADED,442293,15.514,
post,Combining Textures,https://www.vfxapprentice.com/products/hand-crafted-3d-vfx-level-1/categories/2153219613/posts/2169057677,https://www.vfxapprentice.com/products/hand-crafted-3d-vfx-level-1/categories/2153219613,Hand-Crafted 3D VFX_ Level 1/Intro to Shaders - Unity/Combining Textures.html,DOWNLOADED,444221,19.043,
post,"Step, Smoothstep & Dissolve",https://www.vfxapprentice.com/products/hand-crafted-3d-vfx-level-1/categories/2153219613/posts/2169057680,https://www.vfxapprentice.com/products/hand-crafted-3d-vfx-level-1/categories/2153219613,"Hand-Crafted 3D VFX_ Level 1/Intro to Shaders - Unity/Step, Smoothstep & Dissolve.html",DOWNLOADED,473190,16.677,
post,Color Lerp & Gradients,https://www.vfxapprentice.com/products/hand-crafted-3d-vfx-level-1/categories/2153219613/posts/2169057683,https://www.vfxapprentice.com/products/hand-crafted-3d-vfx-level-1/categories/2153219613,Hand-Crafted 3D VFX_ Level 1/Intro to Shaders - Unity/Color Lerp & Gradients.html,DOWNLOADED,458852,15.175,
post,Distortion,https://www.vfxapprentice.com/products/hand-crafted-3d-vfx-level-1/categories/2153219613/posts/2169057684,https://www.vfxapprentice.com/products/hand-crafted-3d-vfx-level-1/categories/2153219613,Hand-Crafted 3D VFX_ Level 1/Intro to Shaders - Unity/Distortion.html,DOWNLOADED,440758,18.889,
post,Creating a Full Shader,https://www.vfxapprentice.com/products/hand-crafted-3d-vfx-level-1/categories/2153219613/posts/2169057689,https://www.vfxapprentice.com/products/hand-crafted-3d-vfx-level-1/categories/2153219613,Hand-Crafted 3D VFX_ Level 1/Intro to Shaders - Unity/Creating a Full Shader.html,DOWNLOADED,443048,19.149,
post,Properties & Shader Variants,https://www.vfxapprentice.com/products/hand-crafted-3d-vfx-level-1/categories/2153219613/posts/2169057780,https://www.vfxapprentice.com/products/hand-crafted-3d-vfx-level-1/categories/2153219613,Hand-Crafted 3D VFX_ Level 1/Intro to Shaders - Unity/Properties & Shader Variants.html,DOWNLOADED,452645,16.954,
post,Surface Direction Fresnel,https://www.vfxapprentice.com/products/hand-crafted-3d-vfx-level-1/categories/2153219613/posts/2169057788,https://www.vfxapprentice.com/products/hand-crafted-3d-vfx-level-1/categories/2153219613,Hand-Crafted 3D VFX_ Level 1/Intro to Shaders - Unity/Surface Direction Fresnel.html,DOWNLOADED,446800,15.539,
post,Using Positions & Distance,https://www.vfxapprentice.com/products/hand-crafted-3d-vfx-level-1/categories/2153219613/posts/2169057791,https://www.vfxapprentice.com/products/hand-crafted-3d-vfx-level-1/categories/2153219613,Hand-Crafted 3D VFX_ Level 1/Intro to Shaders - Unity/Using Positions & Distance.html,DOWNLOADED,451624,15.285,
post,Vertex Offset,https://www.vfxapprentice.com/products/hand-crafted-3d-vfx-level-1/categories/2153219613/posts/2169057852,https://www.vfxapprentice.com/products/hand-crafted-3d-vfx-level-1/categories/2153219613,Hand-Crafted 3D VFX_ Level 1/Intro to Shaders - Unity/Vertex Offset.html,DOWNLOADED,454180,15.862,
post,Depth Fade,https://www.vfxapprentice.com/products/hand-crafted-3d-vfx-level-1/categories/2153219613/posts/2169057853,https://www.vfxapprentice.com/products/hand-crafted-3d-vfx-level-1/categories/2153219613,Hand-Crafted 3D VFX_ Level 1/Intro to Shaders - Unity/Depth Fade.html,DOWNLOADED,473817,15.989,
post,Shaders & Particle System,https://www.vfxapprentice.com/products/hand-crafted-3d-vfx-level-1/categories/2153219613/posts/2169057857,https://www.vfxapprentice.com/products/hand-crafted-3d-vfx-level-1/categories/2153219613,Hand-Crafted 3D VFX_ Level 1/Intro to Shaders - Unity/Shaders & Particle System.html,DOWNLOADED,496777,15.124,
post,Review,https://www.vfxapprentice.com/products/hand-crafted-3d-vfx-level-1/categories/2153219613/posts/2169419767,https://www.vfxapprentice.com/products/hand-crafted-3d-vfx-level-1/categories/2153219613,Hand-Crafted 3D VFX_ Level 1/Intro to Shaders - Unity/Review.html,DOWNLOADED,372665,13.904,
post,Intro & Overview,https://www.vfxapprentice.com/products/hand-crafted-3d-vfx-level-1/categories/2150605515/posts/2160809549,https://www.vfxapprentice.com/products/hand-crafted-3d-vfx-level-1/categories/2150605515,Hand-Crafted 3D VFX_ Level 1/Intro to Materials - Unreal 5/Intro & Overview.html,DOWNLOADED,512698,15.960,
post,Node-based Shader Interface,https://www.vfxapprentice.com/products/hand-crafted-3d-vfx-level-1/categories/2150605515/posts/2160399269,https://www.vfxapprentice.com/products/hand-crafted-3d-vfx-level-1/categories/2150605515,Hand-Crafted 3D VFX_ Level 1/Intro to Materials - Unreal 5/Node-based Shader Interface.html,DOWNLOADED,493848,15.902,
post,"Vector, UVs, & Texture Sampling",https://www.vfxapprentice.com/products/hand-crafted-3d-vfx-level-1/categories/2150605515/posts/2160399318,https://www.vfxapprentice.com/products/hand-crafted-3d-vfx-level-1/categories/2150605515,"Hand-Crafted 3D VFX_ Level 1/Intro to Materials - Unreal 5/Vector, UVs, & Texture Sampling.html",DOWNLOADED,486629,16.572,
post,Add & Panning,https://www.vfxapprentice.com/products/hand-crafted-3d-vfx-level-1/categories/2150605515/posts/2160399320,https://www.vfxapprentice.com/products/hand-crafted-3d-vfx-level-1/categories/2150605515,Hand-Crafted 3D VFX_ Level 1/Intro to Materials - Unreal 5/Add & Panning.html,DOWNLOADED,506020,14.484,
post,Multiply & Scaling,https://www.vfxapprentice.com/products/hand-crafted-3d-vfx-level-1/categories/2150605515/posts/2160399325,https://www.vfxapprentice.com/products/hand-crafted-3d-vfx-level-1/categories/2150605515,Hand-Crafted 3D VFX_ Level 1/Intro to Materials - Unreal 5/Multiply & Scaling.html,DOWNLOADED,433001,16.592,
post,Adjusting Textures,https://www.vfxapprentice.com/products/hand-crafted-3d-vfx-level-1/categories/2150605515/posts/2160399327,https://www.vfxapprentice.com/products/hand-crafted-3d-vfx-level-1/categories/2150605515,Hand-Crafted 3D VFX_ Level 1/Intro to Materials - Unreal 5/Adjusting Textures.html,DOWNLOADED,482193,16.245,
post,Combining Textures,https://www.vfxapprentice.com/products/hand-crafted-3d-vfx-level-1/categories/2150605515/posts/2160399332,https://www.vfxapprentice.com/products/hand-crafted-3d-vfx-level-1/categories/2150605515,Hand-Crafted 3D VFX_ Level 1/Intro to Materials - Unreal 5/Combining Textures.html,DOWNLOADED,511418,16.999,
post,Stepping,https://www.vfxapprentice.com/products/hand-crafted-3d-vfx-level-1/categories/2150605515/posts/2160399335,https://www.vfxapprentice.com/products/hand-crafted-3d-vfx-level-1/categories/2150605515,Hand-Crafted 3D VFX_ Level 1/Intro to Materials - Unreal 5/Stepping.html,DOWNLOADED,492726,16.788,
post,Lerp & Color,https://www.vfxapprentice.com/products/hand-crafted-3d-vfx-level-1/categories/2150605515/posts/2160399336,https://www.vfxapprentice.com/products/hand-crafted-3d-vfx-level-1/categories/2150605515,Hand-Crafted 3D VFX_ Level 1/Intro to Materials - Unreal 5/Lerp & Color.html,DOWNLOADED,497097,17.946,
post,Distortion,https://www.vfxapprentice.com/products/hand-crafted-3d-vfx-level-1/categories/2150605515/posts/2160399338,https://www.vfxapprentice.com/products/hand-crafted-3d-vfx-level-1/categories/2150605515,Hand-Crafted 3D VFX_ Level 1/Intro to Materials - Unreal 5/Distortion.html,DOWNLOADED,505316,22.009,
post,Output Pipeline,https://www.vfxapprentice.com/products/hand-crafted-3d-vfx-level-1/categories/2150605515/posts/2161119739,https://www.vfxapprentice.com/products/hand-crafted-3d-vfx-level-1/categories/2150605515,Hand-Crafted 3D VFX_ Level 1/Intro to Materials - Unreal 5/Output Pipeline.html,DOWNLOADED,535973,20.607,
post,Splash,https://www.vfxapprentice.com/products/hand-crafted-3d-vfx-level-1/categories/2153470807/posts/2171676560,https://www.vfxapprentice.com/products/hand-crafted-3d-vfx-level-1/categories/2153470807,Hand-Crafted 3D VFX_ Level 1/Intro to Procedural Textures - Substance Designer/Splash.html,DOWNLOADED,444697,414.664,
post,Wisps - Spritesheet,https://www.vfxapprentice.com/products/hand-crafted-3d-vfx-level-1/categories/2153470807/posts/2170940649,https://www.vfxapprentice.com/products/hand-crafted-3d-vfx-level-1/categories/2153470807,Hand-Crafted 3D VFX_ Level 1/Intro to Procedural Textures - Substance Designer/Wisps - Spritesheet.html,DOWNLOADED,454251,418.556,
post,Vectors & Fresnel,https://www.vfxapprentice.com/products/hand-crafted-3d-vfx-level-1/categories/2150605515/posts/2161119742,https://www.vfxapprentice.com/products/hand-crafted-3d-vfx-level-1/categories/2150605515,Hand-Crafted 3D VFX_ Level 1/Intro to Materials - Unreal 5/Vectors & Fresnel.html,DOWNLOADED,504554,17.908,
post,Positions & Distance Sampling,https://www.vfxapprentice.com/products/hand-crafted-3d-vfx-level-1/categories/2150605515/posts/2161119744,https://www.vfxapprentice.com/products/hand-crafted-3d-vfx-level-1/categories/2150605515,Hand-Crafted 3D VFX_ Level 1/Intro to Materials - Unreal 5/Positions & Distance Sampling.html,DOWNLOADED,522752,15.498,
post,Depth Fade,https://www.vfxapprentice.com/products/hand-crafted-3d-vfx-level-1/categories/2150605515/posts/2161119749,https://www.vfxapprentice.com/products/hand-crafted-3d-vfx-level-1/categories/2150605515,Hand-Crafted 3D VFX_ Level 1/Intro to Materials - Unreal 5/Depth Fade.html,DOWNLOADED,513071,26.328,
post,Materials Review,https://www.vfxapprentice.com/products/hand-crafted-3d-vfx-level-1/categories/2150605515/posts/2159191565,https://www.vfxapprentice.com/products/hand-crafted-3d-vfx-level-1/categories/2150605515,Hand-Crafted 3D VFX_ Level 1/Intro to Materials - Unreal 5/Materials Review.html,DOWNLOADED,386869,40.987,
post,Gameplay Lecture,https://www.vfxapprentice.com/products/hand-crafted-3d-vfx-level-1/categories/2150605523/posts/2158878814,https://www.vfxapprentice.com/products/hand-crafted-3d-vfx-level-1/categories/2150605523,Hand-Crafted 3D VFX_ Level 1/Art Foundational Lectures - Explained/Gameplay Lecture.html,DOWNLOADED,515818,16.443,
post,Guiding Principles Lecture,https://www.vfxapprentice.com/products/hand-crafted-3d-vfx-level-1/categories/2150605523/posts/2158878813,https://www.vfxapprentice.com/products/hand-crafted-3d-vfx-level-1/categories/2150605523,Hand-Crafted 3D VFX_ Level 1/Art Foundational Lectures - Explained/Guiding Principles Lecture.html,DOWNLOADED,536192,46.490,
post,Shape Lecture,https://www.vfxapprentice.com/products/hand-crafted-3d-vfx-level-1/categories/2150605523/posts/2158878816,https://www.vfxapprentice.com/products/hand-crafted-3d-vfx-level-1/categories/2150605523,Hand-Crafted 3D VFX_ Level 1/Art Foundational Lectures - Explained/Shape Lecture.html,DOWNLOADED,425677,19.578,
post,Value Lecture,https://www.vfxapprentice.com/products/hand-crafted-3d-vfx-level-1/categories/2150605523/posts/2158878818,https://www.vfxapprentice.com/products/hand-crafted-3d-vfx-level-1/categories/2150605523,Hand-Crafted 3D VFX_ Level 1/Art Foundational Lectures - Explained/Value Lecture.html,DOWNLOADED,430810,20.447,
post,Color Lecture,https://www.vfxapprentice.com/products/hand-crafted-3d-vfx-level-1/categories/2150605523/posts/2158878819,https://www.vfxapprentice.com/products/hand-crafted-3d-vfx-level-1/categories/2150605523,Hand-Crafted 3D VFX_ Level 1/Art Foundational Lectures - Explained/Color Lecture.html,DOWNLOADED,491927,19.344,
post,Art Foundations Review,https://www.vfxapprentice.com/products/hand-crafted-3d-vfx-level-1/categories/2150605523/posts/2159747907,https://www.vfxapprentice.com/products/hand-crafted-3d-vfx-level-1/categories/2150605523,Hand-Crafted 3D VFX_ Level 1/Art Foundational Lectures - Explained/Art Foundations Review.html,DOWNLOADED,350417,17.103,
post,Vertex Offset,https://www.vfxapprentice.com/products/hand-crafted-3d-vfx-level-1/categories/2150605515/posts/2161119746,https://www.vfxapprentice.com/products/hand-crafted-3d-vfx-level-1/categories/2150605515,Hand-Crafted 3D VFX_ Level 1/Intro to Materials - Unreal 5/Vertex Offset.html,DOWNLOADED,485089,94.300,
post,Introduction,https://www.vfxapprentice.com/products/hand-crafted-3d-vfx-level-1/categories/2154198573/posts/2172935839,https://www.vfxapprentice.com/products/hand-crafted-3d-vfx-level-1/categories/2154198573,Hand-Crafted 3D VFX_ Level 1/League of Effects (Fan Art) Breakdowns/Introduction.html,DOWNLOADED,494259,15.997,
post,Breakdown: Super Mega Death Rocket (Fan Art),https://www.vfxapprentice.com/products/hand-crafted-3d-vfx-level-1/categories/2154198573/posts/2172935843,https://www.vfxapprentice.com/products/hand-crafted-3d-vfx-level-1/categories/2154198573,Hand-Crafted 3D VFX_ Level 1/League of Effects (Fan Art) Breakdowns/Breakdown_ Super Mega Death Rocket (Fan Art).html,DOWNLOADED,431784,15.811,
post,Nibilli's Muzzle Flash,https://www.vfxapprentice.com/products/hand-crafted-3d-vfx-level-1/categories/2152650100/posts/2166791771,https://www.vfxapprentice.com/products/hand-crafted-3d-vfx-level-1/categories/2152650100,Hand-Crafted 3D VFX_ Level 1/Particle Practices - Community Recordings/Nibilli's Muzzle Flash.html,DOWNLOADED,461711,15.130,
post,Nibilli's Explosion,https://www.vfxapprentice.com/products/hand-crafted-3d-vfx-level-1/categories/2152650100/posts/2166791767,https://www.vfxapprentice.com/products/hand-crafted-3d-vfx-level-1/categories/2152650100,Hand-Crafted 3D VFX_ Level 1/Particle Practices - Community Recordings/Nibilli's Explosion.html,DOWNLOADED,508328,19.338,
post,Nibilli's Curve Mesh,https://www.vfxapprentice.com/products/hand-crafted-3d-vfx-level-1/categories/2152650100/posts/2166791773,https://www.vfxapprentice.com/products/hand-crafted-3d-vfx-level-1/categories/2152650100,Hand-Crafted 3D VFX_ Level 1/Particle Practices - Community Recordings/Nibilli's Curve Mesh.html,DOWNLOADED,466074,8.783,
post,QbieShay's Godot Curve Mesh,https://www.vfxapprentice.com/products/hand-crafted-3d-vfx-level-1/categories/2152650100/posts/2166791777,https://www.vfxapprentice.com/products/hand-crafted-3d-vfx-level-1/categories/2152650100,Hand-Crafted 3D VFX_ Level 1/Particle Practices - Community Recordings/QbieShay's Godot Curve Mesh.html,DOWNLOADED,436099,16.215,
post,Nibilli's Aura Effect,https://www.vfxapprentice.com/products/hand-crafted-3d-vfx-level-1/categories/2152650100/posts/2166791780,https://www.vfxapprentice.com/products/hand-crafted-3d-vfx-level-1/categories/2152650100,Hand-Crafted 3D VFX_ Level 1/Particle Practices - Community Recordings/Nibilli's Aura Effect.html,DOWNLOADED,468962,15.975,
post,Nibilli's Shield Effect,https://www.vfxapprentice.com/products/hand-crafted-3d-vfx-level-1/categories/2152650100/posts/2166791782,https://www.vfxapprentice.com/products/hand-crafted-3d-vfx-level-1/categories/2152650100,Hand-Crafted 3D VFX_ Level 1/Particle Practices - Community Recordings/Nibilli's Shield Effect.html,DOWNLOADED,441237,14.832,
post,Nibilli's Beam,https://www.vfxapprentice.com/products/hand-crafted-3d-vfx-level-1/categories/2152650100/posts/2166791785,https://www.vfxapprentice.com/products/hand-crafted-3d-vfx-level-1/categories/2152650100,Hand-Crafted 3D VFX_ Level 1/Particle Practices - Community Recordings/Nibilli's Beam.html,DOWNLOADED,458363,16.953,
post,Nibilli's Anime Flare,https://www.vfxapprentice.com/products/hand-crafted-3d-vfx-level-1/categories/2152650100/posts/2166791786,https://www.vfxapprentice.com/products/hand-crafted-3d-vfx-level-1/categories/2152650100,Hand-Crafted 3D VFX_ Level 1/Particle Practices - Community Recordings/Nibilli's Anime Flare.html,DOWNLOADED,472372,8.083,
post,Nibilli's Magic Orb,https://www.vfxapprentice.com/products/hand-crafted-3d-vfx-level-1/categories/2152650100/posts/2166986602,https://www.vfxapprentice.com/products/hand-crafted-3d-vfx-level-1/categories/2152650100,Hand-Crafted 3D VFX_ Level 1/Particle Practices - Community Recordings/Nibilli's Magic Orb.html,DOWNLOADED,413419,17.810,
post,Nibilli's & QbieShay's Slash,https://www.vfxapprentice.com/products/hand-crafted-3d-vfx-level-1/categories/2152650100/posts/2170228718,https://www.vfxapprentice.com/products/hand-crafted-3d-vfx-level-1/categories/2152650100,Hand-Crafted 3D VFX_ Level 1/Particle Practices - Community Recordings/Nibilli's & QbieShay's Slash.html,DOWNLOADED,441283,19.490,
post,Ben's Fire Flippbook,https://www.vfxapprentice.com/products/hand-crafted-3d-vfx-level-1/categories/2152650100/posts/2181722496,https://www.vfxapprentice.com/products/hand-crafted-3d-vfx-level-1/categories/2152650100,Hand-Crafted 3D VFX_ Level 1/Particle Practices - Community Recordings/Ben's Fire Flippbook.html,DOWNLOADED,422522,17.467,
post,Series Introduction,https://www.vfxapprentice.com/products/hand-crafted-3d-vfx-level-1/categories/2150605572/posts/2162146160,https://www.vfxapprentice.com/products/hand-crafted-3d-vfx-level-1/categories/2150605572,Hand-Crafted 3D VFX_ Level 1/Elemental Studies - Unity/Series Introduction.html,DOWNLOADED,470354,17.881,
post,Unity Scene Setup,https://www.vfxapprentice.com/products/hand-crafted-3d-vfx-level-1/categories/2150605572/posts/2162146164,https://www.vfxapprentice.com/products/hand-crafted-3d-vfx-level-1/categories/2150605572,Hand-Crafted 3D VFX_ Level 1/Elemental Studies - Unity/Unity Scene Setup.html,DOWNLOADED,431307,17.181,
post,Ambient Fog Breakdown,https://www.vfxapprentice.com/products/hand-crafted-3d-vfx-level-1/categories/2150605572/posts/2162146167,https://www.vfxapprentice.com/products/hand-crafted-3d-vfx-level-1/categories/2150605572,Hand-Crafted 3D VFX_ Level 1/Elemental Studies - Unity/Ambient Fog Breakdown.html,DOWNLOADED,433962,15.322,
post,Informative Video - Fire,https://www.vfxapprentice.com/products/hand-crafted-3d-vfx-level-1/categories/2150605572/posts/2160399414,https://www.vfxapprentice.com/products/hand-crafted-3d-vfx-level-1/categories/2150605572,Hand-Crafted 3D VFX_ Level 1/Elemental Studies - Unity/Informative Video - Fire.html,DOWNLOADED,514594,16.380,
post,Campfire Breakdown,https://www.vfxapprentice.com/products/hand-crafted-3d-vfx-level-1/categories/2150605572/posts/2160399416,https://www.vfxapprentice.com/products/hand-crafted-3d-vfx-level-1/categories/2150605572,Hand-Crafted 3D VFX_ Level 1/Elemental Studies - Unity/Campfire Breakdown.html,DOWNLOADED,436076,14.677,
post,Hit Impact Breakdown,https://www.vfxapprentice.com/products/hand-crafted-3d-vfx-level-1/categories/2150605572/posts/2162147023,https://www.vfxapprentice.com/products/hand-crafted-3d-vfx-level-1/categories/2150605572,Hand-Crafted 3D VFX_ Level 1/Elemental Studies - Unity/Hit Impact Breakdown.html,DOWNLOADED,418942,14.781,
post,Informative Video - Lightning,https://www.vfxapprentice.com/products/hand-crafted-3d-vfx-level-1/categories/2150605572/posts/2162147855,https://www.vfxapprentice.com/products/hand-crafted-3d-vfx-level-1/categories/2150605572,Hand-Crafted 3D VFX_ Level 1/Elemental Studies - Unity/Informative Video - Lightning.html,DOWNLOADED,452911,16.280,
post,Lightning Beam Breakdown,https://www.vfxapprentice.com/products/hand-crafted-3d-vfx-level-1/categories/2150605572/posts/2162147174,https://www.vfxapprentice.com/products/hand-crafted-3d-vfx-level-1/categories/2150605572,Hand-Crafted 3D VFX_ Level 1/Elemental Studies - Unity/Lightning Beam Breakdown.html,DOWNLOADED,442287,13.187,
post,Sword Swipe Breakdown,https://www.vfxapprentice.com/products/hand-crafted-3d-vfx-level-1/categories/2150605572/posts/2162147611,https://www.vfxapprentice.com/products/hand-crafted-3d-vfx-level-1/categories/2150605572,Hand-Crafted 3D VFX_ Level 1/Elemental Studies - Unity/Sword Swipe Breakdown.html,DOWNLOADED,419177,17.285,
post,Fireball Breakdown,https://www.vfxapprentice.com/products/hand-crafted-3d-vfx-level-1/categories/2150605572/posts/2162148002,https://www.vfxapprentice.com/products/hand-crafted-3d-vfx-level-1/categories/2150605572,Hand-Crafted 3D VFX_ Level 1/Elemental Studies - Unity/Fireball Breakdown.html,DOWNLOADED,414375,13.946,
post,Informative Video - Water,https://www.vfxapprentice.com/products/hand-crafted-3d-vfx-level-1/categories/2150605572/posts/2162147067,https://www.vfxapprentice.com/products/hand-crafted-3d-vfx-level-1/categories/2150605572,Hand-Crafted 3D VFX_ Level 1/Elemental Studies - Unity/Informative Video - Water.html,DOWNLOADED,368094,16.786,
post,Waterfall Breakdown,https://www.vfxapprentice.com/products/hand-crafted-3d-vfx-level-1/categories/2150605572/posts/2162173099,https://www.vfxapprentice.com/products/hand-crafted-3d-vfx-level-1/categories/2150605572,Hand-Crafted 3D VFX_ Level 1/Elemental Studies - Unity/Waterfall Breakdown.html,DOWNLOADED,436727,8.655,
post,Series Introduction,https://www.vfxapprentice.com/products/hand-crafted-3d-vfx-level-1/categories/2154231245/posts/2173389607,https://www.vfxapprentice.com/products/hand-crafted-3d-vfx-level-1/categories/2154231245,Hand-Crafted 3D VFX_ Level 1/Elemental Studies - Unreal/Series Introduction.html,DOWNLOADED,438759,14.574,
post,Unreal Scene Setup,https://www.vfxapprentice.com/products/hand-crafted-3d-vfx-level-1/categories/2154231245/posts/2173389612,https://www.vfxapprentice.com/products/hand-crafted-3d-vfx-level-1/categories/2154231245,Hand-Crafted 3D VFX_ Level 1/Elemental Studies - Unreal/Unreal Scene Setup.html,DOWNLOADED,472723,17.255,
post,Fog Breakdown,https://www.vfxapprentice.com/products/hand-crafted-3d-vfx-level-1/categories/2154231245/posts/2173062959,https://www.vfxapprentice.com/products/hand-crafted-3d-vfx-level-1/categories/2154231245,Hand-Crafted 3D VFX_ Level 1/Elemental Studies - Unreal/Fog Breakdown.html,DOWNLOADED,430005,13.260,
post,Informative Video - Fire,https://www.vfxapprentice.com/products/hand-crafted-3d-vfx-level-1/categories/2154231245/posts/2173389431,https://www.vfxapprentice.com/products/hand-crafted-3d-vfx-level-1/categories/2154231245,Hand-Crafted 3D VFX_ Level 1/Elemental Studies - Unreal/Informative Video - Fire.html,DOWNLOADED,496445,15.391,
post,Campfire Breakdown,https://www.vfxapprentice.com/products/hand-crafted-3d-vfx-level-1/categories/2154231245/posts/2173062961,https://www.vfxapprentice.com/products/hand-crafted-3d-vfx-level-1/categories/2154231245,Hand-Crafted 3D VFX_ Level 1/Elemental Studies - Unreal/Campfire Breakdown.html,DOWNLOADED,447288,15.028,
post,Hit Impact Breakdown,https://www.vfxapprentice.com/products/hand-crafted-3d-vfx-level-1/categories/2154231245/posts/2173062964,https://www.vfxapprentice.com/products/hand-crafted-3d-vfx-level-1/categories/2154231245,Hand-Crafted 3D VFX_ Level 1/Elemental Studies - Unreal/Hit Impact Breakdown.html,DOWNLOADED,432347,15.631,
post,Informative Video - Lightning,https://www.vfxapprentice.com/products/hand-crafted-3d-vfx-level-1/categories/2154231245/posts/2173389451,https://www.vfxapprentice.com/products/hand-crafted-3d-vfx-level-1/categories/2154231245,Hand-Crafted 3D VFX_ Level 1/Elemental Studies - Unreal/Informative Video - Lightning.html,DOWNLOADED,453255,15.059,
post,Lightning Beam Breakdown,https://www.vfxapprentice.com/products/hand-crafted-3d-vfx-level-1/categories/2154231245/posts/2173062967,https://www.vfxapprentice.com/products/hand-crafted-3d-vfx-level-1/categories/2154231245,Hand-Crafted 3D VFX_ Level 1/Elemental Studies - Unreal/Lightning Beam Breakdown.html,DOWNLOADED,441263,14.957,
post,Sword Swipe Breakdown,https://www.vfxapprentice.com/products/hand-crafted-3d-vfx-level-1/categories/2154231245/posts/2173062972,https://www.vfxapprentice.com/products/hand-crafted-3d-vfx-level-1/categories/2154231245,Hand-Crafted 3D VFX_ Level 1/Elemental Studies - Unreal/Sword Swipe Breakdown.html,DOWNLOADED,459360,9.767,
post,Fireball Breakdown,https://www.vfxapprentice.com/products/hand-crafted-3d-vfx-level-1/categories/2154231245/posts/2173621490,https://www.vfxapprentice.com/products/hand-crafted-3d-vfx-level-1/categories/2154231245,Hand-Crafted 3D VFX_ Level 1/Elemental Studies - Unreal/Fireball Breakdown.html,DOWNLOADED,422608,15.862,
post,Informative Video - Water,https://www.vfxapprentice.com/products/hand-crafted-3d-vfx-level-1/categories/2154231245/posts/2173389465,https://www.vfxapprentice.com/products/hand-crafted-3d-vfx-level-1/categories/2154231245,Hand-Crafted 3D VFX_ Level 1/Elemental Studies - Unreal/Informative Video - Water.html,DOWNLOADED,368504,17.098,
post,Waterfall Breakdown,https://www.vfxapprentice.com/products/hand-crafted-3d-vfx-level-1/categories/2154231245/posts/2173063011,https://www.vfxapprentice.com/products/hand-crafted-3d-vfx-level-1/categories/2154231245,Hand-Crafted 3D VFX_ Level 1/Elemental Studies - Unreal/Waterfall Breakdown.html,DOWNLOADED,455121,13.741,
post,Congrats!,https://www.vfxapprentice.com/products/hand-crafted-3d-vfx-level-1/categories/2150605604/posts/2158879035,https://www.vfxapprentice.com/products/hand-crafted-3d-vfx-level-1/categories/2150605604,Hand-Crafted 3D VFX_ Level 1/Level 1 ✅/Congrats!.html,DOWNLOADED,326944,12.218,
post,Timing Lecture,https://www.vfxapprentice.com/products/hand-crafted-3d-vfx-level-1/categories/2150605523/posts/2158878817,https://www.vfxapprentice.com/products/hand-crafted-3d-vfx-level-1/categories/2150605523,Hand-Crafted 3D VFX_ Level 1/Art Foundational Lectures - Explained/Timing Lecture.html,DOWNLOADED,433029,331.769,
post,Project Download,https://www.vfxapprentice.com/products/hand-crafted-3d-vfx-level-2/categories/2151459356/posts/2160739666,https://www.vfxapprentice.com/products/hand-crafted-3d-vfx-level-2/categories/2151459356,Hand-Crafted 3D VFX_ Level 2/Project - Download/Project Download.html,DOWNLOADED,301407,17.132,
post,Unity Project Overview,https://www.vfxapprentice.com/products/hand-crafted-3d-vfx-level-2/categories/2151459356/posts/2162168914,https://www.vfxapprentice.com/products/hand-crafted-3d-vfx-level-2/categories/2151459356,Hand-Crafted 3D VFX_ Level 2/Project - Download/Unity Project Overview.html,DOWNLOADED,454225,14.772,
post,Composition Lecture,https://www.vfxapprentice.com/products/hand-crafted-3d-vfx-level-1/categories/2150605523/posts/2172662532,https://www.vfxapprentice.com/products/hand-crafted-3d-vfx-level-1/categories/2150605523,Hand-Crafted 3D VFX_ Level 1/Art Foundational Lectures - Explained/Composition Lecture.html,DOWNLOADED,364764,350.373,
post,Unreal 5 Project Overview,https://www.vfxapprentice.com/products/hand-crafted-3d-vfx-level-2/categories/2151459356/posts/2162168929,https://www.vfxapprentice.com/products/hand-crafted-3d-vfx-level-2/categories/2151459356,Hand-Crafted 3D VFX_ Level 2/Project - Download/Unreal 5 Project Overview.html,DOWNLOADED,462556,18.693,
post,Particle Animation Lecture,https://www.vfxapprentice.com/products/hand-crafted-3d-vfx-level-2/categories/2151459443/posts/2158905789,https://www.vfxapprentice.com/products/hand-crafted-3d-vfx-level-2/categories/2151459443,Hand-Crafted 3D VFX_ Level 2/Particle Animation - Explained/Particle Animation Lecture.html,DOWNLOADED,519803,18.230,
post,Lesson Survey,https://www.vfxapprentice.com/products/hand-crafted-3d-vfx-level-1/categories/2150605604/posts/2160626420,https://www.vfxapprentice.com/products/hand-crafted-3d-vfx-level-1/categories/2150605604,Hand-Crafted 3D VFX_ Level 1/Level 1 ✅/Lesson Survey.html,DOWNLOADED,2957929,47.037,
post,Unreal & Unity Series Overview,https://www.vfxapprentice.com/products/hand-crafted-3d-vfx-level-2/categories/2150691176/posts/2158906429,https://www.vfxapprentice.com/products/hand-crafted-3d-vfx-level-2/categories/2150691176,Hand-Crafted 3D VFX_ Level 2/Unreal & Unity - Track Overview/Unreal & Unity Series Overview.html,DOWNLOADED,297079,21.885,
category,Tiling Fiery Noise,https://www.vfxapprentice.com/products/hand-crafted-3d-vfx-level-2/categories/2150613640,https://www.vfxapprentice.com/products/hand-crafted-3d-vfx-level-2/categories/2150613163,Hand-Crafted 3D VFX_ Level 2/VFX Case Studies - Unreal & Unity/Tiling Fiery Noise/index.html,DOWNLOADED,539239,19.033,
category,U&U Fire Explosion Breakdown,https://www.vfxapprentice.com/products/hand-crafted-3d-vfx-level-2/categories/2150613644,https://www.vfxapprentice.com/products/hand-crafted-3d-vfx-level-2/categories/2150613163,Hand-Crafted 3D VFX_ Level 2/VFX Case Studies - Unreal & Unity/U&U Fire Explosion Breakdown/index.html,DOWNLOADED,492076,21.313,
category,Wispy Spiral Dissolve Textures,https://www.vfxapprentice.com/products/hand-crafted-3d-vfx-level-2/categories/2150613649,https://www.vfxapprentice.com/products/hand-crafted-3d-vfx-level-2/categories/2150613163,Hand-Crafted 3D VFX_ Level 2/VFX Case Studies - Unreal & Unity/Wispy Spiral Dissolve Textures/index.html,DOWNLOADED,547324,22.013,
category,U&U Wispy Cloud Breakdown,https://www.vfxapprentice.com/products/hand-crafted-3d-vfx-level-2/categories/2150613650,https://www.vfxapprentice.com/products/hand-crafted-3d-vfx-level-2/categories/2150613163,Hand-Crafted 3D VFX_ Level 2/VFX Case Studies - Unreal & Unity/U&U Wispy Cloud Breakdown/index.html,DOWNLOADED,459918,25.020,
category,Zappy Flipbook & Dissolve,https://www.vfxapprentice.com/products/hand-crafted-3d-vfx-level-2/categories/2150771941,https://www.vfxapprentice.com/products/hand-crafted-3d-vfx-level-2/categories/2150613163,Hand-Crafted 3D VFX_ Level 2/VFX Case Studies - Unreal & Unity/Zappy Flipbook & Dissolve/index.html,DOWNLOADED,785022,27.030,
category,U&U Lightning Zap Breakdown,https://www.vfxapprentice.com/products/hand-crafted-3d-vfx-level-2/categories/2150613646,https://www.vfxapprentice.com/products/hand-crafted-3d-vfx-level-2/categories/2150613163,Hand-Crafted 3D VFX_ Level 2/VFX Case Studies - Unreal & Unity/U&U Lightning Zap Breakdown/index.html,DOWNLOADED,462136,21.464,
category,Gooey Dissolve Material,https://www.vfxapprentice.com/products/hand-crafted-3d-vfx-level-2/categories/2150613652,https://www.vfxapprentice.com/products/hand-crafted-3d-vfx-level-2/categories/2150613163,Hand-Crafted 3D VFX_ Level 2/VFX Case Studies - Unreal & Unity/Gooey Dissolve Material/index.html,DOWNLOADED,842151,23.963,
category,U&U Goo Splat Breakdown,https://www.vfxapprentice.com/products/hand-crafted-3d-vfx-level-2/categories/2150613677,https://www.vfxapprentice.com/products/hand-crafted-3d-vfx-level-2/categories/2150613163,Hand-Crafted 3D VFX_ Level 2/VFX Case Studies - Unreal & Unity/U&U Goo Splat Breakdown/index.html,DOWNLOADED,475260,26.132,
post,Fire Explosion Breakdown - Unity,https://www.vfxapprentice.com/products/hand-crafted-3d-vfx-level-2/categories/2150613259/posts/2158908017,https://www.vfxapprentice.com/products/hand-crafted-3d-vfx-level-2/categories/2150613259,Hand-Crafted 3D VFX_ Level 2/Unity Booms & Blasts - Legacy/Fire Explosion Breakdown - Unity.html,DOWNLOADED,452309,20.688,
post,Lightning Zap Breakdown - Unity,https://www.vfxapprentice.com/products/hand-crafted-3d-vfx-level-2/categories/2150613259/posts/2158908108,https://www.vfxapprentice.com/products/hand-crafted-3d-vfx-level-2/categories/2150613259,Hand-Crafted 3D VFX_ Level 2/Unity Booms & Blasts - Legacy/Lightning Zap Breakdown - Unity.html,DOWNLOADED,431837,12.319,
post,Wispy Cloud Breakdown - Unity,https://www.vfxapprentice.com/products/hand-crafted-3d-vfx-level-2/categories/2150613259/posts/2158908213,https://www.vfxapprentice.com/products/hand-crafted-3d-vfx-level-2/categories/2150613259,Hand-Crafted 3D VFX_ Level 2/Unity Booms & Blasts - Legacy/Wispy Cloud Breakdown - Unity.html,DOWNLOADED,433487,12.280,
post,Goo Splat Breakdown - Unity,https://www.vfxapprentice.com/products/hand-crafted-3d-vfx-level-2/categories/2150613259/posts/2158908662,https://www.vfxapprentice.com/products/hand-crafted-3d-vfx-level-2/categories/2150613259,Hand-Crafted 3D VFX_ Level 2/Unity Booms & Blasts - Legacy/Goo Splat Breakdown - Unity.html,DOWNLOADED,431129,12.097,
post,Unity B&B Legacy Review,https://www.vfxapprentice.com/products/hand-crafted-3d-vfx-level-2/categories/2150613259/posts/2159191812,https://www.vfxapprentice.com/products/hand-crafted-3d-vfx-level-2/categories/2150613259,Hand-Crafted 3D VFX_ Level 2/Unity Booms & Blasts - Legacy/Unity B&B Legacy Review.html,DOWNLOADED,302182,11.799,
post,Intro to Unreal - Unreal 4,https://www.vfxapprentice.com/products/hand-crafted-3d-vfx-level-2/categories/2150613360/posts/2158906775,https://www.vfxapprentice.com/products/hand-crafted-3d-vfx-level-2/categories/2150613360,Hand-Crafted 3D VFX_ Level 2/Unreal Cascade Booms & Blasts - Legacy/Intro to Unreal - Unreal 4.html,DOWNLOADED,445382,8.242,
post,Intro to Cascade - Unreal 4,https://www.vfxapprentice.com/products/hand-crafted-3d-vfx-level-2/categories/2150613360/posts/2158906794,https://www.vfxapprentice.com/products/hand-crafted-3d-vfx-level-2/categories/2150613360,Hand-Crafted 3D VFX_ Level 2/Unreal Cascade Booms & Blasts - Legacy/Intro to Cascade - Unreal 4.html,DOWNLOADED,457618,11.440,
post,Intro to Materials - Unreal 4,https://www.vfxapprentice.com/products/hand-crafted-3d-vfx-level-2/categories/2150613360/posts/2158906796,https://www.vfxapprentice.com/products/hand-crafted-3d-vfx-level-2/categories/2150613360,Hand-Crafted 3D VFX_ Level 2/Unreal Cascade Booms & Blasts - Legacy/Intro to Materials - Unreal 4.html,DOWNLOADED,465741,7.367,
post,Intro to Kit Bashing - Unreal 4,https://www.vfxapprentice.com/products/hand-crafted-3d-vfx-level-2/categories/2150613360/posts/2158906807,https://www.vfxapprentice.com/products/hand-crafted-3d-vfx-level-2/categories/2150613360,Hand-Crafted 3D VFX_ Level 2/Unreal Cascade Booms & Blasts - Legacy/Intro to Kit Bashing - Unreal 4.html,DOWNLOADED,462800,11.499,
post,Project Walkthrough - Unreal 4,https://www.vfxapprentice.com/products/hand-crafted-3d-vfx-level-2/categories/2150613360/posts/2158906808,https://www.vfxapprentice.com/products/hand-crafted-3d-vfx-level-2/categories/2150613360,Hand-Crafted 3D VFX_ Level 2/Unreal Cascade Booms & Blasts - Legacy/Project Walkthrough - Unreal 4.html,DOWNLOADED,500653,10.180,
post,Fire Explosion Breakdown - Unreal 4,https://www.vfxapprentice.com/products/hand-crafted-3d-vfx-level-2/categories/2150613360/posts/2158906027,https://www.vfxapprentice.com/products/hand-crafted-3d-vfx-level-2/categories/2150613360,Hand-Crafted 3D VFX_ Level 2/Unreal Cascade Booms & Blasts - Legacy/Fire Explosion Breakdown - Unreal 4.html,DOWNLOADED,519656,10.755,
post,Lightning Zap Breakdown - Unreal 4,https://www.vfxapprentice.com/products/hand-crafted-3d-vfx-level-2/categories/2150613360/posts/2158906053,https://www.vfxapprentice.com/products/hand-crafted-3d-vfx-level-2/categories/2150613360,Hand-Crafted 3D VFX_ Level 2/Unreal Cascade Booms & Blasts - Legacy/Lightning Zap Breakdown - Unreal 4.html,DOWNLOADED,499349,8.253,
post,Wispy Dissolve & Fresnel Shader Setup - Unreal 4,https://www.vfxapprentice.com/products/hand-crafted-3d-vfx-level-2/categories/2150613360/posts/2158908218,https://www.vfxapprentice.com/products/hand-crafted-3d-vfx-level-2/categories/2150613360,Hand-Crafted 3D VFX_ Level 2/Unreal Cascade Booms & Blasts - Legacy/Wispy Dissolve & Fresnel Shader Setup - Unreal 4.html,DOWNLOADED,458050,12.195,
post,Wispy Cloud Particle System - Unreal 4,https://www.vfxapprentice.com/products/hand-crafted-3d-vfx-level-2/categories/2150613360/posts/2158906066,https://www.vfxapprentice.com/products/hand-crafted-3d-vfx-level-2/categories/2150613360,Hand-Crafted 3D VFX_ Level 2/Unreal Cascade Booms & Blasts - Legacy/Wispy Cloud Particle System - Unreal 4.html,DOWNLOADED,488389,7.941,
post,Goo Splat Material Setup - Unreal 4,https://www.vfxapprentice.com/products/hand-crafted-3d-vfx-level-2/categories/2150613360/posts/2158908536,https://www.vfxapprentice.com/products/hand-crafted-3d-vfx-level-2/categories/2150613360,Hand-Crafted 3D VFX_ Level 2/Unreal Cascade Booms & Blasts - Legacy/Goo Splat Material Setup - Unreal 4.html,DOWNLOADED,458813,15.114,
post,Goo Splat Particle Setup - Unreal 4,https://www.vfxapprentice.com/products/hand-crafted-3d-vfx-level-2/categories/2150613360/posts/2158906070,https://www.vfxapprentice.com/products/hand-crafted-3d-vfx-level-2/categories/2150613360,Hand-Crafted 3D VFX_ Level 2/Unreal Cascade Booms & Blasts - Legacy/Goo Splat Particle Setup - Unreal 4.html,DOWNLOADED,480217,13.964,
post,Goo Splat Particle Refinement - Unreal 4,https://www.vfxapprentice.com/products/hand-crafted-3d-vfx-level-2/categories/2150613360/posts/2158908543,https://www.vfxapprentice.com/products/hand-crafted-3d-vfx-level-2/categories/2150613360,Hand-Crafted 3D VFX_ Level 2/Unreal Cascade Booms & Blasts - Legacy/Goo Splat Particle Refinement - Unreal 4.html,DOWNLOADED,488275,14.757,
post,Unreal Cascade B&B Legacy Review,https://www.vfxapprentice.com/products/hand-crafted-3d-vfx-level-2/categories/2150613360/posts/2159191863,https://www.vfxapprentice.com/products/hand-crafted-3d-vfx-level-2/categories/2150613360,Hand-Crafted 3D VFX_ Level 2/Unreal Cascade Booms & Blasts - Legacy/Unreal Cascade B&B Legacy Review.html,DOWNLOADED,307427,6.946,
post,Great Job!,https://www.vfxapprentice.com/products/hand-crafted-3d-vfx-level-2/categories/2150613450/posts/2158907080,https://www.vfxapprentice.com/products/hand-crafted-3d-vfx-level-2/categories/2150613450,Hand-Crafted 3D VFX_ Level 2/Level 2 ✅/Great Job!.html,DOWNLOADED,297514,9.297,
post,Lesson Survey,https://www.vfxapprentice.com/products/hand-crafted-3d-vfx-level-2/categories/2150613450/posts/2160626434,https://www.vfxapprentice.com/products/hand-crafted-3d-vfx-level-2/categories/2150613450,Hand-Crafted 3D VFX_ Level 2/Level 2 ✅/Lesson Survey.html,DOWNLOADED,2934187,15.642,
post,Project Download,https://www.vfxapprentice.com/products/apprenticeship-level-3/categories/2151531420/posts/2160809235,https://www.vfxapprentice.com/products/apprenticeship-level-3/categories/2151531420,Apprenticeship Level 3/Project - Download/Project Download.html,DOWNLOADED,303622,7.019,
post,Unity Project Walkthrough,https://www.vfxapprentice.com/products/apprenticeship-level-3/categories/2151531420/posts/2162489428,https://www.vfxapprentice.com/products/apprenticeship-level-3/categories/2151531420,Apprenticeship Level 3/Project - Download/Unity Project Walkthrough.html,DOWNLOADED,417679,11.421,
category,Portfolio & Application Planning,https://www.vfxapprentice.com/products/apprenticeship-level-3/categories/2150661699,https://www.vfxapprentice.com/products/apprenticeship-level-3/categories/2150661675,Apprenticeship Level 3/Soft Skills - Explained/Portfolio & Application Planning/index.html,DOWNLOADED,1502009,9.779,
category,Review,https://www.vfxapprentice.com/products/apprenticeship-level-3/categories/2151085931,https://www.vfxapprentice.com/products/apprenticeship-level-3/categories/2150661675,Apprenticeship Level 3/Soft Skills - Explained/Review/index.html,DOWNLOADED,536798,7.009,
category,Unreal Sword Swipe Spell,https://www.vfxapprentice.com/products/apprenticeship-level-3/categories/2150661702,https://www.vfxapprentice.com/products/apprenticeship-level-3/categories/2150661700,"Apprenticeship Level 3/Sidescroller_ 2D FX, 3D FX & Implementation - Unreal 4/Unreal Sword Swipe Spell/index.html",DOWNLOADED,538835,9.471,
category,Unreal Fireball Spell,https://www.vfxapprentice.com/products/apprenticeship-level-3/categories/2150661703,https://www.vfxapprentice.com/products/apprenticeship-level-3/categories/2150661700,"Apprenticeship Level 3/Sidescroller_ 2D FX, 3D FX & Implementation - Unreal 4/Unreal Fireball Spell/index.html",DOWNLOADED,1508798,10.332,
category,Unreal Heal,https://www.vfxapprentice.com/products/apprenticeship-level-3/categories/2150661704,https://www.vfxapprentice.com/products/apprenticeship-level-3/categories/2150661700,"Apprenticeship Level 3/Sidescroller_ 2D FX, 3D FX & Implementation - Unreal 4/Unreal Heal/index.html",DOWNLOADED,1660227,10.119,
category,Side Scroller Evaluation,https://www.vfxapprentice.com/products/apprenticeship-level-3/categories/2151123941,https://www.vfxapprentice.com/products/apprenticeship-level-3/categories/2150661700,"Apprenticeship Level 3/Sidescroller_ 2D FX, 3D FX & Implementation - Unreal 4/Side Scroller Evaluation/index.html",DOWNLOADED,537458,10.428,
post,Kitbashing - Unity,https://www.vfxapprentice.com/products/hand-crafted-3d-vfx-level-2/categories/2150613259/posts/2158909466,https://www.vfxapprentice.com/products/hand-crafted-3d-vfx-level-2/categories/2150613259,Hand-Crafted 3D VFX_ Level 2/Unity Booms & Blasts - Legacy/Kitbashing - Unity.html,DOWNLOADED,428781,339.635,
post,Particle Systems Overview - Unity,https://www.vfxapprentice.com/products/hand-crafted-3d-vfx-level-2/categories/2150613259/posts/2158909467,https://www.vfxapprentice.com/products/hand-crafted-3d-vfx-level-2/categories/2150613259,Hand-Crafted 3D VFX_ Level 2/Unity Booms & Blasts - Legacy/Particle Systems Overview - Unity.html,DOWNLOADED,477694,333.862,
post,Western Projectile,https://www.vfxapprentice.com/products/apprenticeship-level-3/categories/2152376030/posts/2165719282,https://www.vfxapprentice.com/products/apprenticeship-level-3/categories/2152376030,Apprenticeship Level 3/Production Level Effects - Breakdown/Western Projectile.html,DOWNLOADED,444024,15.412,
post,Electric Beam,https://www.vfxapprentice.com/products/apprenticeship-level-3/categories/2152376030/posts/2165719285,https://www.vfxapprentice.com/products/apprenticeship-level-3/categories/2152376030,Apprenticeship Level 3/Production Level Effects - Breakdown/Electric Beam.html,DOWNLOADED,439338,17.866,
post,Water Shield,https://www.vfxapprentice.com/products/apprenticeship-level-3/categories/2152376030/posts/2166259881,https://www.vfxapprentice.com/products/apprenticeship-level-3/categories/2152376030,Apprenticeship Level 3/Production Level Effects - Breakdown/Water Shield.html,DOWNLOADED,429332,18.561,
post,Vertical Explosion,https://www.vfxapprentice.com/products/apprenticeship-level-3/categories/2152376030/posts/2166362222,https://www.vfxapprentice.com/products/apprenticeship-level-3/categories/2152376030,Apprenticeship Level 3/Production Level Effects - Breakdown/Vertical Explosion.html,DOWNLOADED,430754,16.934,
post,Slash Combo,https://www.vfxapprentice.com/products/apprenticeship-level-3/categories/2152376030/posts/2168023414,https://www.vfxapprentice.com/products/apprenticeship-level-3/categories/2152376030,Apprenticeship Level 3/Production Level Effects - Breakdown/Slash Combo.html,DOWNLOADED,438724,20.372,
post,Production Level Effects Review,https://www.vfxapprentice.com/products/apprenticeship-level-3/categories/2152376030/posts/2165764366,https://www.vfxapprentice.com/products/apprenticeship-level-3/categories/2152376030,Apprenticeship Level 3/Production Level Effects - Breakdown/Production Level Effects Review.html,DOWNLOADED,306079,19.281,
post,Intro,https://www.vfxapprentice.com/products/apprenticeship-level-3/categories/2152945612/posts/2167972642,https://www.vfxapprentice.com/products/apprenticeship-level-3/categories/2152945612,Apprenticeship Level 3/Production Level Effects - Unreal/Intro.html,DOWNLOADED,436723,20.078,
post,Introduction Navigation & Project Overview - Unity,https://www.vfxapprentice.com/products/hand-crafted-3d-vfx-level-2/categories/2150613259/posts/2158909463,https://www.vfxapprentice.com/products/hand-crafted-3d-vfx-level-2/categories/2150613259,Hand-Crafted 3D VFX_ Level 2/Unity Booms & Blasts - Legacy/Introduction Navigation & Project Overview - Unity.html,DOWNLOADED,423438,389.000,
post,Artistic Choices,https://www.vfxapprentice.com/products/apprenticeship-level-3/categories/2152945612/posts/2167972646,https://www.vfxapprentice.com/products/apprenticeship-level-3/categories/2152945612,Apprenticeship Level 3/Production Level Effects - Unreal/Artistic Choices.html,DOWNLOADED,413804,42.844,
post,Week 1: Introduction & Assignment,https://www.vfxapprentice.com/products/apprenticeship-level-3/categories/2150661743/posts/2160822354,https://www.vfxapprentice.com/products/apprenticeship-level-3/categories/2150661743,Apprenticeship Level 3/Apprenticeship/Week 1_ Introduction & Assignment.html,DOWNLOADED,430164,10.179,
post,Week 1: Introduction Q&A,https://www.vfxapprentice.com/products/apprenticeship-level-3/categories/2150661743/posts/2160822358,https://www.vfxapprentice.com/products/apprenticeship-level-3/categories/2150661743,Apprenticeship Level 3/Apprenticeship/Week 1_ Introduction Q&A.html,DOWNLOADED,411054,6.530,
post,Week 2: Thumbnails & Concepts,https://www.vfxapprentice.com/products/apprenticeship-level-3/categories/2150661743/posts/2160822363,https://www.vfxapprentice.com/products/apprenticeship-level-3/categories/2150661743,Apprenticeship Level 3/Apprenticeship/Week 2_ Thumbnails & Concepts.html,DOWNLOADED,445765,13.687,
post,Production & Optimization,https://www.vfxapprentice.com/products/apprenticeship-level-3/categories/2152945612/posts/2167972650,https://www.vfxapprentice.com/products/apprenticeship-level-3/categories/2152945612,Apprenticeship Level 3/Production Level Effects - Unreal/Production & Optimization.html,DOWNLOADED,402013,73.447,
post,Week 2: Student Work,https://www.vfxapprentice.com/products/apprenticeship-level-3/categories/2150661743/posts/2160822380,https://www.vfxapprentice.com/products/apprenticeship-level-3/categories/2150661743,Apprenticeship Level 3/Apprenticeship/Week 2_ Student Work.html,DOWNLOADED,436057,11.699,
post,Week 3: Block Out,https://www.vfxapprentice.com/products/apprenticeship-level-3/categories/2150661743/posts/2160822384,https://www.vfxapprentice.com/products/apprenticeship-level-3/categories/2150661743,Apprenticeship Level 3/Apprenticeship/Week 3_ Block Out.html,DOWNLOADED,445613,12.608,
post,Week 4: First Pass,https://www.vfxapprentice.com/products/apprenticeship-level-3/categories/2150661743/posts/2160897721,https://www.vfxapprentice.com/products/apprenticeship-level-3/categories/2150661743,Apprenticeship Level 3/Apprenticeship/Week 4_ First Pass.html,DOWNLOADED,450816,14.833,
post,Week 4: Feedback Deep Dive,https://www.vfxapprentice.com/products/apprenticeship-level-3/categories/2150661743/posts/2160897723,https://www.vfxapprentice.com/products/apprenticeship-level-3/categories/2150661743,Apprenticeship Level 3/Apprenticeship/Week 4_ Feedback Deep Dive.html,DOWNLOADED,475173,12.442,
post,Week 5: First Pass Follow-up Review,https://www.vfxapprentice.com/products/apprenticeship-level-3/categories/2150661743/posts/2160897726,https://www.vfxapprentice.com/products/apprenticeship-level-3/categories/2150661743,Apprenticeship Level 3/Apprenticeship/Week 5_ First Pass Follow-up Review.html,DOWNLOADED,468506,13.774,
post,Week 5: Live Feedback,https://www.vfxapprentice.com/products/apprenticeship-level-3/categories/2150661743/posts/2160897729,https://www.vfxapprentice.com/products/apprenticeship-level-3/categories/2150661743,Apprenticeship Level 3/Apprenticeship/Week 5_ Live Feedback.html,DOWNLOADED,427214,13.141,
post,Week 6: Second Pass,https://www.vfxapprentice.com/products/apprenticeship-level-3/categories/2150661743/posts/2160897738,https://www.vfxapprentice.com/products/apprenticeship-level-3/categories/2150661743,Apprenticeship Level 3/Apprenticeship/Week 6_ Second Pass.html,DOWNLOADED,446752,15.895,
post,Week 6: Live Feedback,https://www.vfxapprentice.com/products/apprenticeship-level-3/categories/2150661743/posts/2160897742,https://www.vfxapprentice.com/products/apprenticeship-level-3/categories/2150661743,Apprenticeship Level 3/Apprenticeship/Week 6_ Live Feedback.html,DOWNLOADED,433488,14.256,
post,Week 7: Second Pass Follow-up Review,https://www.vfxapprentice.com/products/apprenticeship-level-3/categories/2150661743/posts/2160922461,https://www.vfxapprentice.com/products/apprenticeship-level-3/categories/2150661743,Apprenticeship Level 3/Apprenticeship/Week 7_ Second Pass Follow-up Review.html,DOWNLOADED,445419,16.043,
post,Week 7: Live Feedback,https://www.vfxapprentice.com/products/apprenticeship-level-3/categories/2150661743/posts/2160922466,https://www.vfxapprentice.com/products/apprenticeship-level-3/categories/2150661743,Apprenticeship Level 3/Apprenticeship/Week 7_ Live Feedback.html,DOWNLOADED,426418,18.111,
post,Week 8: Successful Polish,https://www.vfxapprentice.com/products/apprenticeship-level-3/categories/2150661743/posts/2160924272,https://www.vfxapprentice.com/products/apprenticeship-level-3/categories/2150661743,Apprenticeship Level 3/Apprenticeship/Week 8_ Successful Polish.html,DOWNLOADED,450924,8.775,
post,Week 9: Final Pass,https://www.vfxapprentice.com/products/apprenticeship-level-3/categories/2150661743/posts/2162661757,https://www.vfxapprentice.com/products/apprenticeship-level-3/categories/2150661743,Apprenticeship Level 3/Apprenticeship/Week 9_ Final Pass.html,DOWNLOADED,444675,15.223,
post,Final Effect: Rowan Rees,https://www.vfxapprentice.com/products/apprenticeship-level-3/categories/2150661743/posts/2160924827,https://www.vfxapprentice.com/products/apprenticeship-level-3/categories/2150661743,Apprenticeship Level 3/Apprenticeship/Final Effect_ Rowan Rees.html,DOWNLOADED,471944,17.942,
post,Great job!,https://www.vfxapprentice.com/products/apprenticeship-level-3/categories/2151090962/posts/2160776940,https://www.vfxapprentice.com/products/apprenticeship-level-3/categories/2151090962,Apprenticeship Level 3/Apprenticeship ✅/Great job!.html,DOWNLOADED,431115,18.081,
post,Survey,https://www.vfxapprentice.com/products/apprenticeship-level-3/categories/2151090962/posts/2160626508,https://www.vfxapprentice.com/products/apprenticeship-level-3/categories/2151090962,Apprenticeship Level 3/Apprenticeship ✅/Survey.html,DOWNLOADED,2936070,24.098,
post,Sketch - Drawing with Confidence,https://www.vfxapprentice.com/products/hand-drawn-2d-fx-level-1/categories/2150627445/posts/2158960466,https://www.vfxapprentice.com/products/hand-drawn-2d-fx-level-1/categories/2150627445,Hand-Drawn 2D FX_ Level 1/Drawing Foundations - Design/Lesson Sketch/Sketch - Drawing with Confidence.html,DOWNLOADED,506010,18.586,
post,Importing to UEFN,https://www.vfxapprentice.com/products/apprenticeship-level-3/categories/2152945612/posts/2167972654,https://www.vfxapprentice.com/products/apprenticeship-level-3/categories/2152945612,Apprenticeship Level 3/Production Level Effects - Unreal/Importing to UEFN.html,DOWNLOADED,458506,198.751,
post,Breakdown,https://www.vfxapprentice.com/products/apprenticeship-level-3/categories/2152945612/posts/2167972644,https://www.vfxapprentice.com/products/apprenticeship-level-3/categories/2152945612,Apprenticeship Level 3/Production Level Effects - Unreal/Breakdown.html,DOWNLOADED,424153,208.903,
post,Sketch - Thinking in 3D,https://www.vfxapprentice.com/products/hand-drawn-2d-fx-level-1/categories/2150627445/posts/2158960470,https://www.vfxapprentice.com/products/hand-drawn-2d-fx-level-1/categories/2150627445,Hand-Drawn 2D FX_ Level 1/Drawing Foundations - Design/Lesson Sketch/Sketch - Thinking in 3D.html,DOWNLOADED,468198,40.339,
post,Drawing Foundations Review,https://www.vfxapprentice.com/products/hand-drawn-2d-fx-level-1/categories/2150659699/posts/2159034240,https://www.vfxapprentice.com/products/hand-drawn-2d-fx-level-1/categories/2150659699,Hand-Drawn 2D FX_ Level 1/Drawing Foundations - Design/Review/Drawing Foundations Review.html,DOWNLOADED,321765,8.127,
post,Start Animating!,https://www.vfxapprentice.com/products/hand-drawn-2d-fx-level-1/categories/2150627208/posts/2158962118,https://www.vfxapprentice.com/products/hand-drawn-2d-fx-level-1/categories/2150627208,Hand-Drawn 2D FX_ Level 1/2D Software Introduction - Explained/Intro to Animate/Start Animating!.html,DOWNLOADED,440364,12.548,
post,Software Setup,https://www.vfxapprentice.com/products/hand-drawn-2d-fx-level-1/categories/2150627208/posts/2158962119,https://www.vfxapprentice.com/products/hand-drawn-2d-fx-level-1/categories/2150627208,Hand-Drawn 2D FX_ Level 1/2D Software Introduction - Explained/Intro to Animate/Software Setup.html,DOWNLOADED,443430,12.001,
post,The Drawing Tools,https://www.vfxapprentice.com/products/hand-drawn-2d-fx-level-1/categories/2150627208/posts/2158962120,https://www.vfxapprentice.com/products/hand-drawn-2d-fx-level-1/categories/2150627208,Hand-Drawn 2D FX_ Level 1/2D Software Introduction - Explained/Intro to Animate/The Drawing Tools.html,DOWNLOADED,502652,11.556,
post,Timeline Controls,https://www.vfxapprentice.com/products/hand-drawn-2d-fx-level-1/categories/2150627208/posts/2158962123,https://www.vfxapprentice.com/products/hand-drawn-2d-fx-level-1/categories/2150627208,Hand-Drawn 2D FX_ Level 1/2D Software Introduction - Explained/Intro to Animate/Timeline Controls.html,DOWNLOADED,436017,11.979,
post,Creating Flipbooks,https://www.vfxapprentice.com/products/hand-drawn-2d-fx-level-1/categories/2150627208/posts/2158962124,https://www.vfxapprentice.com/products/hand-drawn-2d-fx-level-1/categories/2150627208,Hand-Drawn 2D FX_ Level 1/2D Software Introduction - Explained/Intro to Animate/Creating Flipbooks.html,DOWNLOADED,497018,7.188,
post,Creating Irregular Flipbooks,https://www.vfxapprentice.com/products/hand-drawn-2d-fx-level-1/categories/2150627208/posts/2158962126,https://www.vfxapprentice.com/products/hand-drawn-2d-fx-level-1/categories/2150627208,Hand-Drawn 2D FX_ Level 1/2D Software Introduction - Explained/Intro to Animate/Creating Irregular Flipbooks.html,DOWNLOADED,446293,13.356,
post,BONUS - Cleanup Animation,https://www.vfxapprentice.com/products/hand-drawn-2d-fx-level-1/categories/2150627208/posts/2158962130,https://www.vfxapprentice.com/products/hand-drawn-2d-fx-level-1/categories/2150627208,Hand-Drawn 2D FX_ Level 1/2D Software Introduction - Explained/Intro to Animate/BONUS - Cleanup Animation.html,DOWNLOADED,439557,8.228,
post,Begin to Animate!,https://www.vfxapprentice.com/products/hand-drawn-2d-fx-level-1/categories/2150627207/posts/2158962135,https://www.vfxapprentice.com/products/hand-drawn-2d-fx-level-1/categories/2150627207,Hand-Drawn 2D FX_ Level 1/2D Software Introduction - Explained/Intro to Harmony/Begin to Animate!.html,DOWNLOADED,445673,16.615,
post,Sketch - Drawing from a Reference,https://www.vfxapprentice.com/products/hand-drawn-2d-fx-level-1/categories/2150627445/posts/2158960476,https://www.vfxapprentice.com/products/hand-drawn-2d-fx-level-1/categories/2150627445,Hand-Drawn 2D FX_ Level 1/Drawing Foundations - Design/Lesson Sketch/Sketch - Drawing from a Reference.html,DOWNLOADED,459376,140.704,
post,Sketch - Using Weighted Lines (Water Practice),https://www.vfxapprentice.com/products/hand-drawn-2d-fx-level-1/categories/2150627445/posts/2158960475,https://www.vfxapprentice.com/products/hand-drawn-2d-fx-level-1/categories/2150627445,Hand-Drawn 2D FX_ Level 1/Drawing Foundations - Design/Lesson Sketch/Sketch - Using Weighted Lines (Water Practice).html,DOWNLOADED,514349,140.850,
post,Software Setup,https://www.vfxapprentice.com/products/hand-drawn-2d-fx-level-1/categories/2150627207/posts/2158962142,https://www.vfxapprentice.com/products/hand-drawn-2d-fx-level-1/categories/2150627207,Hand-Drawn 2D FX_ Level 1/2D Software Introduction - Explained/Intro to Harmony/Software Setup.html,DOWNLOADED,405549,17.764,
post,Flipbook Creation,https://www.vfxapprentice.com/products/hand-drawn-2d-fx-level-1/categories/2150627207/posts/2158962150,https://www.vfxapprentice.com/products/hand-drawn-2d-fx-level-1/categories/2150627207,Hand-Drawn 2D FX_ Level 1/2D Software Introduction - Explained/Intro to Harmony/Flipbook Creation.html,DOWNLOADED,401827,17.560,
post,Sketch - Drawing in Perspective,https://www.vfxapprentice.com/products/hand-drawn-2d-fx-level-1/categories/2150627445/posts/2158960472,https://www.vfxapprentice.com/products/hand-drawn-2d-fx-level-1/categories/2150627445,Hand-Drawn 2D FX_ Level 1/Drawing Foundations - Design/Lesson Sketch/Sketch - Drawing in Perspective.html,DOWNLOADED,529468,176.131,
post,Photoshop for VFX Artists - 1: Tools,https://www.vfxapprentice.com/products/hand-drawn-2d-fx-level-1/categories/2150627459/posts/2159032198,https://www.vfxapprentice.com/products/hand-drawn-2d-fx-level-1/categories/2150627459,Hand-Drawn 2D FX_ Level 1/2D Software Introduction - Explained/Intro to Photoshop/Photoshop for VFX Artists - 1_ Tools.html,DOWNLOADED,447817,14.438,
post,Photoshop for VFX Artists - 2: Layers,https://www.vfxapprentice.com/products/hand-drawn-2d-fx-level-1/categories/2150627459/posts/2159032201,https://www.vfxapprentice.com/products/hand-drawn-2d-fx-level-1/categories/2150627459,Hand-Drawn 2D FX_ Level 1/2D Software Introduction - Explained/Intro to Photoshop/Photoshop for VFX Artists - 2_ Layers.html,DOWNLOADED,435607,16.276,
post,Photoshop for VFX Artists - 3: Adjustments,https://www.vfxapprentice.com/products/hand-drawn-2d-fx-level-1/categories/2150627459/posts/2159032202,https://www.vfxapprentice.com/products/hand-drawn-2d-fx-level-1/categories/2150627459,Hand-Drawn 2D FX_ Level 1/2D Software Introduction - Explained/Intro to Photoshop/Photoshop for VFX Artists - 3_ Adjustments.html,DOWNLOADED,461082,15.205,
post,Photoshop for VFX Artists - 4: Pro Tips,https://www.vfxapprentice.com/products/hand-drawn-2d-fx-level-1/categories/2150627459/posts/2159032203,https://www.vfxapprentice.com/products/hand-drawn-2d-fx-level-1/categories/2150627459,Hand-Drawn 2D FX_ Level 1/2D Software Introduction - Explained/Intro to Photoshop/Photoshop for VFX Artists - 4_ Pro Tips.html,DOWNLOADED,459604,17.278,
post,Photoshop For VFX Artists - 5: Animation,https://www.vfxapprentice.com/products/hand-drawn-2d-fx-level-1/categories/2150627459/posts/2170119553,https://www.vfxapprentice.com/products/hand-drawn-2d-fx-level-1/categories/2150627459,Hand-Drawn 2D FX_ Level 1/2D Software Introduction - Explained/Intro to Photoshop/Photoshop For VFX Artists - 5_ Animation.html,DOWNLOADED,470265,16.680,
post,2D Software Introduction Review,https://www.vfxapprentice.com/products/hand-drawn-2d-fx-level-1/categories/2150659703/posts/2159034276,https://www.vfxapprentice.com/products/hand-drawn-2d-fx-level-1/categories/2150659703,Hand-Drawn 2D FX_ Level 1/2D Software Introduction - Explained/Review/2D Software Introduction Review.html,DOWNLOADED,321795,13.340,
post,Pop-up - Intro Animation,https://www.vfxapprentice.com/products/hand-drawn-2d-fx-level-1/categories/2151838203/posts/2163608808,https://www.vfxapprentice.com/products/hand-drawn-2d-fx-level-1/categories/2151838203,Hand-Drawn 2D FX_ Level 1/2D FX Basics - Animation/2D FX Playbook/Pop-up - Intro Animation.html,DOWNLOADED,420469,16.054,
post,Squash & Stretch - Intro Animation,https://www.vfxapprentice.com/products/hand-drawn-2d-fx-level-1/categories/2151838203/posts/2163608815,https://www.vfxapprentice.com/products/hand-drawn-2d-fx-level-1/categories/2151838203,Hand-Drawn 2D FX_ Level 1/2D FX Basics - Animation/2D FX Playbook/Squash & Stretch - Intro Animation.html,DOWNLOADED,416224,14.985,
post,In-motion - Intro Animation,https://www.vfxapprentice.com/products/hand-drawn-2d-fx-level-1/categories/2151838203/posts/2163608825,https://www.vfxapprentice.com/products/hand-drawn-2d-fx-level-1/categories/2151838203,Hand-Drawn 2D FX_ Level 1/2D FX Basics - Animation/2D FX Playbook/In-motion - Intro Animation.html,DOWNLOADED,426776,13.742,
post,Small to Big - Intro Animation,https://www.vfxapprentice.com/products/hand-drawn-2d-fx-level-1/categories/2151838203/posts/2163608805,https://www.vfxapprentice.com/products/hand-drawn-2d-fx-level-1/categories/2151838203,Hand-Drawn 2D FX_ Level 1/2D FX Basics - Animation/2D FX Playbook/Small to Big - Intro Animation.html,DOWNLOADED,477546,55.420,
post,Big to Small - Outro Animation,https://www.vfxapprentice.com/products/hand-drawn-2d-fx-level-1/categories/2151838203/posts/2163765364,https://www.vfxapprentice.com/products/hand-drawn-2d-fx-level-1/categories/2151838203,Hand-Drawn 2D FX_ Level 1/2D FX Basics - Animation/2D FX Playbook/Big to Small - Outro Animation.html,DOWNLOADED,445528,15.384,
post,Tools & Timeline,https://www.vfxapprentice.com/products/hand-drawn-2d-fx-level-1/categories/2150627207/posts/2158962143,https://www.vfxapprentice.com/products/hand-drawn-2d-fx-level-1/categories/2150627207,Hand-Drawn 2D FX_ Level 1/2D Software Introduction - Explained/Intro to Harmony/Tools & Timeline.html,DOWNLOADED,446330,142.369,
post,Break into Pieces - Outro Animation,https://www.vfxapprentice.com/products/hand-drawn-2d-fx-level-1/categories/2151838203/posts/2163765366,https://www.vfxapprentice.com/products/hand-drawn-2d-fx-level-1/categories/2151838203,Hand-Drawn 2D FX_ Level 1/2D FX Basics - Animation/2D FX Playbook/Break into Pieces - Outro Animation.html,DOWNLOADED,453993,16.543,
post,Carving out Shapes - Outro Animation,https://www.vfxapprentice.com/products/hand-drawn-2d-fx-level-1/categories/2151838203/posts/2163765371,https://www.vfxapprentice.com/products/hand-drawn-2d-fx-level-1/categories/2151838203,Hand-Drawn 2D FX_ Level 1/2D FX Basics - Animation/2D FX Playbook/Carving out Shapes - Outro Animation.html,DOWNLOADED,450126,19.426,
post,Timing Offset - Looping Effects,https://www.vfxapprentice.com/products/hand-drawn-2d-fx-level-1/categories/2151838203/posts/2171429855,https://www.vfxapprentice.com/products/hand-drawn-2d-fx-level-1/categories/2151838203,Hand-Drawn 2D FX_ Level 1/2D FX Basics - Animation/2D FX Playbook/Timing Offset - Looping Effects.html,DOWNLOADED,430828,20.162,
post,Rotating Keys - Looping Effects,https://www.vfxapprentice.com/products/hand-drawn-2d-fx-level-1/categories/2151838203/posts/2171429904,https://www.vfxapprentice.com/products/hand-drawn-2d-fx-level-1/categories/2151838203,Hand-Drawn 2D FX_ Level 1/2D FX Basics - Animation/2D FX Playbook/Rotating Keys - Looping Effects.html,DOWNLOADED,445604,18.935,
post,Wave Principle - Looping Effects,https://www.vfxapprentice.com/products/hand-drawn-2d-fx-level-1/categories/2151838203/posts/2171429923,https://www.vfxapprentice.com/products/hand-drawn-2d-fx-level-1/categories/2151838203,Hand-Drawn 2D FX_ Level 1/2D FX Basics - Animation/2D FX Playbook/Wave Principle - Looping Effects.html,DOWNLOADED,432367,21.278,
post,Effects in Motion - Overlapping Action,https://www.vfxapprentice.com/products/hand-drawn-2d-fx-level-1/categories/2151838203/posts/2171429927,https://www.vfxapprentice.com/products/hand-drawn-2d-fx-level-1/categories/2151838203,Hand-Drawn 2D FX_ Level 1/2D FX Basics - Animation/2D FX Playbook/Effects in Motion - Overlapping Action.html,DOWNLOADED,469636,25.704,
post,2D FX Basics Review,https://www.vfxapprentice.com/products/hand-drawn-2d-fx-level-1/categories/2153488366/posts/2170122606,https://www.vfxapprentice.com/products/hand-drawn-2d-fx-level-1/categories/2153488366,Hand-Drawn 2D FX_ Level 1/2D FX Basics - Animation/Review/2D FX Basics Review.html,DOWNLOADED,325289,15.425,
post,Linear Keyframes - Looping Effects,https://www.vfxapprentice.com/products/hand-drawn-2d-fx-level-1/categories/2151838203/posts/2171429925,https://www.vfxapprentice.com/products/hand-drawn-2d-fx-level-1/categories/2151838203,Hand-Drawn 2D FX_ Level 1/2D FX Basics - Animation/2D FX Playbook/Linear Keyframes - Looping Effects.html,DOWNLOADED,436166,40.990,
post,Node Setup & Compositing,https://www.vfxapprentice.com/products/hand-drawn-2d-fx-level-1/categories/2150627207/posts/2158962146,https://www.vfxapprentice.com/products/hand-drawn-2d-fx-level-1/categories/2150627207,Hand-Drawn 2D FX_ Level 1/2D Software Introduction - Explained/Intro to Harmony/Node Setup & Compositing.html,DOWNLOADED,416418,203.889,
post,Introduction & First Batch Animation,https://www.vfxapprentice.com/products/hand-drawn-2d-fx-level-1/categories/2150627214/posts/2158960251,https://www.vfxapprentice.com/products/hand-drawn-2d-fx-level-1/categories/2150627214,Hand-Drawn 2D FX_ Level 1/Applied Foundations - Animation/Line Wiggle Warmup/Introduction & First Batch Animation.html,DOWNLOADED,448049,17.481,
post,First Batch Cleanup,https://www.vfxapprentice.com/products/hand-drawn-2d-fx-level-1/categories/2150627214/posts/2158960254,https://www.vfxapprentice.com/products/hand-drawn-2d-fx-level-1/categories/2150627214,Hand-Drawn 2D FX_ Level 1/Applied Foundations - Animation/Line Wiggle Warmup/First Batch Cleanup.html,DOWNLOADED,420256,18.100,
post,Animation Cleanup,https://www.vfxapprentice.com/products/hand-drawn-2d-fx-level-1/categories/2150627215/posts/2158960242,https://www.vfxapprentice.com/products/hand-drawn-2d-fx-level-1/categories/2150627215,Hand-Drawn 2D FX_ Level 1/Applied Foundations - Animation/Negative Shapes_ Blip Animation/Animation Cleanup.html,DOWNLOADED,417679,143.358,
post,Symbol Technique,https://www.vfxapprentice.com/products/hand-drawn-2d-fx-level-1/categories/2150627215/posts/2158960244,https://www.vfxapprentice.com/products/hand-drawn-2d-fx-level-1/categories/2150627215,Hand-Drawn 2D FX_ Level 1/Applied Foundations - Animation/Negative Shapes_ Blip Animation/Symbol Technique.html,DOWNLOADED,411456,6.490,
post,Animating Sparkles,https://www.vfxapprentice.com/products/hand-drawn-2d-fx-level-1/categories/2150627217/posts/2158960232,https://www.vfxapprentice.com/products/hand-drawn-2d-fx-level-1/categories/2150627217,Hand-Drawn 2D FX_ Level 1/Applied Foundations - Animation/Sparkle/Animating Sparkles.html,DOWNLOADED,421291,6.359,
post,Cleanup Sparkle Animation,https://www.vfxapprentice.com/products/hand-drawn-2d-fx-level-1/categories/2150627217/posts/2158960234,https://www.vfxapprentice.com/products/hand-drawn-2d-fx-level-1/categories/2150627217,Hand-Drawn 2D FX_ Level 1/Applied Foundations - Animation/Sparkle/Cleanup Sparkle Animation.html,DOWNLOADED,428843,6.421,
post,Adding Glows,https://www.vfxapprentice.com/products/hand-drawn-2d-fx-level-1/categories/2150627217/posts/2158960236,https://www.vfxapprentice.com/products/hand-drawn-2d-fx-level-1/categories/2150627217,Hand-Drawn 2D FX_ Level 1/Applied Foundations - Animation/Sparkle/Adding Glows.html,DOWNLOADED,440373,7.125,
post,BONUS -  Attempted Sparkle Animation,https://www.vfxapprentice.com/products/hand-drawn-2d-fx-level-1/categories/2150627217/posts/2158960237,https://www.vfxapprentice.com/products/hand-drawn-2d-fx-level-1/categories/2150627217,Hand-Drawn 2D FX_ Level 1/Applied Foundations - Animation/Sparkle/BONUS -  Attempted Sparkle Animation.html,DOWNLOADED,409402,15.008,
post,Reference Review,https://www.vfxapprentice.com/products/hand-drawn-2d-fx-level-1/categories/2150627219/posts/2158960178,https://www.vfxapprentice.com/products/hand-drawn-2d-fx-level-1/categories/2150627219,Hand-Drawn 2D FX_ Level 1/Applied Foundations - Animation/Abstract Lightning/Reference Review.html,FAILED_OUTPUT_MISSING,0,3.931,
post,Final Lightning Review,https://www.vfxapprentice.com/products/hand-drawn-2d-fx-level-1/categories/2150627219/posts/2158960179,https://www.vfxapprentice.com/products/hand-drawn-2d-fx-level-1/categories/2150627219,Hand-Drawn 2D FX_ Level 1/Applied Foundations - Animation/Abstract Lightning/Final Lightning Review.html,DOWNLOADED,443601,6.555,
post,First Attempts,https://www.vfxapprentice.com/products/hand-drawn-2d-fx-level-1/categories/2150627219/posts/2158960181,https://www.vfxapprentice.com/products/hand-drawn-2d-fx-level-1/categories/2150627219,Hand-Drawn 2D FX_ Level 1/Applied Foundations - Animation/Abstract Lightning/First Attempts.html,DOWNLOADED,417541,11.695,
post,Third Attempt,https://www.vfxapprentice.com/products/hand-drawn-2d-fx-level-1/categories/2150627219/posts/2158960183,https://www.vfxapprentice.com/products/hand-drawn-2d-fx-level-1/categories/2150627219,Hand-Drawn 2D FX_ Level 1/Applied Foundations - Animation/Abstract Lightning/Third Attempt.html,DOWNLOADED,436457,13.545,
post,Cleanup & Polish,https://www.vfxapprentice.com/products/hand-drawn-2d-fx-level-1/categories/2150627219/posts/2158960205,https://www.vfxapprentice.com/products/hand-drawn-2d-fx-level-1/categories/2150627219,Hand-Drawn 2D FX_ Level 1/Applied Foundations - Animation/Abstract Lightning/Cleanup & Polish.html,DOWNLOADED,420150,14.700,
post,Concept Sketches & Timing Pass,https://www.vfxapprentice.com/products/hand-drawn-2d-fx-level-1/categories/2150627220/posts/2158960130,https://www.vfxapprentice.com/products/hand-drawn-2d-fx-level-1/categories/2150627220,Hand-Drawn 2D FX_ Level 1/Applied Foundations - Animation/Fireball/Concept Sketches & Timing Pass.html,DOWNLOADED,420335,13.059,
post,Rough Animation: Part 1,https://www.vfxapprentice.com/products/hand-drawn-2d-fx-level-1/categories/2150627220/posts/2158960132,https://www.vfxapprentice.com/products/hand-drawn-2d-fx-level-1/categories/2150627220,Hand-Drawn 2D FX_ Level 1/Applied Foundations - Animation/Fireball/Rough Animation_ Part 1.html,DOWNLOADED,408276,13.008,
post,Rough Animation: Part 2,https://www.vfxapprentice.com/products/hand-drawn-2d-fx-level-1/categories/2150627220/posts/2158960138,https://www.vfxapprentice.com/products/hand-drawn-2d-fx-level-1/categories/2150627220,Hand-Drawn 2D FX_ Level 1/Applied Foundations - Animation/Fireball/Rough Animation_ Part 2.html,DOWNLOADED,409559,17.940,
post,Rough Animation Revisions,https://www.vfxapprentice.com/products/hand-drawn-2d-fx-level-1/categories/2150627220/posts/2158960141,https://www.vfxapprentice.com/products/hand-drawn-2d-fx-level-1/categories/2150627220,Hand-Drawn 2D FX_ Level 1/Applied Foundations - Animation/Fireball/Rough Animation Revisions.html,DOWNLOADED,415691,15.967,
post,Rough Animation Touch Up,https://www.vfxapprentice.com/products/hand-drawn-2d-fx-level-1/categories/2150627220/posts/2158960144,https://www.vfxapprentice.com/products/hand-drawn-2d-fx-level-1/categories/2150627220,Hand-Drawn 2D FX_ Level 1/Applied Foundations - Animation/Fireball/Rough Animation Touch Up.html,DOWNLOADED,420815,16.052,
post,Cleanup & First Color Pass,https://www.vfxapprentice.com/products/hand-drawn-2d-fx-level-1/categories/2150627220/posts/2158960145,https://www.vfxapprentice.com/products/hand-drawn-2d-fx-level-1/categories/2150627220,Hand-Drawn 2D FX_ Level 1/Applied Foundations - Animation/Fireball/Cleanup & First Color Pass.html,DOWNLOADED,407373,14.298,
post,Second Batch Cleanup,https://www.vfxapprentice.com/products/hand-drawn-2d-fx-level-1/categories/2150627214/posts/2158960259,https://www.vfxapprentice.com/products/hand-drawn-2d-fx-level-1/categories/2150627214,Hand-Drawn 2D FX_ Level 1/Applied Foundations - Animation/Line Wiggle Warmup/Second Batch Cleanup.html,DOWNLOADED,415614,344.159,
post,Second Color Pass,https://www.vfxapprentice.com/products/hand-drawn-2d-fx-level-1/categories/2150627220/posts/2158960149,https://www.vfxapprentice.com/products/hand-drawn-2d-fx-level-1/categories/2150627220,Hand-Drawn 2D FX_ Level 1/Applied Foundations - Animation/Fireball/Second Color Pass.html,DOWNLOADED,403707,15.265,
post,Final Steps (Unnarrated),https://www.vfxapprentice.com/products/hand-drawn-2d-fx-level-1/categories/2150627220/posts/2158960151,https://www.vfxapprentice.com/products/hand-drawn-2d-fx-level-1/categories/2150627220,Hand-Drawn 2D FX_ Level 1/Applied Foundations - Animation/Fireball/Final Steps (Unnarrated).html,DOWNLOADED,422925,17.362,
post,Applied Foundations Review,https://www.vfxapprentice.com/products/hand-drawn-2d-fx-level-1/categories/2150659705/posts/2159034317,https://www.vfxapprentice.com/products/hand-drawn-2d-fx-level-1/categories/2150659705,Hand-Drawn 2D FX_ Level 1/Applied Foundations - Animation/Review/Applied Foundations Review.html,DOWNLOADED,322710,14.192,
post,Intro & Fire Techniques,https://www.vfxapprentice.com/products/hand-drawn-2d-fx-level-1/categories/2150627461/posts/2158960532,https://www.vfxapprentice.com/products/hand-drawn-2d-fx-level-1/categories/2150627461,Hand-Drawn 2D FX_ Level 1/Intro to FX Concept Painting - Design/Painting Techniques/Intro & Fire Techniques.html,DOWNLOADED,491527,15.845,
post,Wisp Technique,https://www.vfxapprentice.com/products/hand-drawn-2d-fx-level-1/categories/2150627461/posts/2158960533,https://www.vfxapprentice.com/products/hand-drawn-2d-fx-level-1/categories/2150627461,Hand-Drawn 2D FX_ Level 1/Intro to FX Concept Painting - Design/Painting Techniques/Wisp Technique.html,DOWNLOADED,450382,17.644,
post,Zap Technique,https://www.vfxapprentice.com/products/hand-drawn-2d-fx-level-1/categories/2150627461/posts/2158960535,https://www.vfxapprentice.com/products/hand-drawn-2d-fx-level-1/categories/2150627461,Hand-Drawn 2D FX_ Level 1/Intro to FX Concept Painting - Design/Painting Techniques/Zap Technique.html,DOWNLOADED,440243,16.414,
post,Goo Technique,https://www.vfxapprentice.com/products/hand-drawn-2d-fx-level-1/categories/2150627461/posts/2158960538,https://www.vfxapprentice.com/products/hand-drawn-2d-fx-level-1/categories/2150627461,Hand-Drawn 2D FX_ Level 1/Intro to FX Concept Painting - Design/Painting Techniques/Goo Technique.html,DOWNLOADED,455945,16.322,
post,Straight-Ahead Approach,https://www.vfxapprentice.com/products/hand-drawn-2d-fx-level-1/categories/2150627215/posts/2158960241,https://www.vfxapprentice.com/products/hand-drawn-2d-fx-level-1/categories/2150627215,Hand-Drawn 2D FX_ Level 1/Applied Foundations - Animation/Negative Shapes_ Blip Animation/Straight-Ahead Approach.html,DOWNLOADED,416060,397.769,
post,Second Batch Animation,https://www.vfxapprentice.com/products/hand-drawn-2d-fx-level-1/categories/2150627214/posts/2158960255,https://www.vfxapprentice.com/products/hand-drawn-2d-fx-level-1/categories/2150627214,Hand-Drawn 2D FX_ Level 1/Applied Foundations - Animation/Line Wiggle Warmup/Second Batch Animation.html,DOWNLOADED,417141,406.042,
post,Intro to FX Concept Painting Review,https://www.vfxapprentice.com/products/hand-drawn-2d-fx-level-1/categories/2150659772/posts/2159034812,https://www.vfxapprentice.com/products/hand-drawn-2d-fx-level-1/categories/2150659772,Hand-Drawn 2D FX_ Level 1/Intro to FX Concept Painting - Design/Review/Intro to FX Concept Painting Review.html,DOWNLOADED,325566,16.626,
post,Fire Explosion Thumbnails,https://www.vfxapprentice.com/products/hand-drawn-2d-fx-level-1/categories/2150627650/posts/2159032250,https://www.vfxapprentice.com/products/hand-drawn-2d-fx-level-1/categories/2150627650,Hand-Drawn 2D FX_ Level 1/FX Concept Painting Elemental Studies - Design/Fire Explosion/Fire Explosion Thumbnails.html,DOWNLOADED,447481,21.154,
post,Painting & Commentary,https://www.vfxapprentice.com/products/hand-drawn-2d-fx-level-1/categories/2150627651/posts/2159032254,https://www.vfxapprentice.com/products/hand-drawn-2d-fx-level-1/categories/2150627651,Hand-Drawn 2D FX_ Level 1/FX Concept Painting Elemental Studies - Design/Wispy Cloud/Painting & Commentary.html,DOWNLOADED,470282,19.826,
post,Thumbnails,https://www.vfxapprentice.com/products/hand-drawn-2d-fx-level-1/categories/2150627652/posts/2159032255,https://www.vfxapprentice.com/products/hand-drawn-2d-fx-level-1/categories/2150627652,Hand-Drawn 2D FX_ Level 1/FX Concept Painting Elemental Studies - Design/Lightning Zap/Thumbnails.html,FAILED_OUTPUT_MISSING,0,4.229,
post,Painting & Commentary,https://www.vfxapprentice.com/products/hand-drawn-2d-fx-level-1/categories/2150627652/posts/2159032257,https://www.vfxapprentice.com/products/hand-drawn-2d-fx-level-1/categories/2150627652,Hand-Drawn 2D FX_ Level 1/FX Concept Painting Elemental Studies - Design/Lightning Zap/Painting & Commentary.html,DOWNLOADED,476200,16.272,
post,Thumbnails,https://www.vfxapprentice.com/products/hand-drawn-2d-fx-level-1/categories/2150627654/posts/2159032258,https://www.vfxapprentice.com/products/hand-drawn-2d-fx-level-1/categories/2150627654,Hand-Drawn 2D FX_ Level 1/FX Concept Painting Elemental Studies - Design/Goo Splat/Thumbnails.html,DOWNLOADED,450576,12.208,
post,Painting & Commentary,https://www.vfxapprentice.com/products/hand-drawn-2d-fx-level-1/categories/2150627654/posts/2159032259,https://www.vfxapprentice.com/products/hand-drawn-2d-fx-level-1/categories/2150627654,Hand-Drawn 2D FX_ Level 1/FX Concept Painting Elemental Studies - Design/Goo Splat/Painting & Commentary.html,DOWNLOADED,460883,14.513,
post,Painting & Commentary,https://www.vfxapprentice.com/products/hand-drawn-2d-fx-level-1/categories/2150627655/posts/2159032261,https://www.vfxapprentice.com/products/hand-drawn-2d-fx-level-1/categories/2150627655,Hand-Drawn 2D FX_ Level 1/FX Concept Painting Elemental Studies - Design/Sparker & Aquanna Illustration/Painting & Commentary.html,DOWNLOADED,499116,17.529,
post,FX Concept Painting Elemental Studies Review,https://www.vfxapprentice.com/products/hand-drawn-2d-fx-level-1/categories/2150659778/posts/2159034814,https://www.vfxapprentice.com/products/hand-drawn-2d-fx-level-1/categories/2150659778,Hand-Drawn 2D FX_ Level 1/FX Concept Painting Elemental Studies - Design/Review/FX Concept Painting Elemental Studies Review.html,DOWNLOADED,327361,12.416,
post,Corona Shine,https://www.vfxapprentice.com/products/hand-drawn-2d-fx-level-1/categories/2150627237/posts/2158959854,https://www.vfxapprentice.com/products/hand-drawn-2d-fx-level-1/categories/2150627237,Hand-Drawn 2D FX_ Level 1/Small 2D FX Animation Studies - Animation/Light Burst/Corona Shine.html,DOWNLOADED,421091,18.121,
post,Fire Explosion Paintover - Jeff Gates,https://www.vfxapprentice.com/products/hand-drawn-2d-fx-level-1/categories/2150627650/posts/2159032253,https://www.vfxapprentice.com/products/hand-drawn-2d-fx-level-1/categories/2150627650,Hand-Drawn 2D FX_ Level 1/FX Concept Painting Elemental Studies - Design/Fire Explosion/Fire Explosion Paintover - Jeff Gates.html,DOWNLOADED,466626,165.888,
post,Painting & Commentary (version 1),https://www.vfxapprentice.com/products/hand-drawn-2d-fx-level-1/categories/2150627650/posts/2159032251,https://www.vfxapprentice.com/products/hand-drawn-2d-fx-level-1/categories/2150627650,Hand-Drawn 2D FX_ Level 1/FX Concept Painting Elemental Studies - Design/Fire Explosion/Painting & Commentary (version 1).html,DOWNLOADED,470360,171.908,
post,Painting & Commentary (version 2),https://www.vfxapprentice.com/products/hand-drawn-2d-fx-level-1/categories/2150627650/posts/2159032252,https://www.vfxapprentice.com/products/hand-drawn-2d-fx-level-1/categories/2150627650,Hand-Drawn 2D FX_ Level 1/FX Concept Painting Elemental Studies - Design/Fire Explosion/Painting & Commentary (version 2).html,DOWNLOADED,504213,191.887,
post,Revisions,https://www.vfxapprentice.com/products/hand-drawn-2d-fx-level-1/categories/2150627237/posts/2158959893,https://www.vfxapprentice.com/products/hand-drawn-2d-fx-level-1/categories/2150627237,Hand-Drawn 2D FX_ Level 1/Small 2D FX Animation Studies - Animation/Light Burst/Revisions.html,DOWNLOADED,420873,21.154,
post,Color & Glow,https://www.vfxapprentice.com/products/hand-drawn-2d-fx-level-1/categories/2150627237/posts/2158959981,https://www.vfxapprentice.com/products/hand-drawn-2d-fx-level-1/categories/2150627237,Hand-Drawn 2D FX_ Level 1/Small 2D FX Animation Studies - Animation/Light Burst/Color & Glow.html,DOWNLOADED,434678,20.706,
post,Flipbook Creation,https://www.vfxapprentice.com/products/hand-drawn-2d-fx-level-1/categories/2150627237/posts/2158959984,https://www.vfxapprentice.com/products/hand-drawn-2d-fx-level-1/categories/2150627237,Hand-Drawn 2D FX_ Level 1/Small 2D FX Animation Studies - Animation/Light Burst/Flipbook Creation.html,DOWNLOADED,446272,19.897,
post,Secondary Bits,https://www.vfxapprentice.com/products/hand-drawn-2d-fx-level-1/categories/2150627238/posts/2158960006,https://www.vfxapprentice.com/products/hand-drawn-2d-fx-level-1/categories/2150627238,Hand-Drawn 2D FX_ Level 1/Small 2D FX Animation Studies - Animation/Fire Swoosh/Secondary Bits.html,DOWNLOADED,418016,20.377,
post,Inner Shapes,https://www.vfxapprentice.com/products/hand-drawn-2d-fx-level-1/categories/2150627237/posts/2158959965,https://www.vfxapprentice.com/products/hand-drawn-2d-fx-level-1/categories/2150627237,Hand-Drawn 2D FX_ Level 1/Small 2D FX Animation Studies - Animation/Light Burst/Inner Shapes.html,DOWNLOADED,421899,62.029,
post,Primary Motion,https://www.vfxapprentice.com/products/hand-drawn-2d-fx-level-1/categories/2150627238/posts/2158960005,https://www.vfxapprentice.com/products/hand-drawn-2d-fx-level-1/categories/2150627238,Hand-Drawn 2D FX_ Level 1/Small 2D FX Animation Studies - Animation/Fire Swoosh/Primary Motion.html,DOWNLOADED,419862,34.120,
post,Inner Shapes,https://www.vfxapprentice.com/products/hand-drawn-2d-fx-level-1/categories/2150627238/posts/2158960009,https://www.vfxapprentice.com/products/hand-drawn-2d-fx-level-1/categories/2150627238,Hand-Drawn 2D FX_ Level 1/Small 2D FX Animation Studies - Animation/Fire Swoosh/Inner Shapes.html,DOWNLOADED,423600,14.036,
post,Inbetweens,https://www.vfxapprentice.com/products/hand-drawn-2d-fx-level-1/categories/2150627238/posts/2158960010,https://www.vfxapprentice.com/products/hand-drawn-2d-fx-level-1/categories/2150627238,Hand-Drawn 2D FX_ Level 1/Small 2D FX Animation Studies - Animation/Fire Swoosh/Inbetweens.html,DOWNLOADED,419237,15.615,
post,Dissipation,https://www.vfxapprentice.com/products/hand-drawn-2d-fx-level-1/categories/2150627237/posts/2158959876,https://www.vfxapprentice.com/products/hand-drawn-2d-fx-level-1/categories/2150627237,Hand-Drawn 2D FX_ Level 1/Small 2D FX Animation Studies - Animation/Light Burst/Dissipation.html,DOWNLOADED,413802,119.507,
post,Primary Motion,https://www.vfxapprentice.com/products/hand-drawn-2d-fx-level-1/categories/2150627240/posts/2158960021,https://www.vfxapprentice.com/products/hand-drawn-2d-fx-level-1/categories/2150627240,Hand-Drawn 2D FX_ Level 1/Small 2D FX Animation Studies - Animation/Nether Poof/Primary Motion.html,DOWNLOADED,427362,40.188,
post,Highlights,https://www.vfxapprentice.com/products/hand-drawn-2d-fx-level-1/categories/2150627240/posts/2158960028,https://www.vfxapprentice.com/products/hand-drawn-2d-fx-level-1/categories/2150627240,Hand-Drawn 2D FX_ Level 1/Small 2D FX Animation Studies - Animation/Nether Poof/Highlights.html,DOWNLOADED,428927,6.454,
post,Color Adjustments & Glows,https://www.vfxapprentice.com/products/hand-drawn-2d-fx-level-1/categories/2150627240/posts/2158960043,https://www.vfxapprentice.com/products/hand-drawn-2d-fx-level-1/categories/2150627240,Hand-Drawn 2D FX_ Level 1/Small 2D FX Animation Studies - Animation/Nether Poof/Color Adjustments & Glows.html,DOWNLOADED,430335,6.693,
post,Raw Time-lapse,https://www.vfxapprentice.com/products/hand-drawn-2d-fx-level-1/categories/2150627240/posts/2158960068,https://www.vfxapprentice.com/products/hand-drawn-2d-fx-level-1/categories/2150627240,Hand-Drawn 2D FX_ Level 1/Small 2D FX Animation Studies - Animation/Nether Poof/Raw Time-lapse.html,FAILED_OUTPUT_MISSING,0,3.130,
post,Straight-Ahead Silhouette,https://www.vfxapprentice.com/products/hand-drawn-2d-fx-level-1/categories/2150627241/posts/2158960071,https://www.vfxapprentice.com/products/hand-drawn-2d-fx-level-1/categories/2150627241,Hand-Drawn 2D FX_ Level 1/Small 2D FX Animation Studies - Animation/Poison Splat/Straight-Ahead Silhouette.html,DOWNLOADED,424287,6.948,
post,Three-Dimensional Backside,https://www.vfxapprentice.com/products/hand-drawn-2d-fx-level-1/categories/2150627241/posts/2158960072,https://www.vfxapprentice.com/products/hand-drawn-2d-fx-level-1/categories/2150627241,Hand-Drawn 2D FX_ Level 1/Small 2D FX Animation Studies - Animation/Poison Splat/Three-Dimensional Backside.html,DOWNLOADED,424847,7.184,
post,Edge Shadows,https://www.vfxapprentice.com/products/hand-drawn-2d-fx-level-1/categories/2150627241/posts/2158960075,https://www.vfxapprentice.com/products/hand-drawn-2d-fx-level-1/categories/2150627241,Hand-Drawn 2D FX_ Level 1/Small 2D FX Animation Studies - Animation/Poison Splat/Edge Shadows.html,DOWNLOADED,436370,15.164,
post,"Color Adjustments, Glows, & Highlights",https://www.vfxapprentice.com/products/hand-drawn-2d-fx-level-1/categories/2150627241/posts/2158960078,https://www.vfxapprentice.com/products/hand-drawn-2d-fx-level-1/categories/2150627241,"Hand-Drawn 2D FX_ Level 1/Small 2D FX Animation Studies - Animation/Poison Splat/Color Adjustments, Glows, & Highlights.html",DOWNLOADED,434085,8.218,
post,Raw Time-lapse,https://www.vfxapprentice.com/products/hand-drawn-2d-fx-level-1/categories/2150627241/posts/2158960081,https://www.vfxapprentice.com/products/hand-drawn-2d-fx-level-1/categories/2150627241,Hand-Drawn 2D FX_ Level 1/Small 2D FX Animation Studies - Animation/Poison Splat/Raw Time-lapse.html,DOWNLOADED,432992,13.838,
post,Primary Motion,https://www.vfxapprentice.com/products/hand-drawn-2d-fx-level-1/categories/2150627242/posts/2158960084,https://www.vfxapprentice.com/products/hand-drawn-2d-fx-level-1/categories/2150627242,Hand-Drawn 2D FX_ Level 1/Small 2D FX Animation Studies - Animation/Dark Zap/Primary Motion.html,DOWNLOADED,416156,14.239,
post,Secondary Shapes & Glow,https://www.vfxapprentice.com/products/hand-drawn-2d-fx-level-1/categories/2150627242/posts/2158960086,https://www.vfxapprentice.com/products/hand-drawn-2d-fx-level-1/categories/2150627242,Hand-Drawn 2D FX_ Level 1/Small 2D FX Animation Studies - Animation/Dark Zap/Secondary Shapes & Glow.html,DOWNLOADED,416654,7.794,
post,Raw Time-lapse,https://www.vfxapprentice.com/products/hand-drawn-2d-fx-level-1/categories/2150627242/posts/2158960089,https://www.vfxapprentice.com/products/hand-drawn-2d-fx-level-1/categories/2150627242,Hand-Drawn 2D FX_ Level 1/Small 2D FX Animation Studies - Animation/Dark Zap/Raw Time-lapse.html,DOWNLOADED,399650,8.292,
post,Flipbook Creation,https://www.vfxapprentice.com/products/hand-drawn-2d-fx-level-1/categories/2150627238/posts/2158960012,https://www.vfxapprentice.com/products/hand-drawn-2d-fx-level-1/categories/2150627238,Hand-Drawn 2D FX_ Level 1/Small 2D FX Animation Studies - Animation/Fire Swoosh/Flipbook Creation.html,DOWNLOADED,409461,143.867,
post,Basic Motion Setup,https://www.vfxapprentice.com/products/hand-drawn-2d-fx-level-1/categories/2150627243/posts/2158960090,https://www.vfxapprentice.com/products/hand-drawn-2d-fx-level-1/categories/2150627243,Hand-Drawn 2D FX_ Level 1/Small 2D FX Animation Studies - Animation/Bubbly Charm/Basic Motion Setup.html,DOWNLOADED,421691,13.682,
post,Motion Cleanup,https://www.vfxapprentice.com/products/hand-drawn-2d-fx-level-1/categories/2150627243/posts/2158960099,https://www.vfxapprentice.com/products/hand-drawn-2d-fx-level-1/categories/2150627243,Hand-Drawn 2D FX_ Level 1/Small 2D FX Animation Studies - Animation/Bubbly Charm/Motion Cleanup.html,DOWNLOADED,428869,16.614,
post,Shape Refinements,https://www.vfxapprentice.com/products/hand-drawn-2d-fx-level-1/categories/2150627243/posts/2158960100,https://www.vfxapprentice.com/products/hand-drawn-2d-fx-level-1/categories/2150627243,Hand-Drawn 2D FX_ Level 1/Small 2D FX Animation Studies - Animation/Bubbly Charm/Shape Refinements.html,DOWNLOADED,425365,9.026,
post,Secondary Shapes,https://www.vfxapprentice.com/products/hand-drawn-2d-fx-level-1/categories/2150627243/posts/2158960101,https://www.vfxapprentice.com/products/hand-drawn-2d-fx-level-1/categories/2150627243,Hand-Drawn 2D FX_ Level 1/Small 2D FX Animation Studies - Animation/Bubbly Charm/Secondary Shapes.html,DOWNLOADED,413737,13.787,
post,Polish & Glow,https://www.vfxapprentice.com/products/hand-drawn-2d-fx-level-1/categories/2150627243/posts/2158960103,https://www.vfxapprentice.com/products/hand-drawn-2d-fx-level-1/categories/2150627243,Hand-Drawn 2D FX_ Level 1/Small 2D FX Animation Studies - Animation/Bubbly Charm/Polish & Glow.html,DOWNLOADED,428044,13.705,
post,Raw Time-lapse,https://www.vfxapprentice.com/products/hand-drawn-2d-fx-level-1/categories/2150627243/posts/2158960105,https://www.vfxapprentice.com/products/hand-drawn-2d-fx-level-1/categories/2150627243,Hand-Drawn 2D FX_ Level 1/Small 2D FX Animation Studies - Animation/Bubbly Charm/Raw Time-lapse.html,DOWNLOADED,410181,9.293,
post,Primary Motion,https://www.vfxapprentice.com/products/hand-drawn-2d-fx-level-1/categories/2150627244/posts/2158960108,https://www.vfxapprentice.com/products/hand-drawn-2d-fx-level-1/categories/2150627244,Hand-Drawn 2D FX_ Level 1/Small 2D FX Animation Studies - Animation/Cyber Tech Slash/Primary Motion.html,DOWNLOADED,427109,15.485,
post,Resolve Shapes,https://www.vfxapprentice.com/products/hand-drawn-2d-fx-level-1/categories/2150627244/posts/2158960110,https://www.vfxapprentice.com/products/hand-drawn-2d-fx-level-1/categories/2150627244,Hand-Drawn 2D FX_ Level 1/Small 2D FX Animation Studies - Animation/Cyber Tech Slash/Resolve Shapes.html,DOWNLOADED,417720,14.322,
post,Cleanup,https://www.vfxapprentice.com/products/hand-drawn-2d-fx-level-1/categories/2150627244/posts/2158960111,https://www.vfxapprentice.com/products/hand-drawn-2d-fx-level-1/categories/2150627244,Hand-Drawn 2D FX_ Level 1/Small 2D FX Animation Studies - Animation/Cyber Tech Slash/Cleanup.html,DOWNLOADED,424074,14.165,
post,Secondary Shapes,https://www.vfxapprentice.com/products/hand-drawn-2d-fx-level-1/categories/2150627244/posts/2158960113,https://www.vfxapprentice.com/products/hand-drawn-2d-fx-level-1/categories/2150627244,Hand-Drawn 2D FX_ Level 1/Small 2D FX Animation Studies - Animation/Cyber Tech Slash/Secondary Shapes.html,DOWNLOADED,433309,14.209,
post,Accent Shapes & Color,https://www.vfxapprentice.com/products/hand-drawn-2d-fx-level-1/categories/2150627244/posts/2158960115,https://www.vfxapprentice.com/products/hand-drawn-2d-fx-level-1/categories/2150627244,Hand-Drawn 2D FX_ Level 1/Small 2D FX Animation Studies - Animation/Cyber Tech Slash/Accent Shapes & Color.html,DOWNLOADED,429832,15.864,
post,Gradient & Glow,https://www.vfxapprentice.com/products/hand-drawn-2d-fx-level-1/categories/2150627244/posts/2158960117,https://www.vfxapprentice.com/products/hand-drawn-2d-fx-level-1/categories/2150627244,Hand-Drawn 2D FX_ Level 1/Small 2D FX Animation Studies - Animation/Cyber Tech Slash/Gradient & Glow.html,DOWNLOADED,418140,19.646,
post,Raw Time-lapse,https://www.vfxapprentice.com/products/hand-drawn-2d-fx-level-1/categories/2150627244/posts/2158960119,https://www.vfxapprentice.com/products/hand-drawn-2d-fx-level-1/categories/2150627244,Hand-Drawn 2D FX_ Level 1/Small 2D FX Animation Studies - Animation/Cyber Tech Slash/Raw Time-lapse.html,DOWNLOADED,424641,14.488,
post,Color Tweaks Raw Time-lapse,https://www.vfxapprentice.com/products/hand-drawn-2d-fx-level-1/categories/2150627244/posts/2158960120,https://www.vfxapprentice.com/products/hand-drawn-2d-fx-level-1/categories/2150627244,Hand-Drawn 2D FX_ Level 1/Small 2D FX Animation Studies - Animation/Cyber Tech Slash/Color Tweaks Raw Time-lapse.html,DOWNLOADED,426761,14.597,
post,Small 2D FX Studies Review,https://www.vfxapprentice.com/products/hand-drawn-2d-fx-level-1/categories/2150659779/posts/2159034804,https://www.vfxapprentice.com/products/hand-drawn-2d-fx-level-1/categories/2150659779,Hand-Drawn 2D FX_ Level 1/Small 2D FX Animation Studies - Animation/Review/Small 2D FX Studies Review.html,DOWNLOADED,322714,12.446,
post,Style-target,https://www.vfxapprentice.com/products/hand-drawn-2d-fx-level-1/categories/2150627658/posts/2158961148,https://www.vfxapprentice.com/products/hand-drawn-2d-fx-level-1/categories/2150627658,Hand-Drawn 2D FX_ Level 1/Medium 2D FX Animation Elemental Studies - Animation/Water Fling/Style-target.html,DOWNLOADED,426502,18.727,
post,Coloring,https://www.vfxapprentice.com/products/hand-drawn-2d-fx-level-1/categories/2150627658/posts/2158961159,https://www.vfxapprentice.com/products/hand-drawn-2d-fx-level-1/categories/2150627658,Hand-Drawn 2D FX_ Level 1/Medium 2D FX Animation Elemental Studies - Animation/Water Fling/Coloring.html,DOWNLOADED,421208,14.844,
post,Retiming & Inbetweens,https://www.vfxapprentice.com/products/hand-drawn-2d-fx-level-1/categories/2150627240/posts/2158960023,https://www.vfxapprentice.com/products/hand-drawn-2d-fx-level-1/categories/2150627240,Hand-Drawn 2D FX_ Level 1/Small 2D FX Animation Studies - Animation/Nether Poof/Retiming & Inbetweens.html,DOWNLOADED,423715,280.345,
post,Water Fling (Raw Video),https://www.vfxapprentice.com/products/hand-drawn-2d-fx-level-1/categories/2150627658/posts/2158961168,https://www.vfxapprentice.com/products/hand-drawn-2d-fx-level-1/categories/2150627658,Hand-Drawn 2D FX_ Level 1/Medium 2D FX Animation Elemental Studies - Animation/Water Fling/Water Fling (Raw Video).html,DOWNLOADED,410900,16.106,
post,Base Animation,https://www.vfxapprentice.com/products/hand-drawn-2d-fx-level-1/categories/2150627660/posts/2158961170,https://www.vfxapprentice.com/products/hand-drawn-2d-fx-level-1/categories/2150627660,Hand-Drawn 2D FX_ Level 1/Medium 2D FX Animation Elemental Studies - Animation/Goo Orb/Base Animation.html,DOWNLOADED,443141,21.263,
post,Inner Shapes,https://www.vfxapprentice.com/products/hand-drawn-2d-fx-level-1/categories/2150627240/posts/2158960025,https://www.vfxapprentice.com/products/hand-drawn-2d-fx-level-1/categories/2150627240,Hand-Drawn 2D FX_ Level 1/Small 2D FX Animation Studies - Animation/Nether Poof/Inner Shapes.html,DOWNLOADED,422121,296.500,
post,Animation process,https://www.vfxapprentice.com/products/hand-drawn-2d-fx-level-1/categories/2150627658/posts/2158961150,https://www.vfxapprentice.com/products/hand-drawn-2d-fx-level-1/categories/2150627658,Hand-Drawn 2D FX_ Level 1/Medium 2D FX Animation Elemental Studies - Animation/Water Fling/Animation process.html,DOWNLOADED,484374,63.425,
post,Animation (Raw Video),https://www.vfxapprentice.com/products/hand-drawn-2d-fx-level-1/categories/2150627660/posts/2158961175,https://www.vfxapprentice.com/products/hand-drawn-2d-fx-level-1/categories/2150627660,Hand-Drawn 2D FX_ Level 1/Medium 2D FX Animation Elemental Studies - Animation/Goo Orb/Animation (Raw Video).html,DOWNLOADED,435183,21.287,
post,Coloring (Raw Video),https://www.vfxapprentice.com/products/hand-drawn-2d-fx-level-1/categories/2150627660/posts/2158961176,https://www.vfxapprentice.com/products/hand-drawn-2d-fx-level-1/categories/2150627660,Hand-Drawn 2D FX_ Level 1/Medium 2D FX Animation Elemental Studies - Animation/Goo Orb/Coloring (Raw Video).html,DOWNLOADED,421155,19.974,
post,Animation Finish & Coloring,https://www.vfxapprentice.com/products/hand-drawn-2d-fx-level-1/categories/2150627660/posts/2158961173,https://www.vfxapprentice.com/products/hand-drawn-2d-fx-level-1/categories/2150627660,Hand-Drawn 2D FX_ Level 1/Medium 2D FX Animation Elemental Studies - Animation/Goo Orb/Animation Finish & Coloring.html,DOWNLOADED,427889,35.996,
post,Animation & Shading,https://www.vfxapprentice.com/products/hand-drawn-2d-fx-level-1/categories/2150627661/posts/2158961194,https://www.vfxapprentice.com/products/hand-drawn-2d-fx-level-1/categories/2150627661,Hand-Drawn 2D FX_ Level 1/Medium 2D FX Animation Elemental Studies - Animation/Spiral Smoke Poof/Animation & Shading.html,DOWNLOADED,412435,22.177,
post,Animation (Raw Video),https://www.vfxapprentice.com/products/hand-drawn-2d-fx-level-1/categories/2150627661/posts/2158961197,https://www.vfxapprentice.com/products/hand-drawn-2d-fx-level-1/categories/2150627661,Hand-Drawn 2D FX_ Level 1/Medium 2D FX Animation Elemental Studies - Animation/Spiral Smoke Poof/Animation (Raw Video).html,DOWNLOADED,429810,347.694,
post,Animation Breakdown,https://www.vfxapprentice.com/products/hand-drawn-2d-fx-level-1/categories/2150627664/posts/2158961212,https://www.vfxapprentice.com/products/hand-drawn-2d-fx-level-1/categories/2150627664,Hand-Drawn 2D FX_ Level 1/Medium 2D FX Animation Elemental Studies - Animation/Heart Bubbles/Animation Breakdown.html,DOWNLOADED,424282,6.236,
post,Animation (Raw Video),https://www.vfxapprentice.com/products/hand-drawn-2d-fx-level-1/categories/2150627664/posts/2158961215,https://www.vfxapprentice.com/products/hand-drawn-2d-fx-level-1/categories/2150627664,Hand-Drawn 2D FX_ Level 1/Medium 2D FX Animation Elemental Studies - Animation/Heart Bubbles/Animation (Raw Video).html,DOWNLOADED,402140,6.256,
post,Main Spere Animation,https://www.vfxapprentice.com/products/hand-drawn-2d-fx-level-1/categories/2150627666/posts/2158961217,https://www.vfxapprentice.com/products/hand-drawn-2d-fx-level-1/categories/2150627666,Hand-Drawn 2D FX_ Level 1/Medium 2D FX Animation Elemental Studies - Animation/Electric Burst/Main Spere Animation.html,DOWNLOADED,409573,6.273,
post,Windup & Dissolve,https://www.vfxapprentice.com/products/hand-drawn-2d-fx-level-1/categories/2150627666/posts/2158961220,https://www.vfxapprentice.com/products/hand-drawn-2d-fx-level-1/categories/2150627666,Hand-Drawn 2D FX_ Level 1/Medium 2D FX Animation Elemental Studies - Animation/Electric Burst/Windup & Dissolve.html,DOWNLOADED,410538,6.244,
post,Light Rays & Polish,https://www.vfxapprentice.com/products/hand-drawn-2d-fx-level-1/categories/2150627666/posts/2158961221,https://www.vfxapprentice.com/products/hand-drawn-2d-fx-level-1/categories/2150627666,Hand-Drawn 2D FX_ Level 1/Medium 2D FX Animation Elemental Studies - Animation/Electric Burst/Light Rays & Polish.html,DOWNLOADED,430614,10.125,
post,Medium 2D FX Elemental Studies Review,https://www.vfxapprentice.com/products/hand-drawn-2d-fx-level-1/categories/2150659780/posts/2159034806,https://www.vfxapprentice.com/products/hand-drawn-2d-fx-level-1/categories/2150659780,Hand-Drawn 2D FX_ Level 1/Medium 2D FX Animation Elemental Studies - Animation/Review/Medium 2D FX Elemental Studies Review.html,DOWNLOADED,327687,6.265,
post,Narrated Animation Process,https://www.vfxapprentice.com/products/hand-drawn-2d-fx-level-2/categories/2150659860/posts/2159084091,https://www.vfxapprentice.com/products/hand-drawn-2d-fx-level-2/categories/2150659860,Hand-Drawn 2D FX_ Level 2/Integrating FX With a Character - Animation/Toxic Avatar/Narrated Animation Process.html,DOWNLOADED,390642,6.164,
post,Full Animation Process (Raw Video),https://www.vfxapprentice.com/products/hand-drawn-2d-fx-level-2/categories/2150659860/posts/2159084092,https://www.vfxapprentice.com/products/hand-drawn-2d-fx-level-2/categories/2150659860,Hand-Drawn 2D FX_ Level 2/Integrating FX With a Character - Animation/Toxic Avatar/Full Animation Process (Raw Video).html,DOWNLOADED,407571,9.641,
post,Animating Light,https://www.vfxapprentice.com/products/hand-drawn-2d-fx-level-2/categories/2150659861/posts/2159084097,https://www.vfxapprentice.com/products/hand-drawn-2d-fx-level-2/categories/2150659861,Hand-Drawn 2D FX_ Level 2/Integrating FX With a Character - Animation/Holy Avatar/Animating Light.html,DOWNLOADED,426513,6.246,
post,Full Animation Process (Raw Video),https://www.vfxapprentice.com/products/hand-drawn-2d-fx-level-2/categories/2150659861/posts/2159084099,https://www.vfxapprentice.com/products/hand-drawn-2d-fx-level-2/categories/2150659861,Hand-Drawn 2D FX_ Level 2/Integrating FX With a Character - Animation/Holy Avatar/Full Animation Process (Raw Video).html,DOWNLOADED,390224,6.242,
post,First Animation Phase,https://www.vfxapprentice.com/products/hand-drawn-2d-fx-level-2/categories/2150659862/posts/2159084103,https://www.vfxapprentice.com/products/hand-drawn-2d-fx-level-2/categories/2150659862,Hand-Drawn 2D FX_ Level 2/Integrating FX With a Character - Animation/Wind Avatar/First Animation Phase.html,DOWNLOADED,410670,9.750,
post,Shadow Block-in,https://www.vfxapprentice.com/products/hand-drawn-2d-fx-level-2/categories/2150659862/posts/2159084104,https://www.vfxapprentice.com/products/hand-drawn-2d-fx-level-2/categories/2150659862,Hand-Drawn 2D FX_ Level 2/Integrating FX With a Character - Animation/Wind Avatar/Shadow Block-in.html,DOWNLOADED,402718,13.067,
post,Smoke Dissipation,https://www.vfxapprentice.com/products/hand-drawn-2d-fx-level-2/categories/2150659862/posts/2159084106,https://www.vfxapprentice.com/products/hand-drawn-2d-fx-level-2/categories/2150659862,Hand-Drawn 2D FX_ Level 2/Integrating FX With a Character - Animation/Wind Avatar/Smoke Dissipation.html,DOWNLOADED,409940,9.748,
post,Coloring,https://www.vfxapprentice.com/products/hand-drawn-2d-fx-level-2/categories/2150659862/posts/2159084117,https://www.vfxapprentice.com/products/hand-drawn-2d-fx-level-2/categories/2150659862,Hand-Drawn 2D FX_ Level 2/Integrating FX With a Character - Animation/Wind Avatar/Coloring.html,DOWNLOADED,397855,9.735,
post,Animation (Raw Video),https://www.vfxapprentice.com/products/hand-drawn-2d-fx-level-2/categories/2150659862/posts/2159084119,https://www.vfxapprentice.com/products/hand-drawn-2d-fx-level-2/categories/2150659862,Hand-Drawn 2D FX_ Level 2/Integrating FX With a Character - Animation/Wind Avatar/Animation (Raw Video).html,DOWNLOADED,426866,9.714,
post,Shadow Pass (Raw Video),https://www.vfxapprentice.com/products/hand-drawn-2d-fx-level-2/categories/2150659862/posts/2159084120,https://www.vfxapprentice.com/products/hand-drawn-2d-fx-level-2/categories/2150659862,Hand-Drawn 2D FX_ Level 2/Integrating FX With a Character - Animation/Wind Avatar/Shadow Pass (Raw Video).html,DOWNLOADED,397297,6.203,
post,Final Steps & Cleanup (Raw Video),https://www.vfxapprentice.com/products/hand-drawn-2d-fx-level-2/categories/2150659862/posts/2159084125,https://www.vfxapprentice.com/products/hand-drawn-2d-fx-level-2/categories/2150659862,Hand-Drawn 2D FX_ Level 2/Integrating FX With a Character - Animation/Wind Avatar/Final Steps & Cleanup (Raw Video).html,DOWNLOADED,402046,6.174,
post,Coloring (Unnarrated),https://www.vfxapprentice.com/products/hand-drawn-2d-fx-level-2/categories/2150659862/posts/2159084126,https://www.vfxapprentice.com/products/hand-drawn-2d-fx-level-2/categories/2150659862,Hand-Drawn 2D FX_ Level 2/Integrating FX With a Character - Animation/Wind Avatar/Coloring (Unnarrated).html,DOWNLOADED,389327,10.858,
post,Anticipation & Burst,https://www.vfxapprentice.com/products/hand-drawn-2d-fx-level-2/categories/2150659868/posts/2159084129,https://www.vfxapprentice.com/products/hand-drawn-2d-fx-level-2/categories/2150659868,Hand-Drawn 2D FX_ Level 2/Integrating FX With a Character - Animation/Flame Avatar/Anticipation & Burst.html,DOWNLOADED,408849,9.461,
post,Inner Shapes & Color,https://www.vfxapprentice.com/products/hand-drawn-2d-fx-level-2/categories/2150659868/posts/2159084132,https://www.vfxapprentice.com/products/hand-drawn-2d-fx-level-2/categories/2150659868,Hand-Drawn 2D FX_ Level 2/Integrating FX With a Character - Animation/Flame Avatar/Inner Shapes & Color.html,DOWNLOADED,405034,9.725,
post,Animation Process (Raw Video),https://www.vfxapprentice.com/products/hand-drawn-2d-fx-level-2/categories/2150659868/posts/2159084134,https://www.vfxapprentice.com/products/hand-drawn-2d-fx-level-2/categories/2150659868,Hand-Drawn 2D FX_ Level 2/Integrating FX With a Character - Animation/Flame Avatar/Animation Process (Raw Video).html,DOWNLOADED,410247,6.136,
post,Interior Color Shapes (Raw Video),https://www.vfxapprentice.com/products/hand-drawn-2d-fx-level-2/categories/2150659868/posts/2159084135,https://www.vfxapprentice.com/products/hand-drawn-2d-fx-level-2/categories/2150659868,Hand-Drawn 2D FX_ Level 2/Integrating FX With a Character - Animation/Flame Avatar/Interior Color Shapes (Raw Video).html,DOWNLOADED,397357,9.914,
post,Lightning Anticipation,https://www.vfxapprentice.com/products/hand-drawn-2d-fx-level-2/categories/2150659869/posts/2159084143,https://www.vfxapprentice.com/products/hand-drawn-2d-fx-level-2/categories/2150659869,Hand-Drawn 2D FX_ Level 2/Integrating FX With a Character - Animation/Electric Avatar/Lightning Anticipation.html,DOWNLOADED,393625,9.811,
post,Lightning Payoff & Expansion,https://www.vfxapprentice.com/products/hand-drawn-2d-fx-level-2/categories/2150659869/posts/2159084144,https://www.vfxapprentice.com/products/hand-drawn-2d-fx-level-2/categories/2150659869,Hand-Drawn 2D FX_ Level 2/Integrating FX With a Character - Animation/Electric Avatar/Lightning Payoff & Expansion.html,DOWNLOADED,416287,10.202,
post,Full Animation Process (Raw Video),https://www.vfxapprentice.com/products/hand-drawn-2d-fx-level-2/categories/2150659869/posts/2159084146,https://www.vfxapprentice.com/products/hand-drawn-2d-fx-level-2/categories/2150659869,Hand-Drawn 2D FX_ Level 2/Integrating FX With a Character - Animation/Electric Avatar/Full Animation Process (Raw Video).html,DOWNLOADED,412515,9.810,
post,Integrating FX With a Character Review,https://www.vfxapprentice.com/products/hand-drawn-2d-fx-level-2/categories/2150659871/posts/2159084021,https://www.vfxapprentice.com/products/hand-drawn-2d-fx-level-2/categories/2150659871,Hand-Drawn 2D FX_ Level 2/Integrating FX With a Character - Animation/Review/Integrating FX With a Character Review.html,DOWNLOADED,304181,8.137,
post,Cursor Creation,https://www.vfxapprentice.com/products/hand-drawn-2d-fx-level-2/categories/2150660579/posts/2159086764,https://www.vfxapprentice.com/products/hand-drawn-2d-fx-level-2/categories/2150660579,Hand-Drawn 2D FX_ Level 2/Post-Process & Motion Graphics Track/Intro to After Effects/Cursor Creation.html,DOWNLOADED,384694,13.129,
post,Shape Layers & Motion Paths,https://www.vfxapprentice.com/products/hand-drawn-2d-fx-level-2/categories/2150660580/posts/2159086768,https://www.vfxapprentice.com/products/hand-drawn-2d-fx-level-2/categories/2150660580,Hand-Drawn 2D FX_ Level 2/Post-Process & Motion Graphics Track/Text Pops & Wiggles/Shape Layers & Motion Paths.html,DOWNLOADED,390555,6.223,
post,Animated Text,https://www.vfxapprentice.com/products/hand-drawn-2d-fx-level-2/categories/2150660580/posts/2159086769,https://www.vfxapprentice.com/products/hand-drawn-2d-fx-level-2/categories/2150660580,Hand-Drawn 2D FX_ Level 2/Post-Process & Motion Graphics Track/Text Pops & Wiggles/Animated Text.html,DOWNLOADED,400037,9.080,
post,Impact Animations & Finishing Touches,https://www.vfxapprentice.com/products/hand-drawn-2d-fx-level-2/categories/2150660580/posts/2159086791,https://www.vfxapprentice.com/products/hand-drawn-2d-fx-level-2/categories/2150660580,Hand-Drawn 2D FX_ Level 2/Post-Process & Motion Graphics Track/Text Pops & Wiggles/Impact Animations & Finishing Touches.html,DOWNLOADED,391773,9.781,
post,Card Design (Unnarrated),https://www.vfxapprentice.com/products/hand-drawn-2d-fx-level-2/categories/2150660582/posts/2159086793,https://www.vfxapprentice.com/products/hand-drawn-2d-fx-level-2/categories/2150660582,Hand-Drawn 2D FX_ Level 2/Post-Process & Motion Graphics Track/Card Shimmer/Card Design (Unnarrated).html,DOWNLOADED,390799,10.593,
post,Advanced Compositing,https://www.vfxapprentice.com/products/hand-drawn-2d-fx-level-2/categories/2150660582/posts/2159086794,https://www.vfxapprentice.com/products/hand-drawn-2d-fx-level-2/categories/2150660582,Hand-Drawn 2D FX_ Level 2/Post-Process & Motion Graphics Track/Card Shimmer/Advanced Compositing.html,DOWNLOADED,412943,6.298,
post,Animation & Color,https://www.vfxapprentice.com/products/hand-drawn-2d-fx-level-1/categories/2150627663/posts/2158961204,https://www.vfxapprentice.com/products/hand-drawn-2d-fx-level-1/categories/2150627663,Hand-Drawn 2D FX_ Level 1/Medium 2D FX Animation Elemental Studies - Animation/Directional Fire/Animation & Color.html,DOWNLOADED,417023,624.409,
post,Color & Compositing (Raw Video),https://www.vfxapprentice.com/products/hand-drawn-2d-fx-level-2/categories/2150660585/posts/2159086796,https://www.vfxapprentice.com/products/hand-drawn-2d-fx-level-2/categories/2150660585,Hand-Drawn 2D FX_ Level 2/Post-Process & Motion Graphics Track/Heart Bubbles/Color & Compositing (Raw Video).html,DOWNLOADED,394930,6.151,
post,Advanced Compositing Tricks,https://www.vfxapprentice.com/products/hand-drawn-2d-fx-level-2/categories/2150660587/posts/2159086823,https://www.vfxapprentice.com/products/hand-drawn-2d-fx-level-2/categories/2150660587,Hand-Drawn 2D FX_ Level 2/Post-Process & Motion Graphics Track/Goo Orb/Advanced Compositing Tricks.html,DOWNLOADED,406485,6.387,
post,Simple Compositing (Raw Video),https://www.vfxapprentice.com/products/hand-drawn-2d-fx-level-2/categories/2150660588/posts/2159086814,https://www.vfxapprentice.com/products/hand-drawn-2d-fx-level-2/categories/2150660588,Hand-Drawn 2D FX_ Level 2/Post-Process & Motion Graphics Track/Directional Fire/Simple Compositing (Raw Video).html,DOWNLOADED,399800,6.351,
post,Simple Motion Blur (Raw Video),https://www.vfxapprentice.com/products/hand-drawn-2d-fx-level-2/categories/2150660591/posts/2159086817,https://www.vfxapprentice.com/products/hand-drawn-2d-fx-level-2/categories/2150660591,Hand-Drawn 2D FX_ Level 2/Post-Process & Motion Graphics Track/Spiral Smoke Poof/Simple Motion Blur (Raw Video).html,DOWNLOADED,393555,11.893,
post,Simple Compositing for Big Animations (Raw Video),https://www.vfxapprentice.com/products/hand-drawn-2d-fx-level-2/categories/2150660592/posts/2159086820,https://www.vfxapprentice.com/products/hand-drawn-2d-fx-level-2/categories/2150660592,Hand-Drawn 2D FX_ Level 2/Post-Process & Motion Graphics Track/Wind Avatar/Simple Compositing for Big Animations (Raw Video).html,DOWNLOADED,385339,11.320,
post,Animation (Raw Video),https://www.vfxapprentice.com/products/hand-drawn-2d-fx-level-1/categories/2150627663/posts/2158961206,https://www.vfxapprentice.com/products/hand-drawn-2d-fx-level-1/categories/2150627663,Hand-Drawn 2D FX_ Level 1/Medium 2D FX Animation Elemental Studies - Animation/Directional Fire/Animation (Raw Video).html,DOWNLOADED,416046,647.027,
post,Magical Recolor,https://www.vfxapprentice.com/products/hand-drawn-2d-fx-level-2/categories/2150660589/posts/2159086830,https://www.vfxapprentice.com/products/hand-drawn-2d-fx-level-2/categories/2150660589,Hand-Drawn 2D FX_ Level 2/Post-Process & Motion Graphics Track/Flame Avatar/Magical Recolor.html,DOWNLOADED,410861,6.557,
post,Fire Compositing,https://www.vfxapprentice.com/products/hand-drawn-2d-fx-level-2/categories/2150660589/posts/2159086828,https://www.vfxapprentice.com/products/hand-drawn-2d-fx-level-2/categories/2150660589,Hand-Drawn 2D FX_ Level 2/Post-Process & Motion Graphics Track/Flame Avatar/Fire Compositing.html,DOWNLOADED,411954,10.322,
post,Inner Shape & Shadows (Raw Video),https://www.vfxapprentice.com/products/hand-drawn-2d-fx-level-1/categories/2150627661/posts/2158961199,https://www.vfxapprentice.com/products/hand-drawn-2d-fx-level-1/categories/2150627661,Hand-Drawn 2D FX_ Level 1/Medium 2D FX Animation Elemental Studies - Animation/Spiral Smoke Poof/Inner Shape & Shadows (Raw Video).html,DOWNLOADED,412661,669.035,
post,Lense Flare & Glow (Raw Video),https://www.vfxapprentice.com/products/hand-drawn-2d-fx-level-2/categories/2150660595/posts/2159086832,https://www.vfxapprentice.com/products/hand-drawn-2d-fx-level-2/categories/2150660595,Hand-Drawn 2D FX_ Level 2/Post-Process & Motion Graphics Track/Holy Avatar/Lense Flare & Glow (Raw Video).html,DOWNLOADED,414804,11.239,
post,Clean & Pixelated,https://www.vfxapprentice.com/products/hand-drawn-2d-fx-level-2/categories/2150660596/posts/2159086802,https://www.vfxapprentice.com/products/hand-drawn-2d-fx-level-2/categories/2150660596,Hand-Drawn 2D FX_ Level 2/Post-Process & Motion Graphics Track/Toxic Avatar/Clean & Pixelated.html,DOWNLOADED,417253,12.186,
post,Scene Compositing (Raw Video),https://www.vfxapprentice.com/products/hand-drawn-2d-fx-level-2/categories/2150660597/posts/2159086835,https://www.vfxapprentice.com/products/hand-drawn-2d-fx-level-2/categories/2150660597,Hand-Drawn 2D FX_ Level 2/Post-Process & Motion Graphics Track/Electric Avatar/Scene Compositing (Raw Video).html,DOWNLOADED,425821,11.617,
post,Post-Process & Motion Graphics Review,https://www.vfxapprentice.com/products/hand-drawn-2d-fx-level-2/categories/2150660672/posts/2159086604,https://www.vfxapprentice.com/products/hand-drawn-2d-fx-level-2/categories/2150660672,Hand-Drawn 2D FX_ Level 2/Post-Process & Motion Graphics Track/Review/Post-Process & Motion Graphics Review.html,DOWNLOADED,305805,9.782,
post,Overview & Introduction,https://www.vfxapprentice.com/products/hand-drawn-2d-fx-level-2/categories/2150660022/posts/2159084886,https://www.vfxapprentice.com/products/hand-drawn-2d-fx-level-2/categories/2150660022,Hand-Drawn 2D FX_ Level 2/Complex 2D FX Composition Studies - Animation/FX Logo Animation/Overview & Introduction.html,DOWNLOADED,450082,12.403,
post,Logo Setup,https://www.vfxapprentice.com/products/hand-drawn-2d-fx-level-2/categories/2150660022/posts/2159084903,https://www.vfxapprentice.com/products/hand-drawn-2d-fx-level-2/categories/2150660022,Hand-Drawn 2D FX_ Level 2/Complex 2D FX Composition Studies - Animation/FX Logo Animation/Logo Setup.html,DOWNLOADED,426036,12.063,
post,Anticipation Bump,https://www.vfxapprentice.com/products/hand-drawn-2d-fx-level-2/categories/2150660022/posts/2159084928,https://www.vfxapprentice.com/products/hand-drawn-2d-fx-level-2/categories/2150660022,Hand-Drawn 2D FX_ Level 2/Complex 2D FX Composition Studies - Animation/FX Logo Animation/Anticipation Bump.html,DOWNLOADED,415109,11.986,
post,Color Shift,https://www.vfxapprentice.com/products/hand-drawn-2d-fx-level-2/categories/2150660022/posts/2159084942,https://www.vfxapprentice.com/products/hand-drawn-2d-fx-level-2/categories/2150660022,Hand-Drawn 2D FX_ Level 2/Complex 2D FX Composition Studies - Animation/FX Logo Animation/Color Shift.html,DOWNLOADED,437183,10.995,
post,Radial Sparkle,https://www.vfxapprentice.com/products/hand-drawn-2d-fx-level-2/categories/2150660022/posts/2159084970,https://www.vfxapprentice.com/products/hand-drawn-2d-fx-level-2/categories/2150660022,Hand-Drawn 2D FX_ Level 2/Complex 2D FX Composition Studies - Animation/FX Logo Animation/Radial Sparkle.html,DOWNLOADED,479476,8.644,
post,Anticipation Distortion,https://www.vfxapprentice.com/products/hand-drawn-2d-fx-level-2/categories/2150660022/posts/2159084966,https://www.vfxapprentice.com/products/hand-drawn-2d-fx-level-2/categories/2150660022,Hand-Drawn 2D FX_ Level 2/Complex 2D FX Composition Studies - Animation/FX Logo Animation/Anticipation Distortion.html,DOWNLOADED,443532,13.797,
post,Additional Anticipation Effects,https://www.vfxapprentice.com/products/hand-drawn-2d-fx-level-2/categories/2150660022/posts/2159084979,https://www.vfxapprentice.com/products/hand-drawn-2d-fx-level-2/categories/2150660022,Hand-Drawn 2D FX_ Level 2/Complex 2D FX Composition Studies - Animation/FX Logo Animation/Additional Anticipation Effects.html,DOWNLOADED,426487,14.693,
post,Supporting Animation,https://www.vfxapprentice.com/products/hand-drawn-2d-fx-level-2/categories/2150660022/posts/2159084986,https://www.vfxapprentice.com/products/hand-drawn-2d-fx-level-2/categories/2150660022,Hand-Drawn 2D FX_ Level 2/Complex 2D FX Composition Studies - Animation/FX Logo Animation/Supporting Animation.html,DOWNLOADED,439960,13.304,
post,Anticipation Finish,https://www.vfxapprentice.com/products/hand-drawn-2d-fx-level-2/categories/2150660022/posts/2159084994,https://www.vfxapprentice.com/products/hand-drawn-2d-fx-level-2/categories/2150660022,Hand-Drawn 2D FX_ Level 2/Complex 2D FX Composition Studies - Animation/FX Logo Animation/Anticipation Finish.html,DOWNLOADED,437364,13.383,
post,Fire Animation,https://www.vfxapprentice.com/products/hand-drawn-2d-fx-level-2/categories/2150660022/posts/2159085001,https://www.vfxapprentice.com/products/hand-drawn-2d-fx-level-2/categories/2150660022,Hand-Drawn 2D FX_ Level 2/Complex 2D FX Composition Studies - Animation/FX Logo Animation/Fire Animation.html,DOWNLOADED,466625,14.991,
post,Additional Flames & Sparkles,https://www.vfxapprentice.com/products/hand-drawn-2d-fx-level-2/categories/2150660022/posts/2159085009,https://www.vfxapprentice.com/products/hand-drawn-2d-fx-level-2/categories/2150660022,Hand-Drawn 2D FX_ Level 2/Complex 2D FX Composition Studies - Animation/FX Logo Animation/Additional Flames & Sparkles.html,DOWNLOADED,437528,17.984,
post,Lightning Effect,https://www.vfxapprentice.com/products/hand-drawn-2d-fx-level-2/categories/2150660022/posts/2159085018,https://www.vfxapprentice.com/products/hand-drawn-2d-fx-level-2/categories/2150660022,Hand-Drawn 2D FX_ Level 2/Complex 2D FX Composition Studies - Animation/FX Logo Animation/Lightning Effect.html,DOWNLOADED,449898,15.763,
post,Anticipation Lightning Breakdown,https://www.vfxapprentice.com/products/hand-drawn-2d-fx-level-2/categories/2150660022/posts/2159085026,https://www.vfxapprentice.com/products/hand-drawn-2d-fx-level-2/categories/2150660022,Hand-Drawn 2D FX_ Level 2/Complex 2D FX Composition Studies - Animation/FX Logo Animation/Anticipation Lightning Breakdown.html,DOWNLOADED,445739,18.518,
post,Style Target,https://www.vfxapprentice.com/products/hand-drawn-2d-fx-level-2/categories/2150660027/posts/2159084552,https://www.vfxapprentice.com/products/hand-drawn-2d-fx-level-2/categories/2150660027,Hand-Drawn 2D FX_ Level 2/Complex 2D FX Composition Studies - Animation/Explosion Masterclass/Style Target.html,DOWNLOADED,428517,16.688,
post,Rough Buildup & First Expansion,https://www.vfxapprentice.com/products/hand-drawn-2d-fx-level-2/categories/2150660027/posts/2159084557,https://www.vfxapprentice.com/products/hand-drawn-2d-fx-level-2/categories/2150660027,Hand-Drawn 2D FX_ Level 2/Complex 2D FX Composition Studies - Animation/Explosion Masterclass/Rough Buildup & First Expansion.html,DOWNLOADED,475889,15.923,
post,Initial Rough Animation,https://www.vfxapprentice.com/products/hand-drawn-2d-fx-level-2/categories/2150660027/posts/2159084553,https://www.vfxapprentice.com/products/hand-drawn-2d-fx-level-2/categories/2150660027,Hand-Drawn 2D FX_ Level 2/Complex 2D FX Composition Studies - Animation/Explosion Masterclass/Initial Rough Animation.html,DOWNLOADED,448011,16.460,
post,Rough Animation Finish,https://www.vfxapprentice.com/products/hand-drawn-2d-fx-level-2/categories/2150660027/posts/2159084558,https://www.vfxapprentice.com/products/hand-drawn-2d-fx-level-2/categories/2150660027,Hand-Drawn 2D FX_ Level 2/Complex 2D FX Composition Studies - Animation/Explosion Masterclass/Rough Animation Finish.html,DOWNLOADED,442178,16.719,
post,Anticipation Cleanup,https://www.vfxapprentice.com/products/hand-drawn-2d-fx-level-2/categories/2150660027/posts/2159084561,https://www.vfxapprentice.com/products/hand-drawn-2d-fx-level-2/categories/2150660027,Hand-Drawn 2D FX_ Level 2/Complex 2D FX Composition Studies - Animation/Explosion Masterclass/Anticipation Cleanup.html,DOWNLOADED,432794,18.439,
post,Feedback & Revisions,https://www.vfxapprentice.com/products/hand-drawn-2d-fx-level-2/categories/2150660027/posts/2159084633,https://www.vfxapprentice.com/products/hand-drawn-2d-fx-level-2/categories/2150660027,Hand-Drawn 2D FX_ Level 2/Complex 2D FX Composition Studies - Animation/Explosion Masterclass/Feedback & Revisions.html,DOWNLOADED,420232,623.466,
post,Spiral Smoke Cleanup,https://www.vfxapprentice.com/products/hand-drawn-2d-fx-level-2/categories/2150660027/posts/2159084684,https://www.vfxapprentice.com/products/hand-drawn-2d-fx-level-2/categories/2150660027,Hand-Drawn 2D FX_ Level 2/Complex 2D FX Composition Studies - Animation/Explosion Masterclass/Spiral Smoke Cleanup.html,DOWNLOADED,422522,6.427,
post,Cleanup Process: Part 1 (Unnarrated),https://www.vfxapprentice.com/products/hand-drawn-2d-fx-level-2/categories/2150660027/posts/2159084723,https://www.vfxapprentice.com/products/hand-drawn-2d-fx-level-2/categories/2150660027,Hand-Drawn 2D FX_ Level 2/Complex 2D FX Composition Studies - Animation/Explosion Masterclass/Cleanup Process_ Part 1 (Unnarrated).html,DOWNLOADED,433189,6.139,
post,Cleanup Process: Part 2 (Unnarrated),https://www.vfxapprentice.com/products/hand-drawn-2d-fx-level-2/categories/2150660027/posts/2159084752,https://www.vfxapprentice.com/products/hand-drawn-2d-fx-level-2/categories/2150660027,Hand-Drawn 2D FX_ Level 2/Complex 2D FX Composition Studies - Animation/Explosion Masterclass/Cleanup Process_ Part 2 (Unnarrated).html,FAILED_OUTPUT_MISSING,0,5.985,
post,Dissipation Linework & Cleanup,https://www.vfxapprentice.com/products/hand-drawn-2d-fx-level-2/categories/2150660027/posts/2159084780,https://www.vfxapprentice.com/products/hand-drawn-2d-fx-level-2/categories/2150660027,Hand-Drawn 2D FX_ Level 2/Complex 2D FX Composition Studies - Animation/Explosion Masterclass/Dissipation Linework & Cleanup.html,FAILED_OUTPUT_MISSING,0,3.158,
post,Final Cleanup (Unnarrated),https://www.vfxapprentice.com/products/hand-drawn-2d-fx-level-2/categories/2150660027/posts/2159084795,https://www.vfxapprentice.com/products/hand-drawn-2d-fx-level-2/categories/2150660027,Hand-Drawn 2D FX_ Level 2/Complex 2D FX Composition Studies - Animation/Explosion Masterclass/Final Cleanup (Unnarrated).html,DOWNLOADED,429364,9.702,
post,Outro,https://www.vfxapprentice.com/products/hand-drawn-2d-fx-level-2/categories/2150660027/posts/2159084814,https://www.vfxapprentice.com/products/hand-drawn-2d-fx-level-2/categories/2150660027,Hand-Drawn 2D FX_ Level 2/Complex 2D FX Composition Studies - Animation/Explosion Masterclass/Outro.html,FAILED_OUTPUT_MISSING,0,6.086,
post,Expansion Cleanup: Part 3,https://www.vfxapprentice.com/products/hand-drawn-2d-fx-level-2/categories/2150660027/posts/2159084587,https://www.vfxapprentice.com/products/hand-drawn-2d-fx-level-2/categories/2150660027,Hand-Drawn 2D FX_ Level 2/Complex 2D FX Composition Studies - Animation/Explosion Masterclass/Expansion Cleanup_ Part 3.html,DOWNLOADED,423558,669.057,
post,Intro & Course Overview,https://www.vfxapprentice.com/products/hand-drawn-2d-fx-level-2/categories/2153161526/posts/2168823463,https://www.vfxapprentice.com/products/hand-drawn-2d-fx-level-2/categories/2153161526,Hand-Drawn 2D FX_ Level 2/Complex 2D FX Composition Studies - Animation/Ignited - 2D FX Production/Intro & Course Overview.html,FAILED_OUTPUT_MISSING,0,3.289,
post,Idea Blockout & Animatic,https://www.vfxapprentice.com/products/hand-drawn-2d-fx-level-2/categories/2153161526/posts/2168823468,https://www.vfxapprentice.com/products/hand-drawn-2d-fx-level-2/categories/2153161526,Hand-Drawn 2D FX_ Level 2/Complex 2D FX Composition Studies - Animation/Ignited - 2D FX Production/Idea Blockout & Animatic.html,DOWNLOADED,427005,6.161,
post,Rough Animation,https://www.vfxapprentice.com/products/hand-drawn-2d-fx-level-2/categories/2153161526/posts/2168823470,https://www.vfxapprentice.com/products/hand-drawn-2d-fx-level-2/categories/2153161526,Hand-Drawn 2D FX_ Level 2/Complex 2D FX Composition Studies - Animation/Ignited - 2D FX Production/Rough Animation.html,DOWNLOADED,440444,11.310,
post,Refined Animation,https://www.vfxapprentice.com/products/hand-drawn-2d-fx-level-2/categories/2153161526/posts/2168823471,https://www.vfxapprentice.com/products/hand-drawn-2d-fx-level-2/categories/2153161526,Hand-Drawn 2D FX_ Level 2/Complex 2D FX Composition Studies - Animation/Ignited - 2D FX Production/Refined Animation.html,DOWNLOADED,444504,9.475,
post,Backgrounds,https://www.vfxapprentice.com/products/hand-drawn-2d-fx-level-2/categories/2153161526/posts/2168823472,https://www.vfxapprentice.com/products/hand-drawn-2d-fx-level-2/categories/2153161526,Hand-Drawn 2D FX_ Level 2/Complex 2D FX Composition Studies - Animation/Ignited - 2D FX Production/Backgrounds.html,DOWNLOADED,495339,6.262,
post,Complex 2D FX Composition Studies Review,https://www.vfxapprentice.com/products/hand-drawn-2d-fx-level-2/categories/2150660263/posts/2159085220,https://www.vfxapprentice.com/products/hand-drawn-2d-fx-level-2/categories/2150660263,Hand-Drawn 2D FX_ Level 2/Complex 2D FX Composition Studies - Animation/Review/Complex 2D FX Composition Studies Review.html,FAILED_OUTPUT_MISSING,0,3.733,
post,Compositing,https://www.vfxapprentice.com/products/hand-drawn-2d-fx-level-2/categories/2153161526/posts/2168823474,https://www.vfxapprentice.com/products/hand-drawn-2d-fx-level-2/categories/2153161526,Hand-Drawn 2D FX_ Level 2/Complex 2D FX Composition Studies - Animation/Ignited - 2D FX Production/Compositing.html,DOWNLOADED,437209,9.744,
post,Intro & Overview,https://www.vfxapprentice.com/products/hand-crafted-3d-vfx-level-1/categories/2154198428/posts/2172935451,https://www.vfxapprentice.com/products/hand-crafted-3d-vfx-level-1/categories/2154198428,Hand-Crafted 3D VFX_ Level 1/Beginner Guide to VFX/Introduction & Game Development/Intro & Overview.html,DOWNLOADED,460171,6.309,
post,Departments,https://www.vfxapprentice.com/products/hand-crafted-3d-vfx-level-1/categories/2154198428/posts/2172935496,https://www.vfxapprentice.com/products/hand-crafted-3d-vfx-level-1/categories/2154198428,Hand-Crafted 3D VFX_ Level 1/Beginner Guide to VFX/Introduction & Game Development/Departments.html,FAILED_OUTPUT_MISSING,0,7.367,
post,Style,https://www.vfxapprentice.com/products/hand-crafted-3d-vfx-level-1/categories/2154198483/posts/2172935706,https://www.vfxapprentice.com/products/hand-crafted-3d-vfx-level-1/categories/2154198483,"Hand-Crafted 3D VFX_ Level 1/Beginner Guide to VFX/Gameplay, Engines, Platforms/Style.html",DOWNLOADED,501556,6.221,
post,Roles,https://www.vfxapprentice.com/products/hand-crafted-3d-vfx-level-1/categories/2154198428/posts/2172935617,https://www.vfxapprentice.com/products/hand-crafted-3d-vfx-level-1/categories/2154198428,Hand-Crafted 3D VFX_ Level 1/Beginner Guide to VFX/Introduction & Game Development/Roles.html,DOWNLOADED,428480,10.553,
post,Gameplay,https://www.vfxapprentice.com/products/hand-crafted-3d-vfx-level-1/categories/2154198483/posts/2172935707,https://www.vfxapprentice.com/products/hand-crafted-3d-vfx-level-1/categories/2154198483,"Hand-Crafted 3D VFX_ Level 1/Beginner Guide to VFX/Gameplay, Engines, Platforms/Gameplay.html",DOWNLOADED,446325,6.291,
post,Game Engines,https://www.vfxapprentice.com/products/hand-crafted-3d-vfx-level-1/categories/2154198483/posts/2172935709,https://www.vfxapprentice.com/products/hand-crafted-3d-vfx-level-1/categories/2154198483,"Hand-Crafted 3D VFX_ Level 1/Beginner Guide to VFX/Gameplay, Engines, Platforms/Game Engines.html",DOWNLOADED,473578,6.130,
post,Platforms,https://www.vfxapprentice.com/products/hand-crafted-3d-vfx-level-1/categories/2154198483/posts/2172935711,https://www.vfxapprentice.com/products/hand-crafted-3d-vfx-level-1/categories/2154198483,"Hand-Crafted 3D VFX_ Level 1/Beginner Guide to VFX/Gameplay, Engines, Platforms/Platforms.html",DOWNLOADED,448835,6.251,
post,"Textures, Meshes, Shaders",https://www.vfxapprentice.com/products/hand-crafted-3d-vfx-level-1/categories/2154198485/posts/2172935735,https://www.vfxapprentice.com/products/hand-crafted-3d-vfx-level-1/categories/2154198485,"Hand-Crafted 3D VFX_ Level 1/Beginner Guide to VFX/VFX Terminology & Process/Textures, Meshes, Shaders.html",DOWNLOADED,455015,6.242,
post,Pipeline,https://www.vfxapprentice.com/products/hand-crafted-3d-vfx-level-1/categories/2154198485/posts/2172935740,https://www.vfxapprentice.com/products/hand-crafted-3d-vfx-level-1/categories/2154198485,Hand-Crafted 3D VFX_ Level 1/Beginner Guide to VFX/VFX Terminology & Process/Pipeline.html,DOWNLOADED,512986,6.236,
post,Particle Systems,https://www.vfxapprentice.com/products/hand-crafted-3d-vfx-level-1/categories/2154198485/posts/2172935736,https://www.vfxapprentice.com/products/hand-crafted-3d-vfx-level-1/categories/2154198485,Hand-Crafted 3D VFX_ Level 1/Beginner Guide to VFX/VFX Terminology & Process/Particle Systems.html,DOWNLOADED,473378,9.703,
post,Next Steps,https://www.vfxapprentice.com/products/hand-crafted-3d-vfx-level-1/categories/2154198488/posts/2172935745,https://www.vfxapprentice.com/products/hand-crafted-3d-vfx-level-1/categories/2154198488,Hand-Crafted 3D VFX_ Level 1/Beginner Guide to VFX/Next Steps/Next Steps.html,DOWNLOADED,487065,6.178,
post,Tiling Fiery Noise,https://www.vfxapprentice.com/products/hand-crafted-3d-vfx-level-2/categories/2150613640/posts/2158905866,https://www.vfxapprentice.com/products/hand-crafted-3d-vfx-level-2/categories/2150613640,Hand-Crafted 3D VFX_ Level 2/VFX Case Studies - Unreal & Unity/Tiling Fiery Noise/Tiling Fiery Noise.html,FAILED_OUTPUT_MISSING,0,4.474,
post,U&U Fire Explosion Breakdown,https://www.vfxapprentice.com/products/hand-crafted-3d-vfx-level-2/categories/2150613644/posts/2164336947,https://www.vfxapprentice.com/products/hand-crafted-3d-vfx-level-2/categories/2150613644,Hand-Crafted 3D VFX_ Level 2/VFX Case Studies - Unreal & Unity/U&U Fire Explosion Breakdown/U&U Fire Explosion Breakdown.html,FAILED_OUTPUT_MISSING,0,3.818,
post,Offset & Normal Map in Photoshop,https://www.vfxapprentice.com/products/hand-crafted-3d-vfx-level-2/categories/2150613649/posts/2158917899,https://www.vfxapprentice.com/products/hand-crafted-3d-vfx-level-2/categories/2150613649,Hand-Crafted 3D VFX_ Level 2/VFX Case Studies - Unreal & Unity/Wispy Spiral Dissolve Textures/Offset & Normal Map in Photoshop.html,FAILED_OUTPUT_MISSING,0,4.656,
post,Sphere Meshes in Maya,https://www.vfxapprentice.com/products/hand-crafted-3d-vfx-level-2/categories/2150613649/posts/2158906063,https://www.vfxapprentice.com/products/hand-crafted-3d-vfx-level-2/categories/2150613649,Hand-Crafted 3D VFX_ Level 2/VFX Case Studies - Unreal & Unity/Wispy Spiral Dissolve Textures/Sphere Meshes in Maya.html,DOWNLOADED,354565,9.292,
post,Dissolve Map in Photoshop,https://www.vfxapprentice.com/products/hand-crafted-3d-vfx-level-2/categories/2150613649/posts/2158917904,https://www.vfxapprentice.com/products/hand-crafted-3d-vfx-level-2/categories/2150613649,Hand-Crafted 3D VFX_ Level 2/VFX Case Studies - Unreal & Unity/Wispy Spiral Dissolve Textures/Dissolve Map in Photoshop.html,FAILED_OUTPUT_MISSING,0,4.882,
post,U&U Wispy Cloud Breakdown,https://www.vfxapprentice.com/products/hand-crafted-3d-vfx-level-2/categories/2150613650/posts/2164336969,https://www.vfxapprentice.com/products/hand-crafted-3d-vfx-level-2/categories/2150613650,Hand-Crafted 3D VFX_ Level 2/VFX Case Studies - Unreal & Unity/U&U Wispy Cloud Breakdown/U&U Wispy Cloud Breakdown.html,DOWNLOADED,411418,10.324,
post,Lightning Design Phase,https://www.vfxapprentice.com/products/hand-crafted-3d-vfx-level-2/categories/2150771941/posts/2159506250,https://www.vfxapprentice.com/products/hand-crafted-3d-vfx-level-2/categories/2150771941,Hand-Crafted 3D VFX_ Level 2/VFX Case Studies - Unreal & Unity/Zappy Flipbook & Dissolve/Lightning Design Phase.html,DOWNLOADED,459699,6.397,
post,Lightning Inbetween Phase,https://www.vfxapprentice.com/products/hand-crafted-3d-vfx-level-2/categories/2150771941/posts/2159506256,https://www.vfxapprentice.com/products/hand-crafted-3d-vfx-level-2/categories/2150771941,Hand-Crafted 3D VFX_ Level 2/VFX Case Studies - Unreal & Unity/Zappy Flipbook & Dissolve/Lightning Inbetween Phase.html,DOWNLOADED,436267,9.870,
post,Lightning Animation Phase,https://www.vfxapprentice.com/products/hand-crafted-3d-vfx-level-2/categories/2150771941/posts/2159506252,https://www.vfxapprentice.com/products/hand-crafted-3d-vfx-level-2/categories/2150771941,Hand-Crafted 3D VFX_ Level 2/VFX Case Studies - Unreal & Unity/Zappy Flipbook & Dissolve/Lightning Animation Phase.html,DOWNLOADED,499534,11.085,
post,Burst Color Pass,https://www.vfxapprentice.com/products/hand-crafted-3d-vfx-level-2/categories/2150771941/posts/2158906047,https://www.vfxapprentice.com/products/hand-crafted-3d-vfx-level-2/categories/2150771941,Hand-Crafted 3D VFX_ Level 2/VFX Case Studies - Unreal & Unity/Zappy Flipbook & Dissolve/Burst Color Pass.html,FAILED_OUTPUT_MISSING,0,5.870,
post,Burst Gradients,https://www.vfxapprentice.com/products/hand-crafted-3d-vfx-level-2/categories/2150771941/posts/2158917788,https://www.vfxapprentice.com/products/hand-crafted-3d-vfx-level-2/categories/2150771941,Hand-Crafted 3D VFX_ Level 2/VFX Case Studies - Unreal & Unity/Zappy Flipbook & Dissolve/Burst Gradients.html,DOWNLOADED,445498,9.645,
post,U&U Lightning Zap Breakdown,https://www.vfxapprentice.com/products/hand-crafted-3d-vfx-level-2/categories/2150613646/posts/2164336967,https://www.vfxapprentice.com/products/hand-crafted-3d-vfx-level-2/categories/2150613646,Hand-Crafted 3D VFX_ Level 2/VFX Case Studies - Unreal & Unity/U&U Lightning Zap Breakdown/U&U Lightning Zap Breakdown.html,DOWNLOADED,411521,6.453,
post,Bowl Mesh in Maya,https://www.vfxapprentice.com/products/hand-crafted-3d-vfx-level-2/categories/2150613652/posts/2158906068,https://www.vfxapprentice.com/products/hand-crafted-3d-vfx-level-2/categories/2150613652,Hand-Crafted 3D VFX_ Level 2/VFX Case Studies - Unreal & Unity/Gooey Dissolve Material/Bowl Mesh in Maya.html,DOWNLOADED,497999,6.249,
post,Gooey Shape Painting,https://www.vfxapprentice.com/products/hand-crafted-3d-vfx-level-2/categories/2150613652/posts/2158906067,https://www.vfxapprentice.com/products/hand-crafted-3d-vfx-level-2/categories/2150613652,Hand-Crafted 3D VFX_ Level 2/VFX Case Studies - Unreal & Unity/Gooey Dissolve Material/Gooey Shape Painting.html,DOWNLOADED,407977,6.355,
post,Dissolve Map Photoshop Tricks,https://www.vfxapprentice.com/products/hand-crafted-3d-vfx-level-2/categories/2150613652/posts/2158917943,https://www.vfxapprentice.com/products/hand-crafted-3d-vfx-level-2/categories/2150613652,Hand-Crafted 3D VFX_ Level 2/VFX Case Studies - Unreal & Unity/Gooey Dissolve Material/Dissolve Map Photoshop Tricks.html,DOWNLOADED,411677,6.259,
post,Normal Maps,https://www.vfxapprentice.com/products/hand-crafted-3d-vfx-level-2/categories/2150613652/posts/2158917944,https://www.vfxapprentice.com/products/hand-crafted-3d-vfx-level-2/categories/2150613652,Hand-Crafted 3D VFX_ Level 2/VFX Case Studies - Unreal & Unity/Gooey Dissolve Material/Normal Maps.html,DOWNLOADED,498850,9.900,
post,U&U Goo Splat Breakdown,https://www.vfxapprentice.com/products/hand-crafted-3d-vfx-level-2/categories/2150613677/posts/2164342914,https://www.vfxapprentice.com/products/hand-crafted-3d-vfx-level-2/categories/2150613677,Hand-Crafted 3D VFX_ Level 2/VFX Case Studies - Unreal & Unity/U&U Goo Splat Breakdown/U&U Goo Splat Breakdown.html,DOWNLOADED,431971,9.434,
post,Portfolio - Professional Examples,https://www.vfxapprentice.com/products/apprenticeship-level-3/categories/2150661699/posts/2160576159,https://www.vfxapprentice.com/products/apprenticeship-level-3/categories/2150661699,Apprenticeship Level 3/Soft Skills - Explained/Portfolio & Application Planning/Portfolio - Professional Examples.html,DOWNLOADED,441670,6.418,
post,Portfolio - Tips & Tricks,https://www.vfxapprentice.com/products/apprenticeship-level-3/categories/2150661699/posts/2160576156,https://www.vfxapprentice.com/products/apprenticeship-level-3/categories/2150661699,Apprenticeship Level 3/Soft Skills - Explained/Portfolio & Application Planning/Portfolio - Tips & Tricks.html,DOWNLOADED,440792,10.787,
post,Portfolio - Student Review,https://www.vfxapprentice.com/products/apprenticeship-level-3/categories/2150661699/posts/2167480384,https://www.vfxapprentice.com/products/apprenticeship-level-3/categories/2150661699,Apprenticeship Level 3/Soft Skills - Explained/Portfolio & Application Planning/Portfolio - Student Review.html,DOWNLOADED,430742,6.274,
post,Portfolio - Student Review,https://www.vfxapprentice.com/products/apprenticeship-level-3/categories/2150661699/posts/2160576163,https://www.vfxapprentice.com/products/apprenticeship-level-3/categories/2150661699,Apprenticeship Level 3/Soft Skills - Explained/Portfolio & Application Planning/Portfolio - Student Review.html,DOWNLOADED,412060,9.620,
post,Portfolio - Student Review,https://www.vfxapprentice.com/products/apprenticeship-level-3/categories/2150661699/posts/2177007232,https://www.vfxapprentice.com/products/apprenticeship-level-3/categories/2150661699,Apprenticeship Level 3/Soft Skills - Explained/Portfolio & Application Planning/Portfolio - Student Review.html,REPLACED,425381,6.283,
post,Portfolio - Student Review,https://www.vfxapprentice.com/products/apprenticeship-level-3/categories/2150661699/posts/2177827118,https://www.vfxapprentice.com/products/apprenticeship-level-3/categories/2150661699,Apprenticeship Level 3/Soft Skills - Explained/Portfolio & Application Planning/Portfolio - Student Review.html,REPLACED,424200,9.777,
post,Portfolio - Student Review,https://www.vfxapprentice.com/products/apprenticeship-level-3/categories/2150661699/posts/2178731171,https://www.vfxapprentice.com/products/apprenticeship-level-3/categories/2150661699,Apprenticeship Level 3/Soft Skills - Explained/Portfolio & Application Planning/Portfolio - Student Review.html,REPLACED,436102,9.563,
post,Portfolio - Student Review,https://www.vfxapprentice.com/products/apprenticeship-level-3/categories/2150661699/posts/2179656006,https://www.vfxapprentice.com/products/apprenticeship-level-3/categories/2150661699,Apprenticeship Level 3/Soft Skills - Explained/Portfolio & Application Planning/Portfolio - Student Review.html,REPLACED,465349,6.410,
post,Portfolio - Student Review,https://www.vfxapprentice.com/products/apprenticeship-level-3/categories/2150661699/posts/2180554170,https://www.vfxapprentice.com/products/apprenticeship-level-3/categories/2150661699,Apprenticeship Level 3/Soft Skills - Explained/Portfolio & Application Planning/Portfolio - Student Review.html,REPLACED,448516,6.445,
post,Portfolio - Student Review,https://www.vfxapprentice.com/products/apprenticeship-level-3/categories/2150661699/posts/2181491212,https://www.vfxapprentice.com/products/apprenticeship-level-3/categories/2150661699,Apprenticeship Level 3/Soft Skills - Explained/Portfolio & Application Planning/Portfolio - Student Review.html,REPLACED,438347,9.697,
post,Portfolio - Student Review,https://www.vfxapprentice.com/products/apprenticeship-level-3/categories/2150661699/posts/2183004837,https://www.vfxapprentice.com/products/apprenticeship-level-3/categories/2150661699,Apprenticeship Level 3/Soft Skills - Explained/Portfolio & Application Planning/Portfolio - Student Review.html,REPLACED,439274,6.247,
post,Portfolio - Student Review,https://www.vfxapprentice.com/products/apprenticeship-level-3/categories/2150661699/posts/2182158599,https://www.vfxapprentice.com/products/apprenticeship-level-3/categories/2150661699,Apprenticeship Level 3/Soft Skills - Explained/Portfolio & Application Planning/Portfolio - Student Review.html,REPLACED,450011,11.164,
post,Light Magic Sword Trail - Unreal 4,https://www.vfxapprentice.com/products/apprenticeship-level-3/categories/2150661702/posts/2159090681,https://www.vfxapprentice.com/products/apprenticeship-level-3/categories/2150661702,"Apprenticeship Level 3/Sidescroller_ 2D FX, 3D FX & Implementation - Unreal 4/Unreal Sword Swipe Spell/Light Magic Sword Trail - Unreal 4.html",DOWNLOADED,419934,6.203,
post,Soft Skills Review,https://www.vfxapprentice.com/products/apprenticeship-level-3/categories/2151085931/posts/2160576300,https://www.vfxapprentice.com/products/apprenticeship-level-3/categories/2151085931,Apprenticeship Level 3/Soft Skills - Explained/Review/Soft Skills Review.html,DOWNLOADED,301785,8.103,
post,Melee Hit Effect - Unreal 4,https://www.vfxapprentice.com/products/apprenticeship-level-3/categories/2150661702/posts/2159090682,https://www.vfxapprentice.com/products/apprenticeship-level-3/categories/2150661702,"Apprenticeship Level 3/Sidescroller_ 2D FX, 3D FX & Implementation - Unreal 4/Unreal Sword Swipe Spell/Melee Hit Effect - Unreal 4.html",DOWNLOADED,405618,9.919,
post,Windup Particle Setup - Unreal 4,https://www.vfxapprentice.com/products/apprenticeship-level-3/categories/2150661703/posts/2159090915,https://www.vfxapprentice.com/products/apprenticeship-level-3/categories/2150661703,"Apprenticeship Level 3/Sidescroller_ 2D FX, 3D FX & Implementation - Unreal 4/Unreal Fireball Spell/Windup Particle Setup - Unreal 4.html",DOWNLOADED,423698,10.467,
post,Windup Additional Textures - Unreal 4,https://www.vfxapprentice.com/products/apprenticeship-level-3/categories/2150661703/posts/2159090919,https://www.vfxapprentice.com/products/apprenticeship-level-3/categories/2150661703,"Apprenticeship Level 3/Sidescroller_ 2D FX, 3D FX & Implementation - Unreal 4/Unreal Fireball Spell/Windup Additional Textures - Unreal 4.html",DOWNLOADED,413540,6.494,
post,Windup Final Edit - Unreal 4,https://www.vfxapprentice.com/products/apprenticeship-level-3/categories/2150661703/posts/2159090921,https://www.vfxapprentice.com/products/apprenticeship-level-3/categories/2150661703,"Apprenticeship Level 3/Sidescroller_ 2D FX, 3D FX & Implementation - Unreal 4/Unreal Fireball Spell/Windup Final Edit - Unreal 4.html",DOWNLOADED,413378,6.355,
post,Cast Animation - Unreal 4,https://www.vfxapprentice.com/products/apprenticeship-level-3/categories/2150661703/posts/2159090923,https://www.vfxapprentice.com/products/apprenticeship-level-3/categories/2150661703,"Apprenticeship Level 3/Sidescroller_ 2D FX, 3D FX & Implementation - Unreal 4/Unreal Fireball Spell/Cast Animation - Unreal 4.html",DOWNLOADED,438285,6.282,
post,Particle-Based Attempt - Unreal 4,https://www.vfxapprentice.com/products/apprenticeship-level-3/categories/2150661703/posts/2159090922,https://www.vfxapprentice.com/products/apprenticeship-level-3/categories/2150661703,"Apprenticeship Level 3/Sidescroller_ 2D FX, 3D FX & Implementation - Unreal 4/Unreal Fireball Spell/Particle-Based Attempt - Unreal 4.html",DOWNLOADED,412894,10.094,
post,Final Implementation - Unreal 4,https://www.vfxapprentice.com/products/apprenticeship-level-3/categories/2150661703/posts/2159090924,https://www.vfxapprentice.com/products/apprenticeship-level-3/categories/2150661703,"Apprenticeship Level 3/Sidescroller_ 2D FX, 3D FX & Implementation - Unreal 4/Unreal Fireball Spell/Final Implementation - Unreal 4.html",DOWNLOADED,423458,6.567,
post,Animation & Unreal Setup - Unreal 4,https://www.vfxapprentice.com/products/apprenticeship-level-3/categories/2150661703/posts/2159090927,https://www.vfxapprentice.com/products/apprenticeship-level-3/categories/2150661703,"Apprenticeship Level 3/Sidescroller_ 2D FX, 3D FX & Implementation - Unreal 4/Unreal Fireball Spell/Animation & Unreal Setup - Unreal 4.html",DOWNLOADED,400434,10.017,
post,Flipbook Dissolve & Unreal Setup - Unreal 4,https://www.vfxapprentice.com/products/apprenticeship-level-3/categories/2150661703/posts/2159090928,https://www.vfxapprentice.com/products/apprenticeship-level-3/categories/2150661703,"Apprenticeship Level 3/Sidescroller_ 2D FX, 3D FX & Implementation - Unreal 4/Unreal Fireball Spell/Flipbook Dissolve & Unreal Setup - Unreal 4.html",DOWNLOADED,407803,9.622,
post,Smoke Flibook & Unreal Setup - Unreal 4,https://www.vfxapprentice.com/products/apprenticeship-level-3/categories/2150661703/posts/2159090929,https://www.vfxapprentice.com/products/apprenticeship-level-3/categories/2150661703,"Apprenticeship Level 3/Sidescroller_ 2D FX, 3D FX & Implementation - Unreal 4/Unreal Fireball Spell/Smoke Flibook & Unreal Setup - Unreal 4.html",DOWNLOADED,415177,9.831,
post,Base Smoke Animation - Unreal 4,https://www.vfxapprentice.com/products/apprenticeship-level-3/categories/2150661703/posts/2159090932,https://www.vfxapprentice.com/products/apprenticeship-level-3/categories/2150661703,"Apprenticeship Level 3/Sidescroller_ 2D FX, 3D FX & Implementation - Unreal 4/Unreal Fireball Spell/Base Smoke Animation - Unreal 4.html",DOWNLOADED,417218,9.696,
post,Niagara Smoke & Embers - Unreal 4,https://www.vfxapprentice.com/products/apprenticeship-level-3/categories/2150661703/posts/2159090949,https://www.vfxapprentice.com/products/apprenticeship-level-3/categories/2150661703,"Apprenticeship Level 3/Sidescroller_ 2D FX, 3D FX & Implementation - Unreal 4/Unreal Fireball Spell/Niagara Smoke & Embers - Unreal 4.html",DOWNLOADED,459407,9.782,
post,Additional Textures & Meshes - Unreal 4,https://www.vfxapprentice.com/products/apprenticeship-level-3/categories/2150661703/posts/2159090950,https://www.vfxapprentice.com/products/apprenticeship-level-3/categories/2150661703,"Apprenticeship Level 3/Sidescroller_ 2D FX, 3D FX & Implementation - Unreal 4/Unreal Fireball Spell/Additional Textures & Meshes - Unreal 4.html",DOWNLOADED,407199,6.209,
post,Material & Niagara Particle Setup - Unreal 4,https://www.vfxapprentice.com/products/apprenticeship-level-3/categories/2150661703/posts/2159090956,https://www.vfxapprentice.com/products/apprenticeship-level-3/categories/2150661703,"Apprenticeship Level 3/Sidescroller_ 2D FX, 3D FX & Implementation - Unreal 4/Unreal Fireball Spell/Material & Niagara Particle Setup - Unreal 4.html",DOWNLOADED,470727,6.400,
post,Streamers & Finish - Unreal 4,https://www.vfxapprentice.com/products/apprenticeship-level-3/categories/2150661703/posts/2159090959,https://www.vfxapprentice.com/products/apprenticeship-level-3/categories/2150661703,"Apprenticeship Level 3/Sidescroller_ 2D FX, 3D FX & Implementation - Unreal 4/Unreal Fireball Spell/Streamers & Finish - Unreal 4.html",DOWNLOADED,446485,9.758,
post,Introduction & Planning - Unreal 4,https://www.vfxapprentice.com/products/apprenticeship-level-3/categories/2150661704/posts/2159090963,https://www.vfxapprentice.com/products/apprenticeship-level-3/categories/2150661704,"Apprenticeship Level 3/Sidescroller_ 2D FX, 3D FX & Implementation - Unreal 4/Unreal Heal/Introduction & Planning - Unreal 4.html",DOWNLOADED,409015,9.640,
post,Column Flipbook & Mesh - Unreal 4,https://www.vfxapprentice.com/products/apprenticeship-level-3/categories/2150661704/posts/2159090964,https://www.vfxapprentice.com/products/apprenticeship-level-3/categories/2150661704,"Apprenticeship Level 3/Sidescroller_ 2D FX, 3D FX & Implementation - Unreal 4/Unreal Heal/Column Flipbook & Mesh - Unreal 4.html",DOWNLOADED,448632,9.552,
post,Hit Column Unreal Setup - Unreal 4,https://www.vfxapprentice.com/products/apprenticeship-level-3/categories/2150661704/posts/2159090966,https://www.vfxapprentice.com/products/apprenticeship-level-3/categories/2150661704,"Apprenticeship Level 3/Sidescroller_ 2D FX, 3D FX & Implementation - Unreal 4/Unreal Heal/Hit Column Unreal Setup - Unreal 4.html",DOWNLOADED,430677,6.158,
post,Hit Dust Cloud Animation & Setup - Unreal 4,https://www.vfxapprentice.com/products/apprenticeship-level-3/categories/2150661704/posts/2159090968,https://www.vfxapprentice.com/products/apprenticeship-level-3/categories/2150661704,"Apprenticeship Level 3/Sidescroller_ 2D FX, 3D FX & Implementation - Unreal 4/Unreal Heal/Hit Dust Cloud Animation & Setup - Unreal 4.html",DOWNLOADED,424581,6.260,
post,Windup Unreal Setup: Part 1 - Unreal 4,https://www.vfxapprentice.com/products/apprenticeship-level-3/categories/2150661704/posts/2159090969,https://www.vfxapprentice.com/products/apprenticeship-level-3/categories/2150661704,"Apprenticeship Level 3/Sidescroller_ 2D FX, 3D FX & Implementation - Unreal 4/Unreal Heal/Windup Unreal Setup_ Part 1 - Unreal 4.html",DOWNLOADED,427908,9.940,
post,Windup Unreal Setup: Part 2 - Unreal 4,https://www.vfxapprentice.com/products/apprenticeship-level-3/categories/2150661704/posts/2159090971,https://www.vfxapprentice.com/products/apprenticeship-level-3/categories/2150661704,"Apprenticeship Level 3/Sidescroller_ 2D FX, 3D FX & Implementation - Unreal 4/Unreal Heal/Windup Unreal Setup_ Part 2 - Unreal 4.html",DOWNLOADED,385701,6.358,
post,Cast Flipbook Creation,https://www.vfxapprentice.com/products/apprenticeship-level-3/categories/2150661704/posts/2159090973,https://www.vfxapprentice.com/products/apprenticeship-level-3/categories/2150661704,"Apprenticeship Level 3/Sidescroller_ 2D FX, 3D FX & Implementation - Unreal 4/Unreal Heal/Cast Flipbook Creation.html",DOWNLOADED,385774,6.328,
post,Cast Unreal Setup - Unreal 4,https://www.vfxapprentice.com/products/apprenticeship-level-3/categories/2150661704/posts/2159090976,https://www.vfxapprentice.com/products/apprenticeship-level-3/categories/2150661704,"Apprenticeship Level 3/Sidescroller_ 2D FX, 3D FX & Implementation - Unreal 4/Unreal Heal/Cast Unreal Setup - Unreal 4.html",DOWNLOADED,465808,6.320,
post,Cleanup: Flipbooks (Unnarrated),https://www.vfxapprentice.com/products/apprenticeship-level-3/categories/2150661704/posts/2159090977,https://www.vfxapprentice.com/products/apprenticeship-level-3/categories/2150661704,"Apprenticeship Level 3/Sidescroller_ 2D FX, 3D FX & Implementation - Unreal 4/Unreal Heal/Cleanup_ Flipbooks (Unnarrated).html",DOWNLOADED,395679,6.278,
post,Cleanup: Unreal Implementation - Unreal 4,https://www.vfxapprentice.com/products/apprenticeship-level-3/categories/2150661704/posts/2159090978,https://www.vfxapprentice.com/products/apprenticeship-level-3/categories/2150661704,"Apprenticeship Level 3/Sidescroller_ 2D FX, 3D FX & Implementation - Unreal 4/Unreal Heal/Cleanup_ Unreal Implementation - Unreal 4.html",DOWNLOADED,424131,9.785,
post,Revision: Overview - Unreal 4,https://www.vfxapprentice.com/products/apprenticeship-level-3/categories/2150661704/posts/2159090980,https://www.vfxapprentice.com/products/apprenticeship-level-3/categories/2150661704,"Apprenticeship Level 3/Sidescroller_ 2D FX, 3D FX & Implementation - Unreal 4/Unreal Heal/Revision_ Overview - Unreal 4.html",DOWNLOADED,442917,9.605,
post,Revision: Color Concept,https://www.vfxapprentice.com/products/apprenticeship-level-3/categories/2150661704/posts/2159090983,https://www.vfxapprentice.com/products/apprenticeship-level-3/categories/2150661704,"Apprenticeship Level 3/Sidescroller_ 2D FX, 3D FX & Implementation - Unreal 4/Unreal Heal/Revision_ Color Concept.html",DOWNLOADED,445204,9.755,
post,Expansion Cleanup: Part 2 (Unnarrated),https://www.vfxapprentice.com/products/hand-drawn-2d-fx-level-2/categories/2150660027/posts/2159084566,https://www.vfxapprentice.com/products/hand-drawn-2d-fx-level-2/categories/2150660027,Hand-Drawn 2D FX_ Level 2/Complex 2D FX Composition Studies - Animation/Explosion Masterclass/Expansion Cleanup_ Part 2 (Unnarrated).html,DOWNLOADED,434398,985.905,
post,Expansion Cleanup: Part 1,https://www.vfxapprentice.com/products/hand-drawn-2d-fx-level-2/categories/2150660027/posts/2159084564,https://www.vfxapprentice.com/products/hand-drawn-2d-fx-level-2/categories/2150660027,Hand-Drawn 2D FX_ Level 2/Complex 2D FX Composition Studies - Animation/Explosion Masterclass/Expansion Cleanup_ Part 1.html,DOWNLOADED,423799,986.022,
post,Revision: AOE Column - Unreal 4,https://www.vfxapprentice.com/products/apprenticeship-level-3/categories/2150661704/posts/2159090984,https://www.vfxapprentice.com/products/apprenticeship-level-3/categories/2150661704,"Apprenticeship Level 3/Sidescroller_ 2D FX, 3D FX & Implementation - Unreal 4/Unreal Heal/Revision_ AOE Column - Unreal 4.html",DOWNLOADED,475000,10.934,
post,Revision: Windup - Unreal 4,https://www.vfxapprentice.com/products/apprenticeship-level-3/categories/2150661704/posts/2159090987,https://www.vfxapprentice.com/products/apprenticeship-level-3/categories/2150661704,"Apprenticeship Level 3/Sidescroller_ 2D FX, 3D FX & Implementation - Unreal 4/Unreal Heal/Revision_ Windup - Unreal 4.html",DOWNLOADED,465787,9.864,
post,Side Scroller Review,https://www.vfxapprentice.com/products/apprenticeship-level-3/categories/2151123941/posts/2160576309,https://www.vfxapprentice.com/products/apprenticeship-level-3/categories/2151123941,"Apprenticeship Level 3/Sidescroller_ 2D FX, 3D FX & Implementation - Unreal 4/Side Scroller Evaluation/Side Scroller Review.html",DOWNLOADED,302971,6.471,
post,Revision: Cast Effect - Unreal 4,https://www.vfxapprentice.com/products/apprenticeship-level-3/categories/2150661704/posts/2159090990,https://www.vfxapprentice.com/products/apprenticeship-level-3/categories/2150661704,"Apprenticeship Level 3/Sidescroller_ 2D FX, 3D FX & Implementation - Unreal 4/Unreal Heal/Revision_ Cast Effect - Unreal 4.html",DOWNLOADED,439920,10.365,
