type,title,url,parent_url,local_path,status
library,Main Library,https://www.vfxapprentice.com/library,,index.html,DISCOVERED
product,VFX Apprentice Asset Library,https://www.vfxapprentice.com/products/vfx-apprentice-asset-library,https://www.vfxapprentice.com/library,VFX Apprentice Asset Library/index.html,DISCOVERED
product,Hand-Drawn 2D FX: Level 1,https://www.vfxapprentice.com/products/hand-drawn-2d-fx-level-1,https://www.vfxapprentice.com/library,Hand-Drawn 2D FX_ Level 1/index.html,DISCOVERED
product,Hand-Drawn 2D FX: Level 2,https://www.vfxapprentice.com/products/hand-drawn-2d-fx-level-2,https://www.vfxapprentice.com/library,Hand-Drawn 2D FX_ Level 2/index.html,DISCOVERED
product,Hand-Crafted 3D VFX: Level 1,https://www.vfxapprentice.com/products/hand-crafted-3d-vfx-level-1,https://www.vfxapprentice.com/library,Hand-Crafted 3D VFX_ Level 1/index.html,DISCOVERED
product,Hand-Crafted 3D VFX: Level 2,https://www.vfxapprentice.com/products/hand-crafted-3d-vfx-level-2,https://www.vfxapprentice.com/library,Hand-Crafted 3D VFX_ Level 2/index.html,DISCOVERED
product,Apprenticeship Level 3,https://www.vfxapprentice.com/products/apprenticeship-level-3,https://www.vfxapprentice.com/library,Apprenticeship Level 3/index.html,DISCOVERED
category,VFX by Mario Belén,https://www.vfxapprentice.com/products/vfx-apprentice-asset-library/categories/2160299012,https://www.vfxapprentice.com/products/vfx-apprentice-asset-library,VFX Apprentice Asset Library/VFX by Mario Belén/index.html,DISCOVERED
category,VFX by Daryna-Vladyslava Masiahina,https://www.vfxapprentice.com/products/vfx-apprentice-asset-library/categories/2159219593,https://www.vfxapprentice.com/products/vfx-apprentice-asset-library,VFX Apprentice Asset Library/VFX by Daryna-Vladyslava Masiahina/index.html,DISCOVERED
category,VFX by Gustavo Dresch Rosa,https://www.vfxapprentice.com/products/vfx-apprentice-asset-library/categories/2160308178,https://www.vfxapprentice.com/products/vfx-apprentice-asset-library,VFX Apprentice Asset Library/VFX by Gustavo Dresch Rosa/index.html,DISCOVERED
category,VFX by Clovis Lebret,https://www.vfxapprentice.com/products/vfx-apprentice-asset-library/categories/2159932504,https://www.vfxapprentice.com/products/vfx-apprentice-asset-library,VFX Apprentice Asset Library/VFX by Clovis Lebret/index.html,DISCOVERED
category,VFX by Can Bayar,https://www.vfxapprentice.com/products/vfx-apprentice-asset-library/categories/2160214336,https://www.vfxapprentice.com/products/vfx-apprentice-asset-library,VFX Apprentice Asset Library/VFX by Can Bayar/index.html,DISCOVERED
category,VFX by Renate Noel-Tagoe (Insert Cat),https://www.vfxapprentice.com/products/vfx-apprentice-asset-library/categories/2159212997,https://www.vfxapprentice.com/products/vfx-apprentice-asset-library,VFX Apprentice Asset Library/VFX by Renate Noel-Tagoe (Insert Cat)/index.html,DISCOVERED
category,VFX by Harmonie Duquesne,https://www.vfxapprentice.com/products/vfx-apprentice-asset-library/categories/2158772168,https://www.vfxapprentice.com/products/vfx-apprentice-asset-library,VFX Apprentice Asset Library/VFX by Harmonie Duquesne/index.html,DISCOVERED
category,VFX by Katie Stine,https://www.vfxapprentice.com/products/vfx-apprentice-asset-library/categories/2158892723,https://www.vfxapprentice.com/products/vfx-apprentice-asset-library,VFX Apprentice Asset Library/VFX by Katie Stine/index.html,DISCOVERED
category,VFX by Jakub Tkáč,https://www.vfxapprentice.com/products/vfx-apprentice-asset-library/categories/2159389664,https://www.vfxapprentice.com/products/vfx-apprentice-asset-library,VFX Apprentice Asset Library/VFX by Jakub Tkáč/index.html,DISCOVERED
category,VFX by Bruno Ferreira Belício,https://www.vfxapprentice.com/products/vfx-apprentice-asset-library/categories/2159389663,https://www.vfxapprentice.com/products/vfx-apprentice-asset-library,VFX Apprentice Asset Library/VFX by Bruno Ferreira Belício/index.html,DISCOVERED
category,VFX by Martin Blasina,https://www.vfxapprentice.com/products/vfx-apprentice-asset-library/categories/2159728446,https://www.vfxapprentice.com/products/vfx-apprentice-asset-library,VFX Apprentice Asset Library/VFX by Martin Blasina/index.html,DISCOVERED
category,VFX by Orçun Sarı,https://www.vfxapprentice.com/products/vfx-apprentice-asset-library/categories/2158686925,https://www.vfxapprentice.com/products/vfx-apprentice-asset-library,VFX Apprentice Asset Library/VFX by Orçun Sarı/index.html,DISCOVERED
category,VFX by De Andre Martin,https://www.vfxapprentice.com/products/vfx-apprentice-asset-library/categories/2158892725,https://www.vfxapprentice.com/products/vfx-apprentice-asset-library,VFX Apprentice Asset Library/VFX by De Andre Martin/index.html,DISCOVERED
category,FX Design Principles - Explained,https://www.vfxapprentice.com/products/hand-drawn-2d-fx-level-1/categories/2150627140,https://www.vfxapprentice.com/products/hand-drawn-2d-fx-level-1,Hand-Drawn 2D FX_ Level 1/FX Design Principles - Explained/index.html,DISCOVERED
category,FX Timing Principles - Explained,https://www.vfxapprentice.com/products/hand-drawn-2d-fx-level-1/categories/2150627141,https://www.vfxapprentice.com/products/hand-drawn-2d-fx-level-1,Hand-Drawn 2D FX_ Level 1/FX Timing Principles - Explained/index.html,DISCOVERED
category,Animation & Design - Track Overview,https://www.vfxapprentice.com/products/hand-drawn-2d-fx-level-1/categories/2150659695,https://www.vfxapprentice.com/products/hand-drawn-2d-fx-level-1,Hand-Drawn 2D FX_ Level 1/Animation & Design - Track Overview/index.html,DISCOVERED
category,Drawing Foundations - Design,https://www.vfxapprentice.com/products/hand-drawn-2d-fx-level-1/categories/2150627189,https://www.vfxapprentice.com/products/hand-drawn-2d-fx-level-1,Hand-Drawn 2D FX_ Level 1/Drawing Foundations - Design/index.html,DISCOVERED
category,2D Software Introduction - Explained,https://www.vfxapprentice.com/products/hand-drawn-2d-fx-level-1/categories/2153487511,https://www.vfxapprentice.com/products/hand-drawn-2d-fx-level-1,Hand-Drawn 2D FX_ Level 1/2D Software Introduction - Explained/index.html,DISCOVERED
category,2D FX Basics - Animation,https://www.vfxapprentice.com/products/hand-drawn-2d-fx-level-1/categories/2153487517,https://www.vfxapprentice.com/products/hand-drawn-2d-fx-level-1,Hand-Drawn 2D FX_ Level 1/2D FX Basics - Animation/index.html,DISCOVERED
category,Applied Foundations - Animation,https://www.vfxapprentice.com/products/hand-drawn-2d-fx-level-1/categories/2150627211,https://www.vfxapprentice.com/products/hand-drawn-2d-fx-level-1,Hand-Drawn 2D FX_ Level 1/Applied Foundations - Animation/index.html,DISCOVERED
category,Elemental Foundations - Explained,https://www.vfxapprentice.com/products/hand-drawn-2d-fx-level-1/categories/2150627224,https://www.vfxapprentice.com/products/hand-drawn-2d-fx-level-1,Hand-Drawn 2D FX_ Level 1/Elemental Foundations - Explained/index.html,DISCOVERED
category,What To Learn Next? - Track Overview,https://www.vfxapprentice.com/products/hand-drawn-2d-fx-level-1/categories/2150659706,https://www.vfxapprentice.com/products/hand-drawn-2d-fx-level-1,Hand-Drawn 2D FX_ Level 1/What To Learn Next_ - Track Overview/index.html,DISCOVERED
category,Intro to FX Concept Painting - Design,https://www.vfxapprentice.com/products/hand-drawn-2d-fx-level-1/categories/2150627457,https://www.vfxapprentice.com/products/hand-drawn-2d-fx-level-1,Hand-Drawn 2D FX_ Level 1/Intro to FX Concept Painting - Design/index.html,DISCOVERED
category,FX Concept Painting Elemental Studies - Design,https://www.vfxapprentice.com/products/hand-drawn-2d-fx-level-1/categories/2150627636,https://www.vfxapprentice.com/products/hand-drawn-2d-fx-level-1,Hand-Drawn 2D FX_ Level 1/FX Concept Painting Elemental Studies - Design/index.html,DISCOVERED
category,Small 2D FX Animation Studies - Animation,https://www.vfxapprentice.com/products/hand-drawn-2d-fx-level-1/categories/2150627235,https://www.vfxapprentice.com/products/hand-drawn-2d-fx-level-1,Hand-Drawn 2D FX_ Level 1/Small 2D FX Animation Studies - Animation/index.html,DISCOVERED
category,Medium 2D FX Animation Elemental Studies - Animation,https://www.vfxapprentice.com/products/hand-drawn-2d-fx-level-1/categories/2150627657,https://www.vfxapprentice.com/products/hand-drawn-2d-fx-level-1,Hand-Drawn 2D FX_ Level 1/Medium 2D FX Animation Elemental Studies - Animation/index.html,DISCOVERED
category,Level 1 ✅,https://www.vfxapprentice.com/products/hand-drawn-2d-fx-level-1/categories/2150627694,https://www.vfxapprentice.com/products/hand-drawn-2d-fx-level-1,Hand-Drawn 2D FX_ Level 1/Level 1 ✅/index.html,DISCOVERED
category,Paintover Series - Explained,https://www.vfxapprentice.com/products/hand-drawn-2d-fx-level-2/categories/2150659854,https://www.vfxapprentice.com/products/hand-drawn-2d-fx-level-2,Hand-Drawn 2D FX_ Level 2/Paintover Series - Explained/index.html,DISCOVERED
category,Animation & Post-Process - Track Overview,https://www.vfxapprentice.com/products/hand-drawn-2d-fx-level-2/categories/2150659817,https://www.vfxapprentice.com/products/hand-drawn-2d-fx-level-2,Hand-Drawn 2D FX_ Level 2/Animation & Post-Process - Track Overview/index.html,DISCOVERED
category,Integrating FX With a Character - Animation,https://www.vfxapprentice.com/products/hand-drawn-2d-fx-level-2/categories/2150659858,https://www.vfxapprentice.com/products/hand-drawn-2d-fx-level-2,Hand-Drawn 2D FX_ Level 2/Integrating FX With a Character - Animation/index.html,DISCOVERED
category,Post-Process & Motion Graphics Track,https://www.vfxapprentice.com/products/hand-drawn-2d-fx-level-2/categories/2150660577,https://www.vfxapprentice.com/products/hand-drawn-2d-fx-level-2,Hand-Drawn 2D FX_ Level 2/Post-Process & Motion Graphics Track/index.html,DISCOVERED
category,2D FX Meme Lab - Production Styles,https://www.vfxapprentice.com/products/hand-drawn-2d-fx-level-2/categories/2152722227,https://www.vfxapprentice.com/products/hand-drawn-2d-fx-level-2,Hand-Drawn 2D FX_ Level 2/2D FX Meme Lab - Production Styles/index.html,DISCOVERED
category,Complex 2D FX Composition Studies - Animation,https://www.vfxapprentice.com/products/hand-drawn-2d-fx-level-2/categories/2150660021,https://www.vfxapprentice.com/products/hand-drawn-2d-fx-level-2,Hand-Drawn 2D FX_ Level 2/Complex 2D FX Composition Studies - Animation/index.html,DISCOVERED
category,Level 2 ✅,https://www.vfxapprentice.com/products/hand-drawn-2d-fx-level-2/categories/2150660705,https://www.vfxapprentice.com/products/hand-drawn-2d-fx-level-2,Hand-Drawn 2D FX_ Level 2/Level 2 ✅/index.html,DISCOVERED
category,Project - Download,https://www.vfxapprentice.com/products/hand-crafted-3d-vfx-level-1/categories/2151531435,https://www.vfxapprentice.com/products/hand-crafted-3d-vfx-level-1,Hand-Crafted 3D VFX_ Level 1/Project - Download/index.html,DISCOVERED
category,Beginner Guide to VFX,https://www.vfxapprentice.com/products/hand-crafted-3d-vfx-level-1/categories/2154198343,https://www.vfxapprentice.com/products/hand-crafted-3d-vfx-level-1,Hand-Crafted 3D VFX_ Level 1/Beginner Guide to VFX/index.html,DISCOVERED
category,Block-in VFX - Unity,https://www.vfxapprentice.com/products/hand-crafted-3d-vfx-level-1/categories/2150605434,https://www.vfxapprentice.com/products/hand-crafted-3d-vfx-level-1,Hand-Crafted 3D VFX_ Level 1/Block-in VFX - Unity/index.html,DISCOVERED
category,Niagara Block-in VFX - Unreal 5,https://www.vfxapprentice.com/products/hand-crafted-3d-vfx-level-1/categories/2150605378,https://www.vfxapprentice.com/products/hand-crafted-3d-vfx-level-1,Hand-Crafted 3D VFX_ Level 1/Niagara Block-in VFX - Unreal 5/index.html,DISCOVERED
category,Color Theory for VFX,https://www.vfxapprentice.com/products/hand-crafted-3d-vfx-level-1/categories/2150605426,https://www.vfxapprentice.com/products/hand-crafted-3d-vfx-level-1,Hand-Crafted 3D VFX_ Level 1/Color Theory for VFX/index.html,DISCOVERED
category,Intro to Hand-Painted Textures - Krita,https://www.vfxapprentice.com/products/hand-crafted-3d-vfx-level-1/categories/2150605474,https://www.vfxapprentice.com/products/hand-crafted-3d-vfx-level-1,Hand-Crafted 3D VFX_ Level 1/Intro to Hand-Painted Textures - Krita/index.html,DISCOVERED
category,Intro to Procedural Textures - Substance Designer,https://www.vfxapprentice.com/products/hand-crafted-3d-vfx-level-1/categories/2153470807,https://www.vfxapprentice.com/products/hand-crafted-3d-vfx-level-1,Hand-Crafted 3D VFX_ Level 1/Intro to Procedural Textures - Substance Designer/index.html,DISCOVERED
category,Intro to Modeling for VFX - Blender & Maya,https://www.vfxapprentice.com/products/hand-crafted-3d-vfx-level-1/categories/2150605507,https://www.vfxapprentice.com/products/hand-crafted-3d-vfx-level-1,Hand-Crafted 3D VFX_ Level 1/Intro to Modeling for VFX - Blender & Maya/index.html,DISCOVERED
category,Intro to Shaders - Unity,https://www.vfxapprentice.com/products/hand-crafted-3d-vfx-level-1/categories/2153219613,https://www.vfxapprentice.com/products/hand-crafted-3d-vfx-level-1,Hand-Crafted 3D VFX_ Level 1/Intro to Shaders - Unity/index.html,DISCOVERED
category,Intro to Materials - Unreal 5,https://www.vfxapprentice.com/products/hand-crafted-3d-vfx-level-1/categories/2150605515,https://www.vfxapprentice.com/products/hand-crafted-3d-vfx-level-1,Hand-Crafted 3D VFX_ Level 1/Intro to Materials - Unreal 5/index.html,DISCOVERED
category,Art Foundational Lectures - Explained,https://www.vfxapprentice.com/products/hand-crafted-3d-vfx-level-1/categories/2150605523,https://www.vfxapprentice.com/products/hand-crafted-3d-vfx-level-1,Hand-Crafted 3D VFX_ Level 1/Art Foundational Lectures - Explained/index.html,DISCOVERED
category,League of Effects (Fan Art) Breakdowns,https://www.vfxapprentice.com/products/hand-crafted-3d-vfx-level-1/categories/2154198573,https://www.vfxapprentice.com/products/hand-crafted-3d-vfx-level-1,Hand-Crafted 3D VFX_ Level 1/League of Effects (Fan Art) Breakdowns/index.html,DISCOVERED
category,Particle Practices - Community Recordings,https://www.vfxapprentice.com/products/hand-crafted-3d-vfx-level-1/categories/2152650100,https://www.vfxapprentice.com/products/hand-crafted-3d-vfx-level-1,Hand-Crafted 3D VFX_ Level 1/Particle Practices - Community Recordings/index.html,DISCOVERED
category,Elemental Studies - Unity,https://www.vfxapprentice.com/products/hand-crafted-3d-vfx-level-1/categories/2150605572,https://www.vfxapprentice.com/products/hand-crafted-3d-vfx-level-1,Hand-Crafted 3D VFX_ Level 1/Elemental Studies - Unity/index.html,DISCOVERED
category,Elemental Studies - Unreal,https://www.vfxapprentice.com/products/hand-crafted-3d-vfx-level-1/categories/2154231245,https://www.vfxapprentice.com/products/hand-crafted-3d-vfx-level-1,Hand-Crafted 3D VFX_ Level 1/Elemental Studies - Unreal/index.html,DISCOVERED
category,Level 1 ✅,https://www.vfxapprentice.com/products/hand-crafted-3d-vfx-level-1/categories/2150605604,https://www.vfxapprentice.com/products/hand-crafted-3d-vfx-level-1,Hand-Crafted 3D VFX_ Level 1/Level 1 ✅/index.html,DISCOVERED
category,Project - Download,https://www.vfxapprentice.com/products/hand-crafted-3d-vfx-level-2/categories/2151459356,https://www.vfxapprentice.com/products/hand-crafted-3d-vfx-level-2,Hand-Crafted 3D VFX_ Level 2/Project - Download/index.html,DISCOVERED
category,Particle Animation - Explained,https://www.vfxapprentice.com/products/hand-crafted-3d-vfx-level-2/categories/2151459443,https://www.vfxapprentice.com/products/hand-crafted-3d-vfx-level-2,Hand-Crafted 3D VFX_ Level 2/Particle Animation - Explained/index.html,DISCOVERED
category,Unreal & Unity - Track Overview,https://www.vfxapprentice.com/products/hand-crafted-3d-vfx-level-2/categories/2150691176,https://www.vfxapprentice.com/products/hand-crafted-3d-vfx-level-2,Hand-Crafted 3D VFX_ Level 2/Unreal & Unity - Track Overview/index.html,DISCOVERED
category,VFX Case Studies - Unreal & Unity,https://www.vfxapprentice.com/products/hand-crafted-3d-vfx-level-2/categories/2150613163,https://www.vfxapprentice.com/products/hand-crafted-3d-vfx-level-2,Hand-Crafted 3D VFX_ Level 2/VFX Case Studies - Unreal & Unity/index.html,DISCOVERED
category,Unity Booms & Blasts - Legacy,https://www.vfxapprentice.com/products/hand-crafted-3d-vfx-level-2/categories/2150613259,https://www.vfxapprentice.com/products/hand-crafted-3d-vfx-level-2,Hand-Crafted 3D VFX_ Level 2/Unity Booms & Blasts - Legacy/index.html,DISCOVERED
category,Unreal Cascade Booms & Blasts - Legacy,https://www.vfxapprentice.com/products/hand-crafted-3d-vfx-level-2/categories/2150613360,https://www.vfxapprentice.com/products/hand-crafted-3d-vfx-level-2,Hand-Crafted 3D VFX_ Level 2/Unreal Cascade Booms & Blasts - Legacy/index.html,DISCOVERED
category,Level 2 ✅,https://www.vfxapprentice.com/products/hand-crafted-3d-vfx-level-2/categories/2150613450,https://www.vfxapprentice.com/products/hand-crafted-3d-vfx-level-2,Hand-Crafted 3D VFX_ Level 2/Level 2 ✅/index.html,DISCOVERED
category,Project - Download,https://www.vfxapprentice.com/products/apprenticeship-level-3/categories/2151531420,https://www.vfxapprentice.com/products/apprenticeship-level-3,Apprenticeship Level 3/Project - Download/index.html,DISCOVERED
category,Soft Skills - Explained,https://www.vfxapprentice.com/products/apprenticeship-level-3/categories/2150661675,https://www.vfxapprentice.com/products/apprenticeship-level-3,Apprenticeship Level 3/Soft Skills - Explained/index.html,DISCOVERED
category,"Sidescroller: 2D FX, 3D FX & Implementation - Unreal 4",https://www.vfxapprentice.com/products/apprenticeship-level-3/categories/2150661700,https://www.vfxapprentice.com/products/apprenticeship-level-3,"Apprenticeship Level 3/Sidescroller_ 2D FX, 3D FX & Implementation - Unreal 4/index.html",DISCOVERED
category,Production Level Effects - Breakdown,https://www.vfxapprentice.com/products/apprenticeship-level-3/categories/2152376030,https://www.vfxapprentice.com/products/apprenticeship-level-3,Apprenticeship Level 3/Production Level Effects - Breakdown/index.html,DISCOVERED
category,Production Level Effects - Unreal,https://www.vfxapprentice.com/products/apprenticeship-level-3/categories/2152945612,https://www.vfxapprentice.com/products/apprenticeship-level-3,Apprenticeship Level 3/Production Level Effects - Unreal/index.html,DISCOVERED
category,Apprenticeship,https://www.vfxapprentice.com/products/apprenticeship-level-3/categories/2150661743,https://www.vfxapprentice.com/products/apprenticeship-level-3,Apprenticeship Level 3/Apprenticeship/index.html,DISCOVERED
category,Apprenticeship ✅,https://www.vfxapprentice.com/products/apprenticeship-level-3/categories/2151090962,https://www.vfxapprentice.com/products/apprenticeship-level-3,Apprenticeship Level 3/Apprenticeship ✅/index.html,DISCOVERED
post,Project Download,https://www.vfxapprentice.com/products/vfx-apprentice-asset-library/categories/2160299012/posts/2198376946,https://www.vfxapprentice.com/products/vfx-apprentice-asset-library/categories/2160299012,VFX Apprentice Asset Library/VFX by Mario Belén/Project Download.html,DISCOVERED
post,Project Download,https://www.vfxapprentice.com/products/vfx-apprentice-asset-library/categories/2159219593/posts/2194025583,https://www.vfxapprentice.com/products/vfx-apprentice-asset-library/categories/2159219593,VFX Apprentice Asset Library/VFX by Daryna-Vladyslava Masiahina/Project Download.html,DISCOVERED
post,Project Download,https://www.vfxapprentice.com/products/vfx-apprentice-asset-library/categories/2160308178/posts/2198408275,https://www.vfxapprentice.com/products/vfx-apprentice-asset-library/categories/2160308178,VFX Apprentice Asset Library/VFX by Gustavo Dresch Rosa/Project Download.html,DISCOVERED
post,Project Download,https://www.vfxapprentice.com/products/vfx-apprentice-asset-library/categories/2159932504/posts/2196863699,https://www.vfxapprentice.com/products/vfx-apprentice-asset-library/categories/2159932504,VFX Apprentice Asset Library/VFX by Clovis Lebret/Project Download.html,DISCOVERED
post,Project Download,https://www.vfxapprentice.com/products/vfx-apprentice-asset-library/categories/2160214336/posts/2197994713,https://www.vfxapprentice.com/products/vfx-apprentice-asset-library/categories/2160214336,VFX Apprentice Asset Library/VFX by Can Bayar/Project Download.html,DISCOVERED
post,Project Download,https://www.vfxapprentice.com/products/vfx-apprentice-asset-library/categories/2159212997/posts/2194002394,https://www.vfxapprentice.com/products/vfx-apprentice-asset-library/categories/2159212997,VFX Apprentice Asset Library/VFX by Renate Noel-Tagoe (Insert Cat)/Project Download.html,DISCOVERED
post,Project Download,https://www.vfxapprentice.com/products/vfx-apprentice-asset-library/categories/2158772168/posts/2192189829,https://www.vfxapprentice.com/products/vfx-apprentice-asset-library/categories/2158772168,VFX Apprentice Asset Library/VFX by Harmonie Duquesne/Project Download.html,DISCOVERED
post,Project Download,https://www.vfxapprentice.com/products/vfx-apprentice-asset-library/categories/2158892723/posts/2192668720,https://www.vfxapprentice.com/products/vfx-apprentice-asset-library/categories/2158892723,VFX Apprentice Asset Library/VFX by Katie Stine/Project Download.html,DISCOVERED
post,Project Download,https://www.vfxapprentice.com/products/vfx-apprentice-asset-library/categories/2159389664/posts/2194720546,https://www.vfxapprentice.com/products/vfx-apprentice-asset-library/categories/2159389664,VFX Apprentice Asset Library/VFX by Jakub Tkáč/Project Download.html,DISCOVERED
post,Project Download,https://www.vfxapprentice.com/products/vfx-apprentice-asset-library/categories/2159389663/posts/2194720543,https://www.vfxapprentice.com/products/vfx-apprentice-asset-library/categories/2159389663,VFX Apprentice Asset Library/VFX by Bruno Ferreira Belício/Project Download.html,DISCOVERED
post,Project Download,https://www.vfxapprentice.com/products/vfx-apprentice-asset-library/categories/2159728446/posts/2196052417,https://www.vfxapprentice.com/products/vfx-apprentice-asset-library/categories/2159728446,VFX Apprentice Asset Library/VFX by Martin Blasina/Project Download.html,DISCOVERED
post,Project Download,https://www.vfxapprentice.com/products/vfx-apprentice-asset-library/categories/2158686925/posts/2191853781,https://www.vfxapprentice.com/products/vfx-apprentice-asset-library/categories/2158686925,VFX Apprentice Asset Library/VFX by Orçun Sarı/Project Download.html,DISCOVERED
post,Project Download,https://www.vfxapprentice.com/products/vfx-apprentice-asset-library/categories/2158892725/posts/2192668724,https://www.vfxapprentice.com/products/vfx-apprentice-asset-library/categories/2158892725,VFX Apprentice Asset Library/VFX by De Andre Martin/Project Download.html,DISCOVERED
post,Introduction - Dan Elder,https://www.vfxapprentice.com/products/hand-drawn-2d-fx-level-1/categories/2150627140/posts/2158959455,https://www.vfxapprentice.com/products/hand-drawn-2d-fx-level-1/categories/2150627140,Hand-Drawn 2D FX_ Level 1/FX Design Principles - Explained/Introduction - Dan Elder.html,DISCOVERED
post,Intention,https://www.vfxapprentice.com/products/hand-drawn-2d-fx-level-1/categories/2150627140/posts/2158959457,https://www.vfxapprentice.com/products/hand-drawn-2d-fx-level-1/categories/2150627140,Hand-Drawn 2D FX_ Level 1/FX Design Principles - Explained/Intention.html,DISCOVERED
post,Physical Properties,https://www.vfxapprentice.com/products/hand-drawn-2d-fx-level-1/categories/2150627140/posts/2158959458,https://www.vfxapprentice.com/products/hand-drawn-2d-fx-level-1/categories/2150627140,Hand-Drawn 2D FX_ Level 1/FX Design Principles - Explained/Physical Properties.html,DISCOVERED
post,Composition (Staging),https://www.vfxapprentice.com/products/hand-drawn-2d-fx-level-1/categories/2150627140/posts/2158959461,https://www.vfxapprentice.com/products/hand-drawn-2d-fx-level-1/categories/2150627140,Hand-Drawn 2D FX_ Level 1/FX Design Principles - Explained/Composition (Staging).html,DISCOVERED
post,Solid Drawing,https://www.vfxapprentice.com/products/hand-drawn-2d-fx-level-1/categories/2150627140/posts/2158959462,https://www.vfxapprentice.com/products/hand-drawn-2d-fx-level-1/categories/2150627140,Hand-Drawn 2D FX_ Level 1/FX Design Principles - Explained/Solid Drawing.html,DISCOVERED
post,Number of Frames,https://www.vfxapprentice.com/products/hand-drawn-2d-fx-level-1/categories/2150627141/posts/2158959480,https://www.vfxapprentice.com/products/hand-drawn-2d-fx-level-1/categories/2150627141,Hand-Drawn 2D FX_ Level 1/FX Timing Principles - Explained/Number of Frames.html,DISCOVERED
post,Straight-Ahead & Key Framing,https://www.vfxapprentice.com/products/hand-drawn-2d-fx-level-1/categories/2150627141/posts/2158959481,https://www.vfxapprentice.com/products/hand-drawn-2d-fx-level-1/categories/2150627141,Hand-Drawn 2D FX_ Level 1/FX Timing Principles - Explained/Straight-Ahead & Key Framing.html,DISCOVERED
post,Ease In & Ease Out,https://www.vfxapprentice.com/products/hand-drawn-2d-fx-level-1/categories/2150627141/posts/2158959484,https://www.vfxapprentice.com/products/hand-drawn-2d-fx-level-1/categories/2150627141,Hand-Drawn 2D FX_ Level 1/FX Timing Principles - Explained/Ease In & Ease Out.html,DISCOVERED
post,Anticipation,https://www.vfxapprentice.com/products/hand-drawn-2d-fx-level-1/categories/2150627141/posts/2158959485,https://www.vfxapprentice.com/products/hand-drawn-2d-fx-level-1/categories/2150627141,Hand-Drawn 2D FX_ Level 1/FX Timing Principles - Explained/Anticipation.html,DISCOVERED
post,Impulse & Rhythm,https://www.vfxapprentice.com/products/hand-drawn-2d-fx-level-1/categories/2150627141/posts/2158959486,https://www.vfxapprentice.com/products/hand-drawn-2d-fx-level-1/categories/2150627141,Hand-Drawn 2D FX_ Level 1/FX Timing Principles - Explained/Impulse & Rhythm.html,DISCOVERED
post,Follow-through,https://www.vfxapprentice.com/products/hand-drawn-2d-fx-level-1/categories/2150627141/posts/2158959487,https://www.vfxapprentice.com/products/hand-drawn-2d-fx-level-1/categories/2150627141,Hand-Drawn 2D FX_ Level 1/FX Timing Principles - Explained/Follow-through.html,DISCOVERED
post,Arcs,https://www.vfxapprentice.com/products/hand-drawn-2d-fx-level-1/categories/2150627141/posts/2158959488,https://www.vfxapprentice.com/products/hand-drawn-2d-fx-level-1/categories/2150627141,Hand-Drawn 2D FX_ Level 1/FX Timing Principles - Explained/Arcs.html,DISCOVERED
post,Stretch & Smear,https://www.vfxapprentice.com/products/hand-drawn-2d-fx-level-1/categories/2150627141/posts/2158959490,https://www.vfxapprentice.com/products/hand-drawn-2d-fx-level-1/categories/2150627141,Hand-Drawn 2D FX_ Level 1/FX Timing Principles - Explained/Stretch & Smear.html,DISCOVERED
post,Animation and Design Tracks Overview,https://www.vfxapprentice.com/products/hand-drawn-2d-fx-level-1/categories/2150659695/posts/2158959571,https://www.vfxapprentice.com/products/hand-drawn-2d-fx-level-1/categories/2150659695,Hand-Drawn 2D FX_ Level 1/Animation & Design - Track Overview/Animation and Design Tracks Overview.html,DISCOVERED
category,Lesson Sketch,https://www.vfxapprentice.com/products/hand-drawn-2d-fx-level-1/categories/2150627445,https://www.vfxapprentice.com/products/hand-drawn-2d-fx-level-1/categories/2150627189,Hand-Drawn 2D FX_ Level 1/Drawing Foundations - Design/Lesson Sketch/index.html,DISCOVERED
category,Review,https://www.vfxapprentice.com/products/hand-drawn-2d-fx-level-1/categories/2150659699,https://www.vfxapprentice.com/products/hand-drawn-2d-fx-level-1/categories/2150627189,Hand-Drawn 2D FX_ Level 1/Drawing Foundations - Design/Review/index.html,DISCOVERED
post,Drawing with Confidence,https://www.vfxapprentice.com/products/hand-drawn-2d-fx-level-1/categories/2150627189/posts/2158959654,https://www.vfxapprentice.com/products/hand-drawn-2d-fx-level-1/categories/2150627189,Hand-Drawn 2D FX_ Level 1/Drawing Foundations - Design/Drawing with Confidence.html,DISCOVERED
post,Thinking in 3D,https://www.vfxapprentice.com/products/hand-drawn-2d-fx-level-1/categories/2150627189/posts/2158959670,https://www.vfxapprentice.com/products/hand-drawn-2d-fx-level-1/categories/2150627189,Hand-Drawn 2D FX_ Level 1/Drawing Foundations - Design/Thinking in 3D.html,DISCOVERED
post,Drawing in Perspective,https://www.vfxapprentice.com/products/hand-drawn-2d-fx-level-1/categories/2150627189/posts/2158959671,https://www.vfxapprentice.com/products/hand-drawn-2d-fx-level-1/categories/2150627189,Hand-Drawn 2D FX_ Level 1/Drawing Foundations - Design/Drawing in Perspective.html,DISCOVERED
post,Cylinders in Perspective,https://www.vfxapprentice.com/products/hand-drawn-2d-fx-level-1/categories/2150627189/posts/2158959673,https://www.vfxapprentice.com/products/hand-drawn-2d-fx-level-1/categories/2150627189,Hand-Drawn 2D FX_ Level 1/Drawing Foundations - Design/Cylinders in Perspective.html,DISCOVERED
post,Finding the Right Perspective,https://www.vfxapprentice.com/products/hand-drawn-2d-fx-level-1/categories/2150627189/posts/2158959675,https://www.vfxapprentice.com/products/hand-drawn-2d-fx-level-1/categories/2150627189,Hand-Drawn 2D FX_ Level 1/Drawing Foundations - Design/Finding the Right Perspective.html,DISCOVERED
post,Combining Shapes in Perspective,https://www.vfxapprentice.com/products/hand-drawn-2d-fx-level-1/categories/2150627189/posts/2158960367,https://www.vfxapprentice.com/products/hand-drawn-2d-fx-level-1/categories/2150627189,Hand-Drawn 2D FX_ Level 1/Drawing Foundations - Design/Combining Shapes in Perspective.html,DISCOVERED
post,Rotating Shapes in Perspective,https://www.vfxapprentice.com/products/hand-drawn-2d-fx-level-1/categories/2150627189/posts/2158960445,https://www.vfxapprentice.com/products/hand-drawn-2d-fx-level-1/categories/2150627189,Hand-Drawn 2D FX_ Level 1/Drawing Foundations - Design/Rotating Shapes in Perspective.html,DISCOVERED
post,Using Weighted Lines,https://www.vfxapprentice.com/products/hand-drawn-2d-fx-level-1/categories/2150627189/posts/2158960448,https://www.vfxapprentice.com/products/hand-drawn-2d-fx-level-1/categories/2150627189,Hand-Drawn 2D FX_ Level 1/Drawing Foundations - Design/Using Weighted Lines.html,DISCOVERED
post,Drawing From References,https://www.vfxapprentice.com/products/hand-drawn-2d-fx-level-1/categories/2150627189/posts/2158960454,https://www.vfxapprentice.com/products/hand-drawn-2d-fx-level-1/categories/2150627189,Hand-Drawn 2D FX_ Level 1/Drawing Foundations - Design/Drawing From References.html,DISCOVERED
category,Intro to Animate,https://www.vfxapprentice.com/products/hand-drawn-2d-fx-level-1/categories/2150627208,https://www.vfxapprentice.com/products/hand-drawn-2d-fx-level-1/categories/2153487511,Hand-Drawn 2D FX_ Level 1/2D Software Introduction - Explained/Intro to Animate/index.html,DISCOVERED
category,Intro to Harmony,https://www.vfxapprentice.com/products/hand-drawn-2d-fx-level-1/categories/2150627207,https://www.vfxapprentice.com/products/hand-drawn-2d-fx-level-1/categories/2153487511,Hand-Drawn 2D FX_ Level 1/2D Software Introduction - Explained/Intro to Harmony/index.html,DISCOVERED
category,Intro to Photoshop,https://www.vfxapprentice.com/products/hand-drawn-2d-fx-level-1/categories/2150627459,https://www.vfxapprentice.com/products/hand-drawn-2d-fx-level-1/categories/2153487511,Hand-Drawn 2D FX_ Level 1/2D Software Introduction - Explained/Intro to Photoshop/index.html,DISCOVERED
category,Review,https://www.vfxapprentice.com/products/hand-drawn-2d-fx-level-1/categories/2150659703,https://www.vfxapprentice.com/products/hand-drawn-2d-fx-level-1/categories/2153487511,Hand-Drawn 2D FX_ Level 1/2D Software Introduction - Explained/Review/index.html,DISCOVERED
category,2D FX Playbook,https://www.vfxapprentice.com/products/hand-drawn-2d-fx-level-1/categories/2151838203,https://www.vfxapprentice.com/products/hand-drawn-2d-fx-level-1/categories/2153487517,Hand-Drawn 2D FX_ Level 1/2D FX Basics - Animation/2D FX Playbook/index.html,DISCOVERED
category,Review,https://www.vfxapprentice.com/products/hand-drawn-2d-fx-level-1/categories/2153488366,https://www.vfxapprentice.com/products/hand-drawn-2d-fx-level-1/categories/2153487517,Hand-Drawn 2D FX_ Level 1/2D FX Basics - Animation/Review/index.html,DISCOVERED
category,Line Wiggle Warmup,https://www.vfxapprentice.com/products/hand-drawn-2d-fx-level-1/categories/2150627214,https://www.vfxapprentice.com/products/hand-drawn-2d-fx-level-1/categories/2150627211,Hand-Drawn 2D FX_ Level 1/Applied Foundations - Animation/Line Wiggle Warmup/index.html,DISCOVERED
category,Negative Shapes: Blip Animation,https://www.vfxapprentice.com/products/hand-drawn-2d-fx-level-1/categories/2150627215,https://www.vfxapprentice.com/products/hand-drawn-2d-fx-level-1/categories/2150627211,Hand-Drawn 2D FX_ Level 1/Applied Foundations - Animation/Negative Shapes_ Blip Animation/index.html,DISCOVERED
category,Sparkle,https://www.vfxapprentice.com/products/hand-drawn-2d-fx-level-1/categories/2150627217,https://www.vfxapprentice.com/products/hand-drawn-2d-fx-level-1/categories/2150627211,Hand-Drawn 2D FX_ Level 1/Applied Foundations - Animation/Sparkle/index.html,DISCOVERED
category,Abstract Lightning,https://www.vfxapprentice.com/products/hand-drawn-2d-fx-level-1/categories/2150627219,https://www.vfxapprentice.com/products/hand-drawn-2d-fx-level-1/categories/2150627211,Hand-Drawn 2D FX_ Level 1/Applied Foundations - Animation/Abstract Lightning/index.html,DISCOVERED
category,Fireball,https://www.vfxapprentice.com/products/hand-drawn-2d-fx-level-1/categories/2150627220,https://www.vfxapprentice.com/products/hand-drawn-2d-fx-level-1/categories/2150627211,Hand-Drawn 2D FX_ Level 1/Applied Foundations - Animation/Fireball/index.html,DISCOVERED
category,Review,https://www.vfxapprentice.com/products/hand-drawn-2d-fx-level-1/categories/2150659705,https://www.vfxapprentice.com/products/hand-drawn-2d-fx-level-1/categories/2150627211,Hand-Drawn 2D FX_ Level 1/Applied Foundations - Animation/Review/index.html,DISCOVERED
post,Design Commentary,https://www.vfxapprentice.com/products/hand-drawn-2d-fx-level-1/categories/2150627224/posts/2158959755,https://www.vfxapprentice.com/products/hand-drawn-2d-fx-level-1/categories/2150627224,Hand-Drawn 2D FX_ Level 1/Elemental Foundations - Explained/Design Commentary.html,DISCOVERED
post,The Wave Principle,https://www.vfxapprentice.com/products/hand-drawn-2d-fx-level-1/categories/2150627224/posts/2158959757,https://www.vfxapprentice.com/products/hand-drawn-2d-fx-level-1/categories/2150627224,Hand-Drawn 2D FX_ Level 1/Elemental Foundations - Explained/The Wave Principle.html,DISCOVERED
post,Creation & Dissipation,https://www.vfxapprentice.com/products/hand-drawn-2d-fx-level-1/categories/2150627224/posts/2158959760,https://www.vfxapprentice.com/products/hand-drawn-2d-fx-level-1/categories/2150627224,Hand-Drawn 2D FX_ Level 1/Elemental Foundations - Explained/Creation & Dissipation.html,DISCOVERED
post,Cycles,https://www.vfxapprentice.com/products/hand-drawn-2d-fx-level-1/categories/2150627224/posts/2158959765,https://www.vfxapprentice.com/products/hand-drawn-2d-fx-level-1/categories/2150627224,Hand-Drawn 2D FX_ Level 1/Elemental Foundations - Explained/Cycles.html,DISCOVERED
post,Fire,https://www.vfxapprentice.com/products/hand-drawn-2d-fx-level-1/categories/2150627224/posts/2158959771,https://www.vfxapprentice.com/products/hand-drawn-2d-fx-level-1/categories/2150627224,Hand-Drawn 2D FX_ Level 1/Elemental Foundations - Explained/Fire.html,DISCOVERED
post,Water,https://www.vfxapprentice.com/products/hand-drawn-2d-fx-level-1/categories/2150627224/posts/2158959773,https://www.vfxapprentice.com/products/hand-drawn-2d-fx-level-1/categories/2150627224,Hand-Drawn 2D FX_ Level 1/Elemental Foundations - Explained/Water.html,DISCOVERED
post,Smoke & Dust,https://www.vfxapprentice.com/products/hand-drawn-2d-fx-level-1/categories/2150627224/posts/2158959777,https://www.vfxapprentice.com/products/hand-drawn-2d-fx-level-1/categories/2150627224,Hand-Drawn 2D FX_ Level 1/Elemental Foundations - Explained/Smoke & Dust.html,DISCOVERED
post,Lightning & Flash Frames,https://www.vfxapprentice.com/products/hand-drawn-2d-fx-level-1/categories/2150627224/posts/2158959779,https://www.vfxapprentice.com/products/hand-drawn-2d-fx-level-1/categories/2150627224,Hand-Drawn 2D FX_ Level 1/Elemental Foundations - Explained/Lightning & Flash Frames.html,DISCOVERED
post,Debris,https://www.vfxapprentice.com/products/hand-drawn-2d-fx-level-1/categories/2150627224/posts/2158959780,https://www.vfxapprentice.com/products/hand-drawn-2d-fx-level-1/categories/2150627224,Hand-Drawn 2D FX_ Level 1/Elemental Foundations - Explained/Debris.html,DISCOVERED
post,Animation and Design Tracks Overview,https://www.vfxapprentice.com/products/hand-drawn-2d-fx-level-1/categories/2150659706/posts/2158959790,https://www.vfxapprentice.com/products/hand-drawn-2d-fx-level-1/categories/2150659706,Hand-Drawn 2D FX_ Level 1/What To Learn Next_ - Track Overview/Animation and Design Tracks Overview.html,DISCOVERED
category,Painting Techniques,https://www.vfxapprentice.com/products/hand-drawn-2d-fx-level-1/categories/2150627461,https://www.vfxapprentice.com/products/hand-drawn-2d-fx-level-1/categories/2150627457,Hand-Drawn 2D FX_ Level 1/Intro to FX Concept Painting - Design/Painting Techniques/index.html,DISCOVERED
category,Review,https://www.vfxapprentice.com/products/hand-drawn-2d-fx-level-1/categories/2150659772,https://www.vfxapprentice.com/products/hand-drawn-2d-fx-level-1/categories/2150627457,Hand-Drawn 2D FX_ Level 1/Intro to FX Concept Painting - Design/Review/index.html,DISCOVERED
post,Color Foundations Lecture,https://www.vfxapprentice.com/products/hand-drawn-2d-fx-level-1/categories/2150627457/posts/2172714618,https://www.vfxapprentice.com/products/hand-drawn-2d-fx-level-1/categories/2150627457,Hand-Drawn 2D FX_ Level 1/Intro to FX Concept Painting - Design/Color Foundations Lecture.html,DISCOVERED
category,Fire Explosion,https://www.vfxapprentice.com/products/hand-drawn-2d-fx-level-1/categories/2150627650,https://www.vfxapprentice.com/products/hand-drawn-2d-fx-level-1/categories/2150627636,Hand-Drawn 2D FX_ Level 1/FX Concept Painting Elemental Studies - Design/Fire Explosion/index.html,DISCOVERED
category,Wispy Cloud,https://www.vfxapprentice.com/products/hand-drawn-2d-fx-level-1/categories/2150627651,https://www.vfxapprentice.com/products/hand-drawn-2d-fx-level-1/categories/2150627636,Hand-Drawn 2D FX_ Level 1/FX Concept Painting Elemental Studies - Design/Wispy Cloud/index.html,DISCOVERED
category,Lightning Zap,https://www.vfxapprentice.com/products/hand-drawn-2d-fx-level-1/categories/2150627652,https://www.vfxapprentice.com/products/hand-drawn-2d-fx-level-1/categories/2150627636,Hand-Drawn 2D FX_ Level 1/FX Concept Painting Elemental Studies - Design/Lightning Zap/index.html,DISCOVERED
category,Goo Splat,https://www.vfxapprentice.com/products/hand-drawn-2d-fx-level-1/categories/2150627654,https://www.vfxapprentice.com/products/hand-drawn-2d-fx-level-1/categories/2150627636,Hand-Drawn 2D FX_ Level 1/FX Concept Painting Elemental Studies - Design/Goo Splat/index.html,DISCOVERED
category,Sparker & Aquanna Illustration,https://www.vfxapprentice.com/products/hand-drawn-2d-fx-level-1/categories/2150627655,https://www.vfxapprentice.com/products/hand-drawn-2d-fx-level-1/categories/2150627636,Hand-Drawn 2D FX_ Level 1/FX Concept Painting Elemental Studies - Design/Sparker & Aquanna Illustration/index.html,DISCOVERED
category,Review,https://www.vfxapprentice.com/products/hand-drawn-2d-fx-level-1/categories/2150659778,https://www.vfxapprentice.com/products/hand-drawn-2d-fx-level-1/categories/2150627636,Hand-Drawn 2D FX_ Level 1/FX Concept Painting Elemental Studies - Design/Review/index.html,DISCOVERED
category,Light Burst,https://www.vfxapprentice.com/products/hand-drawn-2d-fx-level-1/categories/2150627237,https://www.vfxapprentice.com/products/hand-drawn-2d-fx-level-1/categories/2150627235,Hand-Drawn 2D FX_ Level 1/Small 2D FX Animation Studies - Animation/Light Burst/index.html,DISCOVERED
category,Fire Swoosh,https://www.vfxapprentice.com/products/hand-drawn-2d-fx-level-1/categories/2150627238,https://www.vfxapprentice.com/products/hand-drawn-2d-fx-level-1/categories/2150627235,Hand-Drawn 2D FX_ Level 1/Small 2D FX Animation Studies - Animation/Fire Swoosh/index.html,DISCOVERED
category,Nether Poof,https://www.vfxapprentice.com/products/hand-drawn-2d-fx-level-1/categories/2150627240,https://www.vfxapprentice.com/products/hand-drawn-2d-fx-level-1/categories/2150627235,Hand-Drawn 2D FX_ Level 1/Small 2D FX Animation Studies - Animation/Nether Poof/index.html,DISCOVERED
category,Poison Splat,https://www.vfxapprentice.com/products/hand-drawn-2d-fx-level-1/categories/2150627241,https://www.vfxapprentice.com/products/hand-drawn-2d-fx-level-1/categories/2150627235,Hand-Drawn 2D FX_ Level 1/Small 2D FX Animation Studies - Animation/Poison Splat/index.html,DISCOVERED
category,Dark Zap,https://www.vfxapprentice.com/products/hand-drawn-2d-fx-level-1/categories/2150627242,https://www.vfxapprentice.com/products/hand-drawn-2d-fx-level-1/categories/2150627235,Hand-Drawn 2D FX_ Level 1/Small 2D FX Animation Studies - Animation/Dark Zap/index.html,DISCOVERED
category,Bubbly Charm,https://www.vfxapprentice.com/products/hand-drawn-2d-fx-level-1/categories/2150627243,https://www.vfxapprentice.com/products/hand-drawn-2d-fx-level-1/categories/2150627235,Hand-Drawn 2D FX_ Level 1/Small 2D FX Animation Studies - Animation/Bubbly Charm/index.html,DISCOVERED
category,Cyber Tech Slash,https://www.vfxapprentice.com/products/hand-drawn-2d-fx-level-1/categories/2150627244,https://www.vfxapprentice.com/products/hand-drawn-2d-fx-level-1/categories/2150627235,Hand-Drawn 2D FX_ Level 1/Small 2D FX Animation Studies - Animation/Cyber Tech Slash/index.html,DISCOVERED
category,Review,https://www.vfxapprentice.com/products/hand-drawn-2d-fx-level-1/categories/2150659779,https://www.vfxapprentice.com/products/hand-drawn-2d-fx-level-1/categories/2150627235,Hand-Drawn 2D FX_ Level 1/Small 2D FX Animation Studies - Animation/Review/index.html,DISCOVERED
category,Water Fling,https://www.vfxapprentice.com/products/hand-drawn-2d-fx-level-1/categories/2150627658,https://www.vfxapprentice.com/products/hand-drawn-2d-fx-level-1/categories/2150627657,Hand-Drawn 2D FX_ Level 1/Medium 2D FX Animation Elemental Studies - Animation/Water Fling/index.html,DISCOVERED
category,Goo Orb,https://www.vfxapprentice.com/products/hand-drawn-2d-fx-level-1/categories/2150627660,https://www.vfxapprentice.com/products/hand-drawn-2d-fx-level-1/categories/2150627657,Hand-Drawn 2D FX_ Level 1/Medium 2D FX Animation Elemental Studies - Animation/Goo Orb/index.html,DISCOVERED
category,Spiral Smoke Poof,https://www.vfxapprentice.com/products/hand-drawn-2d-fx-level-1/categories/2150627661,https://www.vfxapprentice.com/products/hand-drawn-2d-fx-level-1/categories/2150627657,Hand-Drawn 2D FX_ Level 1/Medium 2D FX Animation Elemental Studies - Animation/Spiral Smoke Poof/index.html,DISCOVERED
category,Directional Fire,https://www.vfxapprentice.com/products/hand-drawn-2d-fx-level-1/categories/2150627663,https://www.vfxapprentice.com/products/hand-drawn-2d-fx-level-1/categories/2150627657,Hand-Drawn 2D FX_ Level 1/Medium 2D FX Animation Elemental Studies - Animation/Directional Fire/index.html,DISCOVERED
category,Heart Bubbles,https://www.vfxapprentice.com/products/hand-drawn-2d-fx-level-1/categories/2150627664,https://www.vfxapprentice.com/products/hand-drawn-2d-fx-level-1/categories/2150627657,Hand-Drawn 2D FX_ Level 1/Medium 2D FX Animation Elemental Studies - Animation/Heart Bubbles/index.html,DISCOVERED
category,Electric Burst,https://www.vfxapprentice.com/products/hand-drawn-2d-fx-level-1/categories/2150627666,https://www.vfxapprentice.com/products/hand-drawn-2d-fx-level-1/categories/2150627657,Hand-Drawn 2D FX_ Level 1/Medium 2D FX Animation Elemental Studies - Animation/Electric Burst/index.html,DISCOVERED
category,Review,https://www.vfxapprentice.com/products/hand-drawn-2d-fx-level-1/categories/2150659780,https://www.vfxapprentice.com/products/hand-drawn-2d-fx-level-1/categories/2150627657,Hand-Drawn 2D FX_ Level 1/Medium 2D FX Animation Elemental Studies - Animation/Review/index.html,DISCOVERED
post,You made it!,https://www.vfxapprentice.com/products/hand-drawn-2d-fx-level-1/categories/2150627694/posts/2158961252,https://www.vfxapprentice.com/products/hand-drawn-2d-fx-level-1/categories/2150627694,Hand-Drawn 2D FX_ Level 1/Level 1 ✅/You made it!.html,DISCOVERED
post,Lesson Survey,https://www.vfxapprentice.com/products/hand-drawn-2d-fx-level-1/categories/2150627694/posts/2160626438,https://www.vfxapprentice.com/products/hand-drawn-2d-fx-level-1/categories/2150627694,Hand-Drawn 2D FX_ Level 1/Level 1 ✅/Lesson Survey.html,DISCOVERED
post,Anthea Zammit - Paintover,https://www.vfxapprentice.com/products/hand-drawn-2d-fx-level-2/categories/2150659854/posts/2165127362,https://www.vfxapprentice.com/products/hand-drawn-2d-fx-level-2/categories/2150659854,Hand-Drawn 2D FX_ Level 2/Paintover Series - Explained/Anthea Zammit - Paintover.html,DISCOVERED
post,Luke Kimball - Paintover,https://www.vfxapprentice.com/products/hand-drawn-2d-fx-level-2/categories/2150659854/posts/2165127366,https://www.vfxapprentice.com/products/hand-drawn-2d-fx-level-2/categories/2150659854,Hand-Drawn 2D FX_ Level 2/Paintover Series - Explained/Luke Kimball - Paintover.html,DISCOVERED
post,Sandra Femenía  - Paintover,https://www.vfxapprentice.com/products/hand-drawn-2d-fx-level-2/categories/2150659854/posts/2165195631,https://www.vfxapprentice.com/products/hand-drawn-2d-fx-level-2/categories/2150659854,Hand-Drawn 2D FX_ Level 2/Paintover Series - Explained/Sandra Femenía  - Paintover.html,DISCOVERED
post,"Lee ""Zeph"" Parks - Paintover",https://www.vfxapprentice.com/products/hand-drawn-2d-fx-level-2/categories/2150659854/posts/2165301535,https://www.vfxapprentice.com/products/hand-drawn-2d-fx-level-2/categories/2150659854,Hand-Drawn 2D FX_ Level 2/Paintover Series - Explained/Lee _Zeph_ Parks - Paintover.html,DISCOVERED
post,Ethan Wesley Maddix - Paintover,https://www.vfxapprentice.com/products/hand-drawn-2d-fx-level-2/categories/2150659854/posts/2165687614,https://www.vfxapprentice.com/products/hand-drawn-2d-fx-level-2/categories/2150659854,Hand-Drawn 2D FX_ Level 2/Paintover Series - Explained/Ethan Wesley Maddix - Paintover.html,DISCOVERED
post,Paintover Series Review,https://www.vfxapprentice.com/products/hand-drawn-2d-fx-level-2/categories/2150659854/posts/2159083981,https://www.vfxapprentice.com/products/hand-drawn-2d-fx-level-2/categories/2150659854,Hand-Drawn 2D FX_ Level 2/Paintover Series - Explained/Paintover Series Review.html,DISCOVERED
post,Animation and Post-Process Tracks Overview,https://www.vfxapprentice.com/products/hand-drawn-2d-fx-level-2/categories/2150659817/posts/2159083955,https://www.vfxapprentice.com/products/hand-drawn-2d-fx-level-2/categories/2150659817,Hand-Drawn 2D FX_ Level 2/Animation & Post-Process - Track Overview/Animation and Post-Process Tracks Overview.html,DISCOVERED
category,Toxic Avatar,https://www.vfxapprentice.com/products/hand-drawn-2d-fx-level-2/categories/2150659860,https://www.vfxapprentice.com/products/hand-drawn-2d-fx-level-2/categories/2150659858,Hand-Drawn 2D FX_ Level 2/Integrating FX With a Character - Animation/Toxic Avatar/index.html,DISCOVERED
category,Holy Avatar,https://www.vfxapprentice.com/products/hand-drawn-2d-fx-level-2/categories/2150659861,https://www.vfxapprentice.com/products/hand-drawn-2d-fx-level-2/categories/2150659858,Hand-Drawn 2D FX_ Level 2/Integrating FX With a Character - Animation/Holy Avatar/index.html,DISCOVERED
category,Wind Avatar,https://www.vfxapprentice.com/products/hand-drawn-2d-fx-level-2/categories/2150659862,https://www.vfxapprentice.com/products/hand-drawn-2d-fx-level-2/categories/2150659858,Hand-Drawn 2D FX_ Level 2/Integrating FX With a Character - Animation/Wind Avatar/index.html,DISCOVERED
category,Flame Avatar,https://www.vfxapprentice.com/products/hand-drawn-2d-fx-level-2/categories/2150659868,https://www.vfxapprentice.com/products/hand-drawn-2d-fx-level-2/categories/2150659858,Hand-Drawn 2D FX_ Level 2/Integrating FX With a Character - Animation/Flame Avatar/index.html,DISCOVERED
category,Electric Avatar,https://www.vfxapprentice.com/products/hand-drawn-2d-fx-level-2/categories/2150659869,https://www.vfxapprentice.com/products/hand-drawn-2d-fx-level-2/categories/2150659858,Hand-Drawn 2D FX_ Level 2/Integrating FX With a Character - Animation/Electric Avatar/index.html,DISCOVERED
category,Review,https://www.vfxapprentice.com/products/hand-drawn-2d-fx-level-2/categories/2150659871,https://www.vfxapprentice.com/products/hand-drawn-2d-fx-level-2/categories/2150659858,Hand-Drawn 2D FX_ Level 2/Integrating FX With a Character - Animation/Review/index.html,DISCOVERED
category,Intro to After Effects,https://www.vfxapprentice.com/products/hand-drawn-2d-fx-level-2/categories/2150660579,https://www.vfxapprentice.com/products/hand-drawn-2d-fx-level-2/categories/2150660577,Hand-Drawn 2D FX_ Level 2/Post-Process & Motion Graphics Track/Intro to After Effects/index.html,DISCOVERED
category,Text Pops & Wiggles,https://www.vfxapprentice.com/products/hand-drawn-2d-fx-level-2/categories/2150660580,https://www.vfxapprentice.com/products/hand-drawn-2d-fx-level-2/categories/2150660577,Hand-Drawn 2D FX_ Level 2/Post-Process & Motion Graphics Track/Text Pops & Wiggles/index.html,DISCOVERED
category,Card Shimmer,https://www.vfxapprentice.com/products/hand-drawn-2d-fx-level-2/categories/2150660582,https://www.vfxapprentice.com/products/hand-drawn-2d-fx-level-2/categories/2150660577,Hand-Drawn 2D FX_ Level 2/Post-Process & Motion Graphics Track/Card Shimmer/index.html,DISCOVERED
category,Heart Bubbles,https://www.vfxapprentice.com/products/hand-drawn-2d-fx-level-2/categories/2150660585,https://www.vfxapprentice.com/products/hand-drawn-2d-fx-level-2/categories/2150660577,Hand-Drawn 2D FX_ Level 2/Post-Process & Motion Graphics Track/Heart Bubbles/index.html,DISCOVERED
category,Goo Orb,https://www.vfxapprentice.com/products/hand-drawn-2d-fx-level-2/categories/2150660587,https://www.vfxapprentice.com/products/hand-drawn-2d-fx-level-2/categories/2150660577,Hand-Drawn 2D FX_ Level 2/Post-Process & Motion Graphics Track/Goo Orb/index.html,DISCOVERED
category,Directional Fire,https://www.vfxapprentice.com/products/hand-drawn-2d-fx-level-2/categories/2150660588,https://www.vfxapprentice.com/products/hand-drawn-2d-fx-level-2/categories/2150660577,Hand-Drawn 2D FX_ Level 2/Post-Process & Motion Graphics Track/Directional Fire/index.html,DISCOVERED
category,Spiral Smoke Poof,https://www.vfxapprentice.com/products/hand-drawn-2d-fx-level-2/categories/2150660591,https://www.vfxapprentice.com/products/hand-drawn-2d-fx-level-2/categories/2150660577,Hand-Drawn 2D FX_ Level 2/Post-Process & Motion Graphics Track/Spiral Smoke Poof/index.html,DISCOVERED
category,Wind Avatar,https://www.vfxapprentice.com/products/hand-drawn-2d-fx-level-2/categories/2150660592,https://www.vfxapprentice.com/products/hand-drawn-2d-fx-level-2/categories/2150660577,Hand-Drawn 2D FX_ Level 2/Post-Process & Motion Graphics Track/Wind Avatar/index.html,DISCOVERED
category,Flame Avatar,https://www.vfxapprentice.com/products/hand-drawn-2d-fx-level-2/categories/2150660589,https://www.vfxapprentice.com/products/hand-drawn-2d-fx-level-2/categories/2150660577,Hand-Drawn 2D FX_ Level 2/Post-Process & Motion Graphics Track/Flame Avatar/index.html,DISCOVERED
category,Holy Avatar,https://www.vfxapprentice.com/products/hand-drawn-2d-fx-level-2/categories/2150660595,https://www.vfxapprentice.com/products/hand-drawn-2d-fx-level-2/categories/2150660577,Hand-Drawn 2D FX_ Level 2/Post-Process & Motion Graphics Track/Holy Avatar/index.html,DISCOVERED
category,Toxic Avatar,https://www.vfxapprentice.com/products/hand-drawn-2d-fx-level-2/categories/2150660596,https://www.vfxapprentice.com/products/hand-drawn-2d-fx-level-2/categories/2150660577,Hand-Drawn 2D FX_ Level 2/Post-Process & Motion Graphics Track/Toxic Avatar/index.html,DISCOVERED
category,Electric Avatar,https://www.vfxapprentice.com/products/hand-drawn-2d-fx-level-2/categories/2150660597,https://www.vfxapprentice.com/products/hand-drawn-2d-fx-level-2/categories/2150660577,Hand-Drawn 2D FX_ Level 2/Post-Process & Motion Graphics Track/Electric Avatar/index.html,DISCOVERED
category,Review,https://www.vfxapprentice.com/products/hand-drawn-2d-fx-level-2/categories/2150660672,https://www.vfxapprentice.com/products/hand-drawn-2d-fx-level-2/categories/2150660577,Hand-Drawn 2D FX_ Level 2/Post-Process & Motion Graphics Track/Review/index.html,DISCOVERED
post,Intro,https://www.vfxapprentice.com/products/hand-drawn-2d-fx-level-2/categories/2152722227/posts/2166724701,https://www.vfxapprentice.com/products/hand-drawn-2d-fx-level-2/categories/2152722227,Hand-Drawn 2D FX_ Level 2/2D FX Meme Lab - Production Styles/Intro.html,DISCOVERED
post,Budget Shot,https://www.vfxapprentice.com/products/hand-drawn-2d-fx-level-2/categories/2152722227/posts/2166724703,https://www.vfxapprentice.com/products/hand-drawn-2d-fx-level-2/categories/2152722227,Hand-Drawn 2D FX_ Level 2/2D FX Meme Lab - Production Styles/Budget Shot.html,DISCOVERED
post,TV Show: Low Fire,https://www.vfxapprentice.com/products/hand-drawn-2d-fx-level-2/categories/2152722227/posts/2166724706,https://www.vfxapprentice.com/products/hand-drawn-2d-fx-level-2/categories/2152722227,Hand-Drawn 2D FX_ Level 2/2D FX Meme Lab - Production Styles/TV Show_ Low Fire.html,DISCOVERED
post,TV Show: Head Fire,https://www.vfxapprentice.com/products/hand-drawn-2d-fx-level-2/categories/2152722227/posts/2166724709,https://www.vfxapprentice.com/products/hand-drawn-2d-fx-level-2/categories/2152722227,Hand-Drawn 2D FX_ Level 2/2D FX Meme Lab - Production Styles/TV Show_ Head Fire.html,DISCOVERED
post,TV Show: Explosion,https://www.vfxapprentice.com/products/hand-drawn-2d-fx-level-2/categories/2152722227/posts/2166724713,https://www.vfxapprentice.com/products/hand-drawn-2d-fx-level-2/categories/2152722227,Hand-Drawn 2D FX_ Level 2/2D FX Meme Lab - Production Styles/TV Show_ Explosion.html,DISCOVERED
post,High-Budget Fire,https://www.vfxapprentice.com/products/hand-drawn-2d-fx-level-2/categories/2152722227/posts/2166724720,https://www.vfxapprentice.com/products/hand-drawn-2d-fx-level-2/categories/2152722227,Hand-Drawn 2D FX_ Level 2/2D FX Meme Lab - Production Styles/High-Budget Fire.html,DISCOVERED
post,Summary,https://www.vfxapprentice.com/products/hand-drawn-2d-fx-level-2/categories/2152722227/posts/2166724721,https://www.vfxapprentice.com/products/hand-drawn-2d-fx-level-2/categories/2152722227,Hand-Drawn 2D FX_ Level 2/2D FX Meme Lab - Production Styles/Summary.html,DISCOVERED
post,Polish and Closure,https://www.vfxapprentice.com/products/hand-drawn-2d-fx-level-2/categories/2152722227/posts/2166724722,https://www.vfxapprentice.com/products/hand-drawn-2d-fx-level-2/categories/2152722227,Hand-Drawn 2D FX_ Level 2/2D FX Meme Lab - Production Styles/Polish and Closure.html,DISCOVERED
category,FX Logo Animation,https://www.vfxapprentice.com/products/hand-drawn-2d-fx-level-2/categories/2150660022,https://www.vfxapprentice.com/products/hand-drawn-2d-fx-level-2/categories/2150660021,Hand-Drawn 2D FX_ Level 2/Complex 2D FX Composition Studies - Animation/FX Logo Animation/index.html,DISCOVERED
category,Explosion Masterclass,https://www.vfxapprentice.com/products/hand-drawn-2d-fx-level-2/categories/2150660027,https://www.vfxapprentice.com/products/hand-drawn-2d-fx-level-2/categories/2150660021,Hand-Drawn 2D FX_ Level 2/Complex 2D FX Composition Studies - Animation/Explosion Masterclass/index.html,DISCOVERED
category,Ignited - 2D FX Production,https://www.vfxapprentice.com/products/hand-drawn-2d-fx-level-2/categories/2153161526,https://www.vfxapprentice.com/products/hand-drawn-2d-fx-level-2/categories/2150660021,Hand-Drawn 2D FX_ Level 2/Complex 2D FX Composition Studies - Animation/Ignited - 2D FX Production/index.html,DISCOVERED
category,Review,https://www.vfxapprentice.com/products/hand-drawn-2d-fx-level-2/categories/2150660263,https://www.vfxapprentice.com/products/hand-drawn-2d-fx-level-2/categories/2150660021,Hand-Drawn 2D FX_ Level 2/Complex 2D FX Composition Studies - Animation/Review/index.html,DISCOVERED
post,Great job!,https://www.vfxapprentice.com/products/hand-drawn-2d-fx-level-2/categories/2150660705/posts/2159086665,https://www.vfxapprentice.com/products/hand-drawn-2d-fx-level-2/categories/2150660705,Hand-Drawn 2D FX_ Level 2/Level 2 ✅/Great job!.html,DISCOVERED
post,Lesson Survey,https://www.vfxapprentice.com/products/hand-drawn-2d-fx-level-2/categories/2150660705/posts/2160626501,https://www.vfxapprentice.com/products/hand-drawn-2d-fx-level-2/categories/2150660705,Hand-Drawn 2D FX_ Level 2/Level 2 ✅/Lesson Survey.html,DISCOVERED
post,Project Download,https://www.vfxapprentice.com/products/hand-crafted-3d-vfx-level-1/categories/2151531435/posts/2160740828,https://www.vfxapprentice.com/products/hand-crafted-3d-vfx-level-1/categories/2151531435,Hand-Crafted 3D VFX_ Level 1/Project - Download/Project Download.html,DISCOVERED
category,Introduction & Game Development,https://www.vfxapprentice.com/products/hand-crafted-3d-vfx-level-1/categories/2154198428,https://www.vfxapprentice.com/products/hand-crafted-3d-vfx-level-1/categories/2154198343,Hand-Crafted 3D VFX_ Level 1/Beginner Guide to VFX/Introduction & Game Development/index.html,DISCOVERED
category,"Gameplay, Engines, Platforms",https://www.vfxapprentice.com/products/hand-crafted-3d-vfx-level-1/categories/2154198483,https://www.vfxapprentice.com/products/hand-crafted-3d-vfx-level-1/categories/2154198343,"Hand-Crafted 3D VFX_ Level 1/Beginner Guide to VFX/Gameplay, Engines, Platforms/index.html",DISCOVERED
category,VFX Terminology & Process,https://www.vfxapprentice.com/products/hand-crafted-3d-vfx-level-1/categories/2154198485,https://www.vfxapprentice.com/products/hand-crafted-3d-vfx-level-1/categories/2154198343,Hand-Crafted 3D VFX_ Level 1/Beginner Guide to VFX/VFX Terminology & Process/index.html,DISCOVERED
category,Next Steps,https://www.vfxapprentice.com/products/hand-crafted-3d-vfx-level-1/categories/2154198488,https://www.vfxapprentice.com/products/hand-crafted-3d-vfx-level-1/categories/2154198343,Hand-Crafted 3D VFX_ Level 1/Beginner Guide to VFX/Next Steps/index.html,DISCOVERED
post,Intro to Unity: Fire,https://www.vfxapprentice.com/products/hand-crafted-3d-vfx-level-1/categories/2150605434/posts/2162913361,https://www.vfxapprentice.com/products/hand-crafted-3d-vfx-level-1/categories/2150605434,Hand-Crafted 3D VFX_ Level 1/Block-in VFX - Unity/Intro to Unity_ Fire.html,DISCOVERED
post,Hit Impact,https://www.vfxapprentice.com/products/hand-crafted-3d-vfx-level-1/categories/2150605434/posts/2162913365,https://www.vfxapprentice.com/products/hand-crafted-3d-vfx-level-1/categories/2150605434,Hand-Crafted 3D VFX_ Level 1/Block-in VFX - Unity/Hit Impact.html,DISCOVERED
post,Healing Loop,https://www.vfxapprentice.com/products/hand-crafted-3d-vfx-level-1/categories/2150605434/posts/2162913370,https://www.vfxapprentice.com/products/hand-crafted-3d-vfx-level-1/categories/2150605434,Hand-Crafted 3D VFX_ Level 1/Block-in VFX - Unity/Healing Loop.html,DISCOVERED
post,Explosion,https://www.vfxapprentice.com/products/hand-crafted-3d-vfx-level-1/categories/2150605434/posts/2163552123,https://www.vfxapprentice.com/products/hand-crafted-3d-vfx-level-1/categories/2150605434,Hand-Crafted 3D VFX_ Level 1/Block-in VFX - Unity/Explosion.html,DISCOVERED
post,Missile,https://www.vfxapprentice.com/products/hand-crafted-3d-vfx-level-1/categories/2150605434/posts/2163669309,https://www.vfxapprentice.com/products/hand-crafted-3d-vfx-level-1/categories/2150605434,Hand-Crafted 3D VFX_ Level 1/Block-in VFX - Unity/Missile.html,DISCOVERED
post,Missile - Timeline Setup,https://www.vfxapprentice.com/products/hand-crafted-3d-vfx-level-1/categories/2150605434/posts/2163669313,https://www.vfxapprentice.com/products/hand-crafted-3d-vfx-level-1/categories/2150605434,Hand-Crafted 3D VFX_ Level 1/Block-in VFX - Unity/Missile - Timeline Setup.html,DISCOVERED
post,Unity Introduction Review,https://www.vfxapprentice.com/products/hand-crafted-3d-vfx-level-1/categories/2150605434/posts/2159191363,https://www.vfxapprentice.com/products/hand-crafted-3d-vfx-level-1/categories/2150605434,Hand-Crafted 3D VFX_ Level 1/Block-in VFX - Unity/Unity Introduction Review.html,DISCOVERED
post,Intro to Niagara: Fire,https://www.vfxapprentice.com/products/hand-crafted-3d-vfx-level-1/categories/2150605378/posts/2158878419,https://www.vfxapprentice.com/products/hand-crafted-3d-vfx-level-1/categories/2150605378,Hand-Crafted 3D VFX_ Level 1/Niagara Block-in VFX - Unreal 5/Intro to Niagara_ Fire.html,DISCOVERED
post,Item Aura & Visual Hierarchy,https://www.vfxapprentice.com/products/hand-crafted-3d-vfx-level-1/categories/2150605378/posts/2158878432,https://www.vfxapprentice.com/products/hand-crafted-3d-vfx-level-1/categories/2150605378,Hand-Crafted 3D VFX_ Level 1/Niagara Block-in VFX - Unreal 5/Item Aura & Visual Hierarchy.html,DISCOVERED
post,Tech & Tools,https://www.vfxapprentice.com/products/hand-crafted-3d-vfx-level-1/categories/2150605378/posts/2162581548,https://www.vfxapprentice.com/products/hand-crafted-3d-vfx-level-1/categories/2150605378,Hand-Crafted 3D VFX_ Level 1/Niagara Block-in VFX - Unreal 5/Tech & Tools.html,DISCOVERED
post,Block-in Overview,https://www.vfxapprentice.com/products/hand-crafted-3d-vfx-level-1/categories/2150605378/posts/2162581558,https://www.vfxapprentice.com/products/hand-crafted-3d-vfx-level-1/categories/2150605378,Hand-Crafted 3D VFX_ Level 1/Niagara Block-in VFX - Unreal 5/Block-in Overview.html,DISCOVERED
post,Damage Impact - Timing & Punch,https://www.vfxapprentice.com/products/hand-crafted-3d-vfx-level-1/categories/2150605378/posts/2158878433,https://www.vfxapprentice.com/products/hand-crafted-3d-vfx-level-1/categories/2150605378,Hand-Crafted 3D VFX_ Level 1/Niagara Block-in VFX - Unreal 5/Damage Impact - Timing & Punch.html,DISCOVERED
post,Heal Impacts - Arcs & Ease In/Out,https://www.vfxapprentice.com/products/hand-crafted-3d-vfx-level-1/categories/2150605378/posts/2158878434,https://www.vfxapprentice.com/products/hand-crafted-3d-vfx-level-1/categories/2150605378,Hand-Crafted 3D VFX_ Level 1/Niagara Block-in VFX - Unreal 5/Heal Impacts - Arcs & Ease In_Out.html,DISCOVERED
post,Missile Wind-up & Impact,https://www.vfxapprentice.com/products/hand-crafted-3d-vfx-level-1/categories/2150605378/posts/2158878435,https://www.vfxapprentice.com/products/hand-crafted-3d-vfx-level-1/categories/2150605378,Hand-Crafted 3D VFX_ Level 1/Niagara Block-in VFX - Unreal 5/Missile Wind-up & Impact.html,DISCOVERED
post,Sequencer Addendum - Projectile Setup for Games,https://www.vfxapprentice.com/products/hand-crafted-3d-vfx-level-1/categories/2150605378/posts/2162581574,https://www.vfxapprentice.com/products/hand-crafted-3d-vfx-level-1/categories/2150605378,Hand-Crafted 3D VFX_ Level 1/Niagara Block-in VFX - Unreal 5/Sequencer Addendum - Projectile Setup for Games.html,DISCOVERED
post,"Explosion AoE - Anticipation, Impulse, & Rhythm",https://www.vfxapprentice.com/products/hand-crafted-3d-vfx-level-1/categories/2150605378/posts/2158878449,https://www.vfxapprentice.com/products/hand-crafted-3d-vfx-level-1/categories/2150605378,"Hand-Crafted 3D VFX_ Level 1/Niagara Block-in VFX - Unreal 5/Explosion AoE - Anticipation, Impulse, & Rhythm.html",DISCOVERED
post,Niagara Review,https://www.vfxapprentice.com/products/hand-crafted-3d-vfx-level-1/categories/2150605378/posts/2159191397,https://www.vfxapprentice.com/products/hand-crafted-3d-vfx-level-1/categories/2150605378,Hand-Crafted 3D VFX_ Level 1/Niagara Block-in VFX - Unreal 5/Niagara Review.html,DISCOVERED
post,Intro & RGB Color Wheel,https://www.vfxapprentice.com/products/hand-crafted-3d-vfx-level-1/categories/2150605426/posts/2158878594,https://www.vfxapprentice.com/products/hand-crafted-3d-vfx-level-1/categories/2150605426,Hand-Crafted 3D VFX_ Level 1/Color Theory for VFX/Intro & RGB Color Wheel.html,DISCOVERED
post,Color Value,https://www.vfxapprentice.com/products/hand-crafted-3d-vfx-level-1/categories/2150605426/posts/2158878596,https://www.vfxapprentice.com/products/hand-crafted-3d-vfx-level-1/categories/2150605426,Hand-Crafted 3D VFX_ Level 1/Color Theory for VFX/Color Value.html,DISCOVERED
post,Saturation & Hue,https://www.vfxapprentice.com/products/hand-crafted-3d-vfx-level-1/categories/2150605426/posts/2158878597,https://www.vfxapprentice.com/products/hand-crafted-3d-vfx-level-1/categories/2150605426,Hand-Crafted 3D VFX_ Level 1/Color Theory for VFX/Saturation & Hue.html,DISCOVERED
post,Temperature & Palettes,https://www.vfxapprentice.com/products/hand-crafted-3d-vfx-level-1/categories/2150605426/posts/2158878599,https://www.vfxapprentice.com/products/hand-crafted-3d-vfx-level-1/categories/2150605426,Hand-Crafted 3D VFX_ Level 1/Color Theory for VFX/Temperature & Palettes.html,DISCOVERED
post,Addition,https://www.vfxapprentice.com/products/hand-crafted-3d-vfx-level-1/categories/2150605426/posts/2158878601,https://www.vfxapprentice.com/products/hand-crafted-3d-vfx-level-1/categories/2150605426,Hand-Crafted 3D VFX_ Level 1/Color Theory for VFX/Addition.html,DISCOVERED
post,Restraint & Readability,https://www.vfxapprentice.com/products/hand-crafted-3d-vfx-level-1/categories/2150605426/posts/2158878603,https://www.vfxapprentice.com/products/hand-crafted-3d-vfx-level-1/categories/2150605426,Hand-Crafted 3D VFX_ Level 1/Color Theory for VFX/Restraint & Readability.html,DISCOVERED
post,Intro to Krita,https://www.vfxapprentice.com/products/hand-crafted-3d-vfx-level-1/categories/2150605474/posts/2158878644,https://www.vfxapprentice.com/products/hand-crafted-3d-vfx-level-1/categories/2150605474,Hand-Crafted 3D VFX_ Level 1/Intro to Hand-Painted Textures - Krita/Intro to Krita.html,DISCOVERED
post,Impact Flair,https://www.vfxapprentice.com/products/hand-crafted-3d-vfx-level-1/categories/2150605474/posts/2158878645,https://www.vfxapprentice.com/products/hand-crafted-3d-vfx-level-1/categories/2150605474,Hand-Crafted 3D VFX_ Level 1/Intro to Hand-Painted Textures - Krita/Impact Flair.html,DISCOVERED
post,Ring,https://www.vfxapprentice.com/products/hand-crafted-3d-vfx-level-1/categories/2150605474/posts/2158878646,https://www.vfxapprentice.com/products/hand-crafted-3d-vfx-level-1/categories/2150605474,Hand-Crafted 3D VFX_ Level 1/Intro to Hand-Painted Textures - Krita/Ring.html,DISCOVERED
post,Embers Sprite Sheet,https://www.vfxapprentice.com/products/hand-crafted-3d-vfx-level-1/categories/2150605474/posts/2158878647,https://www.vfxapprentice.com/products/hand-crafted-3d-vfx-level-1/categories/2150605474,Hand-Crafted 3D VFX_ Level 1/Intro to Hand-Painted Textures - Krita/Embers Sprite Sheet.html,DISCOVERED
post,Zap Sprite Sheet,https://www.vfxapprentice.com/products/hand-crafted-3d-vfx-level-1/categories/2150605474/posts/2158878648,https://www.vfxapprentice.com/products/hand-crafted-3d-vfx-level-1/categories/2150605474,Hand-Crafted 3D VFX_ Level 1/Intro to Hand-Painted Textures - Krita/Zap Sprite Sheet.html,DISCOVERED
post,Wisp Sprite Sheet,https://www.vfxapprentice.com/products/hand-crafted-3d-vfx-level-1/categories/2150605474/posts/2158878649,https://www.vfxapprentice.com/products/hand-crafted-3d-vfx-level-1/categories/2150605474,Hand-Crafted 3D VFX_ Level 1/Intro to Hand-Painted Textures - Krita/Wisp Sprite Sheet.html,DISCOVERED
post,Liquid Splatter,https://www.vfxapprentice.com/products/hand-crafted-3d-vfx-level-1/categories/2150605474/posts/2158878651,https://www.vfxapprentice.com/products/hand-crafted-3d-vfx-level-1/categories/2150605474,Hand-Crafted 3D VFX_ Level 1/Intro to Hand-Painted Textures - Krita/Liquid Splatter.html,DISCOVERED
post,Tiling Noise,https://www.vfxapprentice.com/products/hand-crafted-3d-vfx-level-1/categories/2150605474/posts/2158878652,https://www.vfxapprentice.com/products/hand-crafted-3d-vfx-level-1/categories/2150605474,Hand-Crafted 3D VFX_ Level 1/Intro to Hand-Painted Textures - Krita/Tiling Noise.html,DISCOVERED
post,Tiling Trail,https://www.vfxapprentice.com/products/hand-crafted-3d-vfx-level-1/categories/2150605474/posts/2158878653,https://www.vfxapprentice.com/products/hand-crafted-3d-vfx-level-1/categories/2150605474,Hand-Crafted 3D VFX_ Level 1/Intro to Hand-Painted Textures - Krita/Tiling Trail.html,DISCOVERED
post,Hand Painted Textures Review,https://www.vfxapprentice.com/products/hand-crafted-3d-vfx-level-1/categories/2150605474/posts/2159191545,https://www.vfxapprentice.com/products/hand-crafted-3d-vfx-level-1/categories/2150605474,Hand-Crafted 3D VFX_ Level 1/Intro to Hand-Painted Textures - Krita/Hand Painted Textures Review.html,DISCOVERED
post,Intro to Procedural Thinking,https://www.vfxapprentice.com/products/hand-crafted-3d-vfx-level-1/categories/2153470807/posts/2170057074,https://www.vfxapprentice.com/products/hand-crafted-3d-vfx-level-1/categories/2153470807,Hand-Crafted 3D VFX_ Level 1/Intro to Procedural Textures - Substance Designer/Intro to Procedural Thinking.html,DISCOVERED
post,Intro to Substance Designer - Fuzzball,https://www.vfxapprentice.com/products/hand-crafted-3d-vfx-level-1/categories/2153470807/posts/2170057080,https://www.vfxapprentice.com/products/hand-crafted-3d-vfx-level-1/categories/2153470807,Hand-Crafted 3D VFX_ Level 1/Intro to Procedural Textures - Substance Designer/Intro to Substance Designer - Fuzzball.html,DISCOVERED
post,Lens Flare,https://www.vfxapprentice.com/products/hand-crafted-3d-vfx-level-1/categories/2153470807/posts/2170057086,https://www.vfxapprentice.com/products/hand-crafted-3d-vfx-level-1/categories/2153470807,Hand-Crafted 3D VFX_ Level 1/Intro to Procedural Textures - Substance Designer/Lens Flare.html,DISCOVERED
post,Ringburst,https://www.vfxapprentice.com/products/hand-crafted-3d-vfx-level-1/categories/2153470807/posts/2170057088,https://www.vfxapprentice.com/products/hand-crafted-3d-vfx-level-1/categories/2153470807,Hand-Crafted 3D VFX_ Level 1/Intro to Procedural Textures - Substance Designer/Ringburst.html,DISCOVERED
post,Embers - Spritesheet,https://www.vfxapprentice.com/products/hand-crafted-3d-vfx-level-1/categories/2153470807/posts/2170874868,https://www.vfxapprentice.com/products/hand-crafted-3d-vfx-level-1/categories/2153470807,Hand-Crafted 3D VFX_ Level 1/Intro to Procedural Textures - Substance Designer/Embers - Spritesheet.html,DISCOVERED
post,Lightning - Spritesheet,https://www.vfxapprentice.com/products/hand-crafted-3d-vfx-level-1/categories/2153470807/posts/2170905389,https://www.vfxapprentice.com/products/hand-crafted-3d-vfx-level-1/categories/2153470807,Hand-Crafted 3D VFX_ Level 1/Intro to Procedural Textures - Substance Designer/Lightning - Spritesheet.html,DISCOVERED
post,Wisps - Spritesheet,https://www.vfxapprentice.com/products/hand-crafted-3d-vfx-level-1/categories/2153470807/posts/2170940649,https://www.vfxapprentice.com/products/hand-crafted-3d-vfx-level-1/categories/2153470807,Hand-Crafted 3D VFX_ Level 1/Intro to Procedural Textures - Substance Designer/Wisps - Spritesheet.html,DISCOVERED
post,Splash,https://www.vfxapprentice.com/products/hand-crafted-3d-vfx-level-1/categories/2153470807/posts/2171676560,https://www.vfxapprentice.com/products/hand-crafted-3d-vfx-level-1/categories/2153470807,Hand-Crafted 3D VFX_ Level 1/Intro to Procedural Textures - Substance Designer/Splash.html,DISCOVERED
post,Tiling Noise,https://www.vfxapprentice.com/products/hand-crafted-3d-vfx-level-1/categories/2153470807/posts/2171676514,https://www.vfxapprentice.com/products/hand-crafted-3d-vfx-level-1/categories/2153470807,Hand-Crafted 3D VFX_ Level 1/Intro to Procedural Textures - Substance Designer/Tiling Noise.html,DISCOVERED
post,Tiling Trail,https://www.vfxapprentice.com/products/hand-crafted-3d-vfx-level-1/categories/2153470807/posts/2171676518,https://www.vfxapprentice.com/products/hand-crafted-3d-vfx-level-1/categories/2153470807,Hand-Crafted 3D VFX_ Level 1/Intro to Procedural Textures - Substance Designer/Tiling Trail.html,DISCOVERED
post,Ground Crack,https://www.vfxapprentice.com/products/hand-crafted-3d-vfx-level-1/categories/2153470807/posts/2171676521,https://www.vfxapprentice.com/products/hand-crafted-3d-vfx-level-1/categories/2153470807,Hand-Crafted 3D VFX_ Level 1/Intro to Procedural Textures - Substance Designer/Ground Crack.html,DISCOVERED
post,Intro to Blender,https://www.vfxapprentice.com/products/hand-crafted-3d-vfx-level-1/categories/2150605507/posts/2158878737,https://www.vfxapprentice.com/products/hand-crafted-3d-vfx-level-1/categories/2150605507,Hand-Crafted 3D VFX_ Level 1/Intro to Modeling for VFX - Blender & Maya/Intro to Blender.html,DISCOVERED
post,Dome & Tapered Cylinder,https://www.vfxapprentice.com/products/hand-crafted-3d-vfx-level-1/categories/2150605507/posts/2158878739,https://www.vfxapprentice.com/products/hand-crafted-3d-vfx-level-1/categories/2150605507,Hand-Crafted 3D VFX_ Level 1/Intro to Modeling for VFX - Blender & Maya/Dome & Tapered Cylinder.html,DISCOVERED
post,UVs in Blender,https://www.vfxapprentice.com/products/hand-crafted-3d-vfx-level-1/categories/2150605507/posts/2158878741,https://www.vfxapprentice.com/products/hand-crafted-3d-vfx-level-1/categories/2150605507,Hand-Crafted 3D VFX_ Level 1/Intro to Modeling for VFX - Blender & Maya/UVs in Blender.html,DISCOVERED
post,Vertex Colors,https://www.vfxapprentice.com/products/hand-crafted-3d-vfx-level-1/categories/2150605507/posts/2158878742,https://www.vfxapprentice.com/products/hand-crafted-3d-vfx-level-1/categories/2150605507,Hand-Crafted 3D VFX_ Level 1/Intro to Modeling for VFX - Blender & Maya/Vertex Colors.html,DISCOVERED
post,Modifiers,https://www.vfxapprentice.com/products/hand-crafted-3d-vfx-level-1/categories/2150605507/posts/2158878743,https://www.vfxapprentice.com/products/hand-crafted-3d-vfx-level-1/categories/2150605507,Hand-Crafted 3D VFX_ Level 1/Intro to Modeling for VFX - Blender & Maya/Modifiers.html,DISCOVERED
post,"Rings, Swipes, & Soulercoasters",https://www.vfxapprentice.com/products/hand-crafted-3d-vfx-level-1/categories/2150605507/posts/2158878745,https://www.vfxapprentice.com/products/hand-crafted-3d-vfx-level-1/categories/2150605507,"Hand-Crafted 3D VFX_ Level 1/Intro to Modeling for VFX - Blender & Maya/Rings, Swipes, & Soulercoasters.html",DISCOVERED
post,Waterfall,https://www.vfxapprentice.com/products/hand-crafted-3d-vfx-level-1/categories/2150605507/posts/2161408083,https://www.vfxapprentice.com/products/hand-crafted-3d-vfx-level-1/categories/2150605507,Hand-Crafted 3D VFX_ Level 1/Intro to Modeling for VFX - Blender & Maya/Waterfall.html,DISCOVERED
post,Maya Basics,https://www.vfxapprentice.com/products/hand-crafted-3d-vfx-level-1/categories/2150605507/posts/2163766183,https://www.vfxapprentice.com/products/hand-crafted-3d-vfx-level-1/categories/2150605507,Hand-Crafted 3D VFX_ Level 1/Intro to Modeling for VFX - Blender & Maya/Maya Basics.html,DISCOVERED
post,Modeling Review,https://www.vfxapprentice.com/products/hand-crafted-3d-vfx-level-1/categories/2150605507/posts/2159191554,https://www.vfxapprentice.com/products/hand-crafted-3d-vfx-level-1/categories/2150605507,Hand-Crafted 3D VFX_ Level 1/Intro to Modeling for VFX - Blender & Maya/Modeling Review.html,DISCOVERED
post,Intro - Course Overview,https://www.vfxapprentice.com/products/hand-crafted-3d-vfx-level-1/categories/2153219613/posts/2169057659,https://www.vfxapprentice.com/products/hand-crafted-3d-vfx-level-1/categories/2153219613,Hand-Crafted 3D VFX_ Level 1/Intro to Shaders - Unity/Intro - Course Overview.html,DISCOVERED
post,How Do Shaders Work?,https://www.vfxapprentice.com/products/hand-crafted-3d-vfx-level-1/categories/2153219613/posts/2169057662,https://www.vfxapprentice.com/products/hand-crafted-3d-vfx-level-1/categories/2153219613,Hand-Crafted 3D VFX_ Level 1/Intro to Shaders - Unity/How Do Shaders Work_.html,DISCOVERED
post,Node-based Shader Interface,https://www.vfxapprentice.com/products/hand-crafted-3d-vfx-level-1/categories/2153219613/posts/2169057666,https://www.vfxapprentice.com/products/hand-crafted-3d-vfx-level-1/categories/2153219613,Hand-Crafted 3D VFX_ Level 1/Intro to Shaders - Unity/Node-based Shader Interface.html,DISCOVERED
post,Vector UVs - Texture Sampling,https://www.vfxapprentice.com/products/hand-crafted-3d-vfx-level-1/categories/2153219613/posts/2169057669,https://www.vfxapprentice.com/products/hand-crafted-3d-vfx-level-1/categories/2153219613,Hand-Crafted 3D VFX_ Level 1/Intro to Shaders - Unity/Vector UVs - Texture Sampling.html,DISCOVERED
post,Adding & Panning,https://www.vfxapprentice.com/products/hand-crafted-3d-vfx-level-1/categories/2153219613/posts/2169057671,https://www.vfxapprentice.com/products/hand-crafted-3d-vfx-level-1/categories/2153219613,Hand-Crafted 3D VFX_ Level 1/Intro to Shaders - Unity/Adding & Panning.html,DISCOVERED
post,Multiply & Scaling,https://www.vfxapprentice.com/products/hand-crafted-3d-vfx-level-1/categories/2153219613/posts/2169057673,https://www.vfxapprentice.com/products/hand-crafted-3d-vfx-level-1/categories/2153219613,Hand-Crafted 3D VFX_ Level 1/Intro to Shaders - Unity/Multiply & Scaling.html,DISCOVERED
post,Adjusting Texture Intensity,https://www.vfxapprentice.com/products/hand-crafted-3d-vfx-level-1/categories/2153219613/posts/2169057674,https://www.vfxapprentice.com/products/hand-crafted-3d-vfx-level-1/categories/2153219613,Hand-Crafted 3D VFX_ Level 1/Intro to Shaders - Unity/Adjusting Texture Intensity.html,DISCOVERED
post,Combining Textures,https://www.vfxapprentice.com/products/hand-crafted-3d-vfx-level-1/categories/2153219613/posts/2169057677,https://www.vfxapprentice.com/products/hand-crafted-3d-vfx-level-1/categories/2153219613,Hand-Crafted 3D VFX_ Level 1/Intro to Shaders - Unity/Combining Textures.html,DISCOVERED
post,"Step, Smoothstep & Dissolve",https://www.vfxapprentice.com/products/hand-crafted-3d-vfx-level-1/categories/2153219613/posts/2169057680,https://www.vfxapprentice.com/products/hand-crafted-3d-vfx-level-1/categories/2153219613,"Hand-Crafted 3D VFX_ Level 1/Intro to Shaders - Unity/Step, Smoothstep & Dissolve.html",DISCOVERED
post,Color Lerp & Gradients,https://www.vfxapprentice.com/products/hand-crafted-3d-vfx-level-1/categories/2153219613/posts/2169057683,https://www.vfxapprentice.com/products/hand-crafted-3d-vfx-level-1/categories/2153219613,Hand-Crafted 3D VFX_ Level 1/Intro to Shaders - Unity/Color Lerp & Gradients.html,DISCOVERED
post,Distortion,https://www.vfxapprentice.com/products/hand-crafted-3d-vfx-level-1/categories/2153219613/posts/2169057684,https://www.vfxapprentice.com/products/hand-crafted-3d-vfx-level-1/categories/2153219613,Hand-Crafted 3D VFX_ Level 1/Intro to Shaders - Unity/Distortion.html,DISCOVERED
post,Creating a Full Shader,https://www.vfxapprentice.com/products/hand-crafted-3d-vfx-level-1/categories/2153219613/posts/2169057689,https://www.vfxapprentice.com/products/hand-crafted-3d-vfx-level-1/categories/2153219613,Hand-Crafted 3D VFX_ Level 1/Intro to Shaders - Unity/Creating a Full Shader.html,DISCOVERED
post,Properties & Shader Variants,https://www.vfxapprentice.com/products/hand-crafted-3d-vfx-level-1/categories/2153219613/posts/2169057780,https://www.vfxapprentice.com/products/hand-crafted-3d-vfx-level-1/categories/2153219613,Hand-Crafted 3D VFX_ Level 1/Intro to Shaders - Unity/Properties & Shader Variants.html,DISCOVERED
post,Surface Direction Fresnel,https://www.vfxapprentice.com/products/hand-crafted-3d-vfx-level-1/categories/2153219613/posts/2169057788,https://www.vfxapprentice.com/products/hand-crafted-3d-vfx-level-1/categories/2153219613,Hand-Crafted 3D VFX_ Level 1/Intro to Shaders - Unity/Surface Direction Fresnel.html,DISCOVERED
post,Using Positions & Distance,https://www.vfxapprentice.com/products/hand-crafted-3d-vfx-level-1/categories/2153219613/posts/2169057791,https://www.vfxapprentice.com/products/hand-crafted-3d-vfx-level-1/categories/2153219613,Hand-Crafted 3D VFX_ Level 1/Intro to Shaders - Unity/Using Positions & Distance.html,DISCOVERED
post,Vertex Offset,https://www.vfxapprentice.com/products/hand-crafted-3d-vfx-level-1/categories/2153219613/posts/2169057852,https://www.vfxapprentice.com/products/hand-crafted-3d-vfx-level-1/categories/2153219613,Hand-Crafted 3D VFX_ Level 1/Intro to Shaders - Unity/Vertex Offset.html,DISCOVERED
post,Depth Fade,https://www.vfxapprentice.com/products/hand-crafted-3d-vfx-level-1/categories/2153219613/posts/2169057853,https://www.vfxapprentice.com/products/hand-crafted-3d-vfx-level-1/categories/2153219613,Hand-Crafted 3D VFX_ Level 1/Intro to Shaders - Unity/Depth Fade.html,DISCOVERED
post,Shaders & Particle System,https://www.vfxapprentice.com/products/hand-crafted-3d-vfx-level-1/categories/2153219613/posts/2169057857,https://www.vfxapprentice.com/products/hand-crafted-3d-vfx-level-1/categories/2153219613,Hand-Crafted 3D VFX_ Level 1/Intro to Shaders - Unity/Shaders & Particle System.html,DISCOVERED
post,Review,https://www.vfxapprentice.com/products/hand-crafted-3d-vfx-level-1/categories/2153219613/posts/2169419767,https://www.vfxapprentice.com/products/hand-crafted-3d-vfx-level-1/categories/2153219613,Hand-Crafted 3D VFX_ Level 1/Intro to Shaders - Unity/Review.html,DISCOVERED
post,Intro & Overview,https://www.vfxapprentice.com/products/hand-crafted-3d-vfx-level-1/categories/2150605515/posts/2160809549,https://www.vfxapprentice.com/products/hand-crafted-3d-vfx-level-1/categories/2150605515,Hand-Crafted 3D VFX_ Level 1/Intro to Materials - Unreal 5/Intro & Overview.html,DISCOVERED
post,Node-based Shader Interface,https://www.vfxapprentice.com/products/hand-crafted-3d-vfx-level-1/categories/2150605515/posts/2160399269,https://www.vfxapprentice.com/products/hand-crafted-3d-vfx-level-1/categories/2150605515,Hand-Crafted 3D VFX_ Level 1/Intro to Materials - Unreal 5/Node-based Shader Interface.html,DISCOVERED
post,"Vector, UVs, & Texture Sampling",https://www.vfxapprentice.com/products/hand-crafted-3d-vfx-level-1/categories/2150605515/posts/2160399318,https://www.vfxapprentice.com/products/hand-crafted-3d-vfx-level-1/categories/2150605515,"Hand-Crafted 3D VFX_ Level 1/Intro to Materials - Unreal 5/Vector, UVs, & Texture Sampling.html",DISCOVERED
post,Add & Panning,https://www.vfxapprentice.com/products/hand-crafted-3d-vfx-level-1/categories/2150605515/posts/2160399320,https://www.vfxapprentice.com/products/hand-crafted-3d-vfx-level-1/categories/2150605515,Hand-Crafted 3D VFX_ Level 1/Intro to Materials - Unreal 5/Add & Panning.html,DISCOVERED
post,Multiply & Scaling,https://www.vfxapprentice.com/products/hand-crafted-3d-vfx-level-1/categories/2150605515/posts/2160399325,https://www.vfxapprentice.com/products/hand-crafted-3d-vfx-level-1/categories/2150605515,Hand-Crafted 3D VFX_ Level 1/Intro to Materials - Unreal 5/Multiply & Scaling.html,DISCOVERED
post,Adjusting Textures,https://www.vfxapprentice.com/products/hand-crafted-3d-vfx-level-1/categories/2150605515/posts/2160399327,https://www.vfxapprentice.com/products/hand-crafted-3d-vfx-level-1/categories/2150605515,Hand-Crafted 3D VFX_ Level 1/Intro to Materials - Unreal 5/Adjusting Textures.html,DISCOVERED
post,Combining Textures,https://www.vfxapprentice.com/products/hand-crafted-3d-vfx-level-1/categories/2150605515/posts/2160399332,https://www.vfxapprentice.com/products/hand-crafted-3d-vfx-level-1/categories/2150605515,Hand-Crafted 3D VFX_ Level 1/Intro to Materials - Unreal 5/Combining Textures.html,DISCOVERED
post,Stepping,https://www.vfxapprentice.com/products/hand-crafted-3d-vfx-level-1/categories/2150605515/posts/2160399335,https://www.vfxapprentice.com/products/hand-crafted-3d-vfx-level-1/categories/2150605515,Hand-Crafted 3D VFX_ Level 1/Intro to Materials - Unreal 5/Stepping.html,DISCOVERED
post,Lerp & Color,https://www.vfxapprentice.com/products/hand-crafted-3d-vfx-level-1/categories/2150605515/posts/2160399336,https://www.vfxapprentice.com/products/hand-crafted-3d-vfx-level-1/categories/2150605515,Hand-Crafted 3D VFX_ Level 1/Intro to Materials - Unreal 5/Lerp & Color.html,DISCOVERED
post,Distortion,https://www.vfxapprentice.com/products/hand-crafted-3d-vfx-level-1/categories/2150605515/posts/2160399338,https://www.vfxapprentice.com/products/hand-crafted-3d-vfx-level-1/categories/2150605515,Hand-Crafted 3D VFX_ Level 1/Intro to Materials - Unreal 5/Distortion.html,DISCOVERED
post,Output Pipeline,https://www.vfxapprentice.com/products/hand-crafted-3d-vfx-level-1/categories/2150605515/posts/2161119739,https://www.vfxapprentice.com/products/hand-crafted-3d-vfx-level-1/categories/2150605515,Hand-Crafted 3D VFX_ Level 1/Intro to Materials - Unreal 5/Output Pipeline.html,DISCOVERED
post,Vectors & Fresnel,https://www.vfxapprentice.com/products/hand-crafted-3d-vfx-level-1/categories/2150605515/posts/2161119742,https://www.vfxapprentice.com/products/hand-crafted-3d-vfx-level-1/categories/2150605515,Hand-Crafted 3D VFX_ Level 1/Intro to Materials - Unreal 5/Vectors & Fresnel.html,DISCOVERED
post,Positions & Distance Sampling,https://www.vfxapprentice.com/products/hand-crafted-3d-vfx-level-1/categories/2150605515/posts/2161119744,https://www.vfxapprentice.com/products/hand-crafted-3d-vfx-level-1/categories/2150605515,Hand-Crafted 3D VFX_ Level 1/Intro to Materials - Unreal 5/Positions & Distance Sampling.html,DISCOVERED
post,Vertex Offset,https://www.vfxapprentice.com/products/hand-crafted-3d-vfx-level-1/categories/2150605515/posts/2161119746,https://www.vfxapprentice.com/products/hand-crafted-3d-vfx-level-1/categories/2150605515,Hand-Crafted 3D VFX_ Level 1/Intro to Materials - Unreal 5/Vertex Offset.html,DISCOVERED
post,Depth Fade,https://www.vfxapprentice.com/products/hand-crafted-3d-vfx-level-1/categories/2150605515/posts/2161119749,https://www.vfxapprentice.com/products/hand-crafted-3d-vfx-level-1/categories/2150605515,Hand-Crafted 3D VFX_ Level 1/Intro to Materials - Unreal 5/Depth Fade.html,DISCOVERED
post,Materials Review,https://www.vfxapprentice.com/products/hand-crafted-3d-vfx-level-1/categories/2150605515/posts/2159191565,https://www.vfxapprentice.com/products/hand-crafted-3d-vfx-level-1/categories/2150605515,Hand-Crafted 3D VFX_ Level 1/Intro to Materials - Unreal 5/Materials Review.html,DISCOVERED
post,Guiding Principles Lecture,https://www.vfxapprentice.com/products/hand-crafted-3d-vfx-level-1/categories/2150605523/posts/2158878813,https://www.vfxapprentice.com/products/hand-crafted-3d-vfx-level-1/categories/2150605523,Hand-Crafted 3D VFX_ Level 1/Art Foundational Lectures - Explained/Guiding Principles Lecture.html,DISCOVERED
post,Gameplay Lecture,https://www.vfxapprentice.com/products/hand-crafted-3d-vfx-level-1/categories/2150605523/posts/2158878814,https://www.vfxapprentice.com/products/hand-crafted-3d-vfx-level-1/categories/2150605523,Hand-Crafted 3D VFX_ Level 1/Art Foundational Lectures - Explained/Gameplay Lecture.html,DISCOVERED
post,Shape Lecture,https://www.vfxapprentice.com/products/hand-crafted-3d-vfx-level-1/categories/2150605523/posts/2158878816,https://www.vfxapprentice.com/products/hand-crafted-3d-vfx-level-1/categories/2150605523,Hand-Crafted 3D VFX_ Level 1/Art Foundational Lectures - Explained/Shape Lecture.html,DISCOVERED
post,Value Lecture,https://www.vfxapprentice.com/products/hand-crafted-3d-vfx-level-1/categories/2150605523/posts/2158878818,https://www.vfxapprentice.com/products/hand-crafted-3d-vfx-level-1/categories/2150605523,Hand-Crafted 3D VFX_ Level 1/Art Foundational Lectures - Explained/Value Lecture.html,DISCOVERED
post,Color Lecture,https://www.vfxapprentice.com/products/hand-crafted-3d-vfx-level-1/categories/2150605523/posts/2158878819,https://www.vfxapprentice.com/products/hand-crafted-3d-vfx-level-1/categories/2150605523,Hand-Crafted 3D VFX_ Level 1/Art Foundational Lectures - Explained/Color Lecture.html,DISCOVERED
post,Timing Lecture,https://www.vfxapprentice.com/products/hand-crafted-3d-vfx-level-1/categories/2150605523/posts/2158878817,https://www.vfxapprentice.com/products/hand-crafted-3d-vfx-level-1/categories/2150605523,Hand-Crafted 3D VFX_ Level 1/Art Foundational Lectures - Explained/Timing Lecture.html,DISCOVERED
post,Composition Lecture,https://www.vfxapprentice.com/products/hand-crafted-3d-vfx-level-1/categories/2150605523/posts/2172662532,https://www.vfxapprentice.com/products/hand-crafted-3d-vfx-level-1/categories/2150605523,Hand-Crafted 3D VFX_ Level 1/Art Foundational Lectures - Explained/Composition Lecture.html,DISCOVERED
post,Art Foundations Review,https://www.vfxapprentice.com/products/hand-crafted-3d-vfx-level-1/categories/2150605523/posts/2159747907,https://www.vfxapprentice.com/products/hand-crafted-3d-vfx-level-1/categories/2150605523,Hand-Crafted 3D VFX_ Level 1/Art Foundational Lectures - Explained/Art Foundations Review.html,DISCOVERED
post,Introduction,https://www.vfxapprentice.com/products/hand-crafted-3d-vfx-level-1/categories/2154198573/posts/2172935839,https://www.vfxapprentice.com/products/hand-crafted-3d-vfx-level-1/categories/2154198573,Hand-Crafted 3D VFX_ Level 1/League of Effects (Fan Art) Breakdowns/Introduction.html,DISCOVERED
post,Breakdown: Super Mega Death Rocket (Fan Art),https://www.vfxapprentice.com/products/hand-crafted-3d-vfx-level-1/categories/2154198573/posts/2172935843,https://www.vfxapprentice.com/products/hand-crafted-3d-vfx-level-1/categories/2154198573,Hand-Crafted 3D VFX_ Level 1/League of Effects (Fan Art) Breakdowns/Breakdown_ Super Mega Death Rocket (Fan Art).html,DISCOVERED
post,Nibilli's Explosion,https://www.vfxapprentice.com/products/hand-crafted-3d-vfx-level-1/categories/2152650100/posts/2166791767,https://www.vfxapprentice.com/products/hand-crafted-3d-vfx-level-1/categories/2152650100,Hand-Crafted 3D VFX_ Level 1/Particle Practices - Community Recordings/Nibilli's Explosion.html,DISCOVERED
post,Nibilli's Muzzle Flash,https://www.vfxapprentice.com/products/hand-crafted-3d-vfx-level-1/categories/2152650100/posts/2166791771,https://www.vfxapprentice.com/products/hand-crafted-3d-vfx-level-1/categories/2152650100,Hand-Crafted 3D VFX_ Level 1/Particle Practices - Community Recordings/Nibilli's Muzzle Flash.html,DISCOVERED
post,Nibilli's Curve Mesh,https://www.vfxapprentice.com/products/hand-crafted-3d-vfx-level-1/categories/2152650100/posts/2166791773,https://www.vfxapprentice.com/products/hand-crafted-3d-vfx-level-1/categories/2152650100,Hand-Crafted 3D VFX_ Level 1/Particle Practices - Community Recordings/Nibilli's Curve Mesh.html,DISCOVERED
post,QbieShay's Godot Curve Mesh,https://www.vfxapprentice.com/products/hand-crafted-3d-vfx-level-1/categories/2152650100/posts/2166791777,https://www.vfxapprentice.com/products/hand-crafted-3d-vfx-level-1/categories/2152650100,Hand-Crafted 3D VFX_ Level 1/Particle Practices - Community Recordings/QbieShay's Godot Curve Mesh.html,DISCOVERED
post,Nibilli's Aura Effect,https://www.vfxapprentice.com/products/hand-crafted-3d-vfx-level-1/categories/2152650100/posts/2166791780,https://www.vfxapprentice.com/products/hand-crafted-3d-vfx-level-1/categories/2152650100,Hand-Crafted 3D VFX_ Level 1/Particle Practices - Community Recordings/Nibilli's Aura Effect.html,DISCOVERED
post,Nibilli's Shield Effect,https://www.vfxapprentice.com/products/hand-crafted-3d-vfx-level-1/categories/2152650100/posts/2166791782,https://www.vfxapprentice.com/products/hand-crafted-3d-vfx-level-1/categories/2152650100,Hand-Crafted 3D VFX_ Level 1/Particle Practices - Community Recordings/Nibilli's Shield Effect.html,DISCOVERED
post,Nibilli's Beam,https://www.vfxapprentice.com/products/hand-crafted-3d-vfx-level-1/categories/2152650100/posts/2166791785,https://www.vfxapprentice.com/products/hand-crafted-3d-vfx-level-1/categories/2152650100,Hand-Crafted 3D VFX_ Level 1/Particle Practices - Community Recordings/Nibilli's Beam.html,DISCOVERED
post,Nibilli's Anime Flare,https://www.vfxapprentice.com/products/hand-crafted-3d-vfx-level-1/categories/2152650100/posts/2166791786,https://www.vfxapprentice.com/products/hand-crafted-3d-vfx-level-1/categories/2152650100,Hand-Crafted 3D VFX_ Level 1/Particle Practices - Community Recordings/Nibilli's Anime Flare.html,DISCOVERED
post,Nibilli's Magic Orb,https://www.vfxapprentice.com/products/hand-crafted-3d-vfx-level-1/categories/2152650100/posts/2166986602,https://www.vfxapprentice.com/products/hand-crafted-3d-vfx-level-1/categories/2152650100,Hand-Crafted 3D VFX_ Level 1/Particle Practices - Community Recordings/Nibilli's Magic Orb.html,DISCOVERED
post,Nibilli's & QbieShay's Slash,https://www.vfxapprentice.com/products/hand-crafted-3d-vfx-level-1/categories/2152650100/posts/2170228718,https://www.vfxapprentice.com/products/hand-crafted-3d-vfx-level-1/categories/2152650100,Hand-Crafted 3D VFX_ Level 1/Particle Practices - Community Recordings/Nibilli's & QbieShay's Slash.html,DISCOVERED
post,Ben's Fire Flippbook,https://www.vfxapprentice.com/products/hand-crafted-3d-vfx-level-1/categories/2152650100/posts/2181722496,https://www.vfxapprentice.com/products/hand-crafted-3d-vfx-level-1/categories/2152650100,Hand-Crafted 3D VFX_ Level 1/Particle Practices - Community Recordings/Ben's Fire Flippbook.html,DISCOVERED
post,Series Introduction,https://www.vfxapprentice.com/products/hand-crafted-3d-vfx-level-1/categories/2150605572/posts/2162146160,https://www.vfxapprentice.com/products/hand-crafted-3d-vfx-level-1/categories/2150605572,Hand-Crafted 3D VFX_ Level 1/Elemental Studies - Unity/Series Introduction.html,DISCOVERED
post,Unity Scene Setup,https://www.vfxapprentice.com/products/hand-crafted-3d-vfx-level-1/categories/2150605572/posts/2162146164,https://www.vfxapprentice.com/products/hand-crafted-3d-vfx-level-1/categories/2150605572,Hand-Crafted 3D VFX_ Level 1/Elemental Studies - Unity/Unity Scene Setup.html,DISCOVERED
post,Ambient Fog Breakdown,https://www.vfxapprentice.com/products/hand-crafted-3d-vfx-level-1/categories/2150605572/posts/2162146167,https://www.vfxapprentice.com/products/hand-crafted-3d-vfx-level-1/categories/2150605572,Hand-Crafted 3D VFX_ Level 1/Elemental Studies - Unity/Ambient Fog Breakdown.html,DISCOVERED
post,Informative Video - Fire,https://www.vfxapprentice.com/products/hand-crafted-3d-vfx-level-1/categories/2150605572/posts/2160399414,https://www.vfxapprentice.com/products/hand-crafted-3d-vfx-level-1/categories/2150605572,Hand-Crafted 3D VFX_ Level 1/Elemental Studies - Unity/Informative Video - Fire.html,DISCOVERED
post,Campfire Breakdown,https://www.vfxapprentice.com/products/hand-crafted-3d-vfx-level-1/categories/2150605572/posts/2160399416,https://www.vfxapprentice.com/products/hand-crafted-3d-vfx-level-1/categories/2150605572,Hand-Crafted 3D VFX_ Level 1/Elemental Studies - Unity/Campfire Breakdown.html,DISCOVERED
post,Hit Impact Breakdown,https://www.vfxapprentice.com/products/hand-crafted-3d-vfx-level-1/categories/2150605572/posts/2162147023,https://www.vfxapprentice.com/products/hand-crafted-3d-vfx-level-1/categories/2150605572,Hand-Crafted 3D VFX_ Level 1/Elemental Studies - Unity/Hit Impact Breakdown.html,DISCOVERED
post,Informative Video - Lightning,https://www.vfxapprentice.com/products/hand-crafted-3d-vfx-level-1/categories/2150605572/posts/2162147855,https://www.vfxapprentice.com/products/hand-crafted-3d-vfx-level-1/categories/2150605572,Hand-Crafted 3D VFX_ Level 1/Elemental Studies - Unity/Informative Video - Lightning.html,DISCOVERED
post,Lightning Beam Breakdown,https://www.vfxapprentice.com/products/hand-crafted-3d-vfx-level-1/categories/2150605572/posts/2162147174,https://www.vfxapprentice.com/products/hand-crafted-3d-vfx-level-1/categories/2150605572,Hand-Crafted 3D VFX_ Level 1/Elemental Studies - Unity/Lightning Beam Breakdown.html,DISCOVERED
post,Sword Swipe Breakdown,https://www.vfxapprentice.com/products/hand-crafted-3d-vfx-level-1/categories/2150605572/posts/2162147611,https://www.vfxapprentice.com/products/hand-crafted-3d-vfx-level-1/categories/2150605572,Hand-Crafted 3D VFX_ Level 1/Elemental Studies - Unity/Sword Swipe Breakdown.html,DISCOVERED
post,Fireball Breakdown,https://www.vfxapprentice.com/products/hand-crafted-3d-vfx-level-1/categories/2150605572/posts/2162148002,https://www.vfxapprentice.com/products/hand-crafted-3d-vfx-level-1/categories/2150605572,Hand-Crafted 3D VFX_ Level 1/Elemental Studies - Unity/Fireball Breakdown.html,DISCOVERED
post,Informative Video - Water,https://www.vfxapprentice.com/products/hand-crafted-3d-vfx-level-1/categories/2150605572/posts/2162147067,https://www.vfxapprentice.com/products/hand-crafted-3d-vfx-level-1/categories/2150605572,Hand-Crafted 3D VFX_ Level 1/Elemental Studies - Unity/Informative Video - Water.html,DISCOVERED
post,Waterfall Breakdown,https://www.vfxapprentice.com/products/hand-crafted-3d-vfx-level-1/categories/2150605572/posts/2162173099,https://www.vfxapprentice.com/products/hand-crafted-3d-vfx-level-1/categories/2150605572,Hand-Crafted 3D VFX_ Level 1/Elemental Studies - Unity/Waterfall Breakdown.html,DISCOVERED
post,Series Introduction,https://www.vfxapprentice.com/products/hand-crafted-3d-vfx-level-1/categories/2154231245/posts/2173389607,https://www.vfxapprentice.com/products/hand-crafted-3d-vfx-level-1/categories/2154231245,Hand-Crafted 3D VFX_ Level 1/Elemental Studies - Unreal/Series Introduction.html,DISCOVERED
post,Unreal Scene Setup,https://www.vfxapprentice.com/products/hand-crafted-3d-vfx-level-1/categories/2154231245/posts/2173389612,https://www.vfxapprentice.com/products/hand-crafted-3d-vfx-level-1/categories/2154231245,Hand-Crafted 3D VFX_ Level 1/Elemental Studies - Unreal/Unreal Scene Setup.html,DISCOVERED
post,Fog Breakdown,https://www.vfxapprentice.com/products/hand-crafted-3d-vfx-level-1/categories/2154231245/posts/2173062959,https://www.vfxapprentice.com/products/hand-crafted-3d-vfx-level-1/categories/2154231245,Hand-Crafted 3D VFX_ Level 1/Elemental Studies - Unreal/Fog Breakdown.html,DISCOVERED
post,Informative Video - Fire,https://www.vfxapprentice.com/products/hand-crafted-3d-vfx-level-1/categories/2154231245/posts/2173389431,https://www.vfxapprentice.com/products/hand-crafted-3d-vfx-level-1/categories/2154231245,Hand-Crafted 3D VFX_ Level 1/Elemental Studies - Unreal/Informative Video - Fire.html,DISCOVERED
post,Campfire Breakdown,https://www.vfxapprentice.com/products/hand-crafted-3d-vfx-level-1/categories/2154231245/posts/2173062961,https://www.vfxapprentice.com/products/hand-crafted-3d-vfx-level-1/categories/2154231245,Hand-Crafted 3D VFX_ Level 1/Elemental Studies - Unreal/Campfire Breakdown.html,DISCOVERED
post,Hit Impact Breakdown,https://www.vfxapprentice.com/products/hand-crafted-3d-vfx-level-1/categories/2154231245/posts/2173062964,https://www.vfxapprentice.com/products/hand-crafted-3d-vfx-level-1/categories/2154231245,Hand-Crafted 3D VFX_ Level 1/Elemental Studies - Unreal/Hit Impact Breakdown.html,DISCOVERED
post,Informative Video - Lightning,https://www.vfxapprentice.com/products/hand-crafted-3d-vfx-level-1/categories/2154231245/posts/2173389451,https://www.vfxapprentice.com/products/hand-crafted-3d-vfx-level-1/categories/2154231245,Hand-Crafted 3D VFX_ Level 1/Elemental Studies - Unreal/Informative Video - Lightning.html,DISCOVERED
post,Lightning Beam Breakdown,https://www.vfxapprentice.com/products/hand-crafted-3d-vfx-level-1/categories/2154231245/posts/2173062967,https://www.vfxapprentice.com/products/hand-crafted-3d-vfx-level-1/categories/2154231245,Hand-Crafted 3D VFX_ Level 1/Elemental Studies - Unreal/Lightning Beam Breakdown.html,DISCOVERED
post,Sword Swipe Breakdown,https://www.vfxapprentice.com/products/hand-crafted-3d-vfx-level-1/categories/2154231245/posts/2173062972,https://www.vfxapprentice.com/products/hand-crafted-3d-vfx-level-1/categories/2154231245,Hand-Crafted 3D VFX_ Level 1/Elemental Studies - Unreal/Sword Swipe Breakdown.html,DISCOVERED
post,Fireball Breakdown,https://www.vfxapprentice.com/products/hand-crafted-3d-vfx-level-1/categories/2154231245/posts/2173621490,https://www.vfxapprentice.com/products/hand-crafted-3d-vfx-level-1/categories/2154231245,Hand-Crafted 3D VFX_ Level 1/Elemental Studies - Unreal/Fireball Breakdown.html,DISCOVERED
post,Informative Video - Water,https://www.vfxapprentice.com/products/hand-crafted-3d-vfx-level-1/categories/2154231245/posts/2173389465,https://www.vfxapprentice.com/products/hand-crafted-3d-vfx-level-1/categories/2154231245,Hand-Crafted 3D VFX_ Level 1/Elemental Studies - Unreal/Informative Video - Water.html,DISCOVERED
post,Waterfall Breakdown,https://www.vfxapprentice.com/products/hand-crafted-3d-vfx-level-1/categories/2154231245/posts/2173063011,https://www.vfxapprentice.com/products/hand-crafted-3d-vfx-level-1/categories/2154231245,Hand-Crafted 3D VFX_ Level 1/Elemental Studies - Unreal/Waterfall Breakdown.html,DISCOVERED
post,Congrats!,https://www.vfxapprentice.com/products/hand-crafted-3d-vfx-level-1/categories/2150605604/posts/2158879035,https://www.vfxapprentice.com/products/hand-crafted-3d-vfx-level-1/categories/2150605604,Hand-Crafted 3D VFX_ Level 1/Level 1 ✅/Congrats!.html,DISCOVERED
post,Lesson Survey,https://www.vfxapprentice.com/products/hand-crafted-3d-vfx-level-1/categories/2150605604/posts/2160626420,https://www.vfxapprentice.com/products/hand-crafted-3d-vfx-level-1/categories/2150605604,Hand-Crafted 3D VFX_ Level 1/Level 1 ✅/Lesson Survey.html,DISCOVERED
post,Project Download,https://www.vfxapprentice.com/products/hand-crafted-3d-vfx-level-2/categories/2151459356/posts/2160739666,https://www.vfxapprentice.com/products/hand-crafted-3d-vfx-level-2/categories/2151459356,Hand-Crafted 3D VFX_ Level 2/Project - Download/Project Download.html,DISCOVERED
post,Unity Project Overview,https://www.vfxapprentice.com/products/hand-crafted-3d-vfx-level-2/categories/2151459356/posts/2162168914,https://www.vfxapprentice.com/products/hand-crafted-3d-vfx-level-2/categories/2151459356,Hand-Crafted 3D VFX_ Level 2/Project - Download/Unity Project Overview.html,DISCOVERED
post,Unreal 5 Project Overview,https://www.vfxapprentice.com/products/hand-crafted-3d-vfx-level-2/categories/2151459356/posts/2162168929,https://www.vfxapprentice.com/products/hand-crafted-3d-vfx-level-2/categories/2151459356,Hand-Crafted 3D VFX_ Level 2/Project - Download/Unreal 5 Project Overview.html,DISCOVERED
post,Particle Animation Lecture,https://www.vfxapprentice.com/products/hand-crafted-3d-vfx-level-2/categories/2151459443/posts/2158905789,https://www.vfxapprentice.com/products/hand-crafted-3d-vfx-level-2/categories/2151459443,Hand-Crafted 3D VFX_ Level 2/Particle Animation - Explained/Particle Animation Lecture.html,DISCOVERED
post,Unreal & Unity Series Overview,https://www.vfxapprentice.com/products/hand-crafted-3d-vfx-level-2/categories/2150691176/posts/2158906429,https://www.vfxapprentice.com/products/hand-crafted-3d-vfx-level-2/categories/2150691176,Hand-Crafted 3D VFX_ Level 2/Unreal & Unity - Track Overview/Unreal & Unity Series Overview.html,DISCOVERED
category,Tiling Fiery Noise,https://www.vfxapprentice.com/products/hand-crafted-3d-vfx-level-2/categories/2150613640,https://www.vfxapprentice.com/products/hand-crafted-3d-vfx-level-2/categories/2150613163,Hand-Crafted 3D VFX_ Level 2/VFX Case Studies - Unreal & Unity/Tiling Fiery Noise/index.html,DISCOVERED
category,U&U Fire Explosion Breakdown,https://www.vfxapprentice.com/products/hand-crafted-3d-vfx-level-2/categories/2150613644,https://www.vfxapprentice.com/products/hand-crafted-3d-vfx-level-2/categories/2150613163,Hand-Crafted 3D VFX_ Level 2/VFX Case Studies - Unreal & Unity/U&U Fire Explosion Breakdown/index.html,DISCOVERED
category,Wispy Spiral Dissolve Textures,https://www.vfxapprentice.com/products/hand-crafted-3d-vfx-level-2/categories/2150613649,https://www.vfxapprentice.com/products/hand-crafted-3d-vfx-level-2/categories/2150613163,Hand-Crafted 3D VFX_ Level 2/VFX Case Studies - Unreal & Unity/Wispy Spiral Dissolve Textures/index.html,DISCOVERED
category,U&U Wispy Cloud Breakdown,https://www.vfxapprentice.com/products/hand-crafted-3d-vfx-level-2/categories/2150613650,https://www.vfxapprentice.com/products/hand-crafted-3d-vfx-level-2/categories/2150613163,Hand-Crafted 3D VFX_ Level 2/VFX Case Studies - Unreal & Unity/U&U Wispy Cloud Breakdown/index.html,DISCOVERED
category,Zappy Flipbook & Dissolve,https://www.vfxapprentice.com/products/hand-crafted-3d-vfx-level-2/categories/2150771941,https://www.vfxapprentice.com/products/hand-crafted-3d-vfx-level-2/categories/2150613163,Hand-Crafted 3D VFX_ Level 2/VFX Case Studies - Unreal & Unity/Zappy Flipbook & Dissolve/index.html,DISCOVERED
category,U&U Lightning Zap Breakdown,https://www.vfxapprentice.com/products/hand-crafted-3d-vfx-level-2/categories/2150613646,https://www.vfxapprentice.com/products/hand-crafted-3d-vfx-level-2/categories/2150613163,Hand-Crafted 3D VFX_ Level 2/VFX Case Studies - Unreal & Unity/U&U Lightning Zap Breakdown/index.html,DISCOVERED
category,Gooey Dissolve Material,https://www.vfxapprentice.com/products/hand-crafted-3d-vfx-level-2/categories/2150613652,https://www.vfxapprentice.com/products/hand-crafted-3d-vfx-level-2/categories/2150613163,Hand-Crafted 3D VFX_ Level 2/VFX Case Studies - Unreal & Unity/Gooey Dissolve Material/index.html,DISCOVERED
category,U&U Goo Splat Breakdown,https://www.vfxapprentice.com/products/hand-crafted-3d-vfx-level-2/categories/2150613677,https://www.vfxapprentice.com/products/hand-crafted-3d-vfx-level-2/categories/2150613163,Hand-Crafted 3D VFX_ Level 2/VFX Case Studies - Unreal & Unity/U&U Goo Splat Breakdown/index.html,DISCOVERED
post,Introduction Navigation & Project Overview - Unity,https://www.vfxapprentice.com/products/hand-crafted-3d-vfx-level-2/categories/2150613259/posts/2158909463,https://www.vfxapprentice.com/products/hand-crafted-3d-vfx-level-2/categories/2150613259,Hand-Crafted 3D VFX_ Level 2/Unity Booms & Blasts - Legacy/Introduction Navigation & Project Overview - Unity.html,DISCOVERED
post,Kitbashing - Unity,https://www.vfxapprentice.com/products/hand-crafted-3d-vfx-level-2/categories/2150613259/posts/2158909466,https://www.vfxapprentice.com/products/hand-crafted-3d-vfx-level-2/categories/2150613259,Hand-Crafted 3D VFX_ Level 2/Unity Booms & Blasts - Legacy/Kitbashing - Unity.html,DISCOVERED
post,Particle Systems Overview - Unity,https://www.vfxapprentice.com/products/hand-crafted-3d-vfx-level-2/categories/2150613259/posts/2158909467,https://www.vfxapprentice.com/products/hand-crafted-3d-vfx-level-2/categories/2150613259,Hand-Crafted 3D VFX_ Level 2/Unity Booms & Blasts - Legacy/Particle Systems Overview - Unity.html,DISCOVERED
post,Fire Explosion Breakdown - Unity,https://www.vfxapprentice.com/products/hand-crafted-3d-vfx-level-2/categories/2150613259/posts/2158908017,https://www.vfxapprentice.com/products/hand-crafted-3d-vfx-level-2/categories/2150613259,Hand-Crafted 3D VFX_ Level 2/Unity Booms & Blasts - Legacy/Fire Explosion Breakdown - Unity.html,DISCOVERED
post,Lightning Zap Breakdown - Unity,https://www.vfxapprentice.com/products/hand-crafted-3d-vfx-level-2/categories/2150613259/posts/2158908108,https://www.vfxapprentice.com/products/hand-crafted-3d-vfx-level-2/categories/2150613259,Hand-Crafted 3D VFX_ Level 2/Unity Booms & Blasts - Legacy/Lightning Zap Breakdown - Unity.html,DISCOVERED
post,Wispy Cloud Breakdown - Unity,https://www.vfxapprentice.com/products/hand-crafted-3d-vfx-level-2/categories/2150613259/posts/2158908213,https://www.vfxapprentice.com/products/hand-crafted-3d-vfx-level-2/categories/2150613259,Hand-Crafted 3D VFX_ Level 2/Unity Booms & Blasts - Legacy/Wispy Cloud Breakdown - Unity.html,DISCOVERED
post,Goo Splat Breakdown - Unity,https://www.vfxapprentice.com/products/hand-crafted-3d-vfx-level-2/categories/2150613259/posts/2158908662,https://www.vfxapprentice.com/products/hand-crafted-3d-vfx-level-2/categories/2150613259,Hand-Crafted 3D VFX_ Level 2/Unity Booms & Blasts - Legacy/Goo Splat Breakdown - Unity.html,DISCOVERED
post,Unity B&B Legacy Review,https://www.vfxapprentice.com/products/hand-crafted-3d-vfx-level-2/categories/2150613259/posts/2159191812,https://www.vfxapprentice.com/products/hand-crafted-3d-vfx-level-2/categories/2150613259,Hand-Crafted 3D VFX_ Level 2/Unity Booms & Blasts - Legacy/Unity B&B Legacy Review.html,DISCOVERED
post,Intro to Unreal - Unreal 4,https://www.vfxapprentice.com/products/hand-crafted-3d-vfx-level-2/categories/2150613360/posts/2158906775,https://www.vfxapprentice.com/products/hand-crafted-3d-vfx-level-2/categories/2150613360,Hand-Crafted 3D VFX_ Level 2/Unreal Cascade Booms & Blasts - Legacy/Intro to Unreal - Unreal 4.html,DISCOVERED
post,Intro to Cascade - Unreal 4,https://www.vfxapprentice.com/products/hand-crafted-3d-vfx-level-2/categories/2150613360/posts/2158906794,https://www.vfxapprentice.com/products/hand-crafted-3d-vfx-level-2/categories/2150613360,Hand-Crafted 3D VFX_ Level 2/Unreal Cascade Booms & Blasts - Legacy/Intro to Cascade - Unreal 4.html,DISCOVERED
post,Intro to Materials - Unreal 4,https://www.vfxapprentice.com/products/hand-crafted-3d-vfx-level-2/categories/2150613360/posts/2158906796,https://www.vfxapprentice.com/products/hand-crafted-3d-vfx-level-2/categories/2150613360,Hand-Crafted 3D VFX_ Level 2/Unreal Cascade Booms & Blasts - Legacy/Intro to Materials - Unreal 4.html,DISCOVERED
post,Intro to Kit Bashing - Unreal 4,https://www.vfxapprentice.com/products/hand-crafted-3d-vfx-level-2/categories/2150613360/posts/2158906807,https://www.vfxapprentice.com/products/hand-crafted-3d-vfx-level-2/categories/2150613360,Hand-Crafted 3D VFX_ Level 2/Unreal Cascade Booms & Blasts - Legacy/Intro to Kit Bashing - Unreal 4.html,DISCOVERED
post,Project Walkthrough - Unreal 4,https://www.vfxapprentice.com/products/hand-crafted-3d-vfx-level-2/categories/2150613360/posts/2158906808,https://www.vfxapprentice.com/products/hand-crafted-3d-vfx-level-2/categories/2150613360,Hand-Crafted 3D VFX_ Level 2/Unreal Cascade Booms & Blasts - Legacy/Project Walkthrough - Unreal 4.html,DISCOVERED
post,Fire Explosion Breakdown - Unreal 4,https://www.vfxapprentice.com/products/hand-crafted-3d-vfx-level-2/categories/2150613360/posts/2158906027,https://www.vfxapprentice.com/products/hand-crafted-3d-vfx-level-2/categories/2150613360,Hand-Crafted 3D VFX_ Level 2/Unreal Cascade Booms & Blasts - Legacy/Fire Explosion Breakdown - Unreal 4.html,DISCOVERED
post,Lightning Zap Breakdown - Unreal 4,https://www.vfxapprentice.com/products/hand-crafted-3d-vfx-level-2/categories/2150613360/posts/2158906053,https://www.vfxapprentice.com/products/hand-crafted-3d-vfx-level-2/categories/2150613360,Hand-Crafted 3D VFX_ Level 2/Unreal Cascade Booms & Blasts - Legacy/Lightning Zap Breakdown - Unreal 4.html,DISCOVERED
post,Wispy Dissolve & Fresnel Shader Setup - Unreal 4,https://www.vfxapprentice.com/products/hand-crafted-3d-vfx-level-2/categories/2150613360/posts/2158908218,https://www.vfxapprentice.com/products/hand-crafted-3d-vfx-level-2/categories/2150613360,Hand-Crafted 3D VFX_ Level 2/Unreal Cascade Booms & Blasts - Legacy/Wispy Dissolve & Fresnel Shader Setup - Unreal 4.html,DISCOVERED
post,Wispy Cloud Particle System - Unreal 4,https://www.vfxapprentice.com/products/hand-crafted-3d-vfx-level-2/categories/2150613360/posts/2158906066,https://www.vfxapprentice.com/products/hand-crafted-3d-vfx-level-2/categories/2150613360,Hand-Crafted 3D VFX_ Level 2/Unreal Cascade Booms & Blasts - Legacy/Wispy Cloud Particle System - Unreal 4.html,DISCOVERED
post,Goo Splat Material Setup - Unreal 4,https://www.vfxapprentice.com/products/hand-crafted-3d-vfx-level-2/categories/2150613360/posts/2158908536,https://www.vfxapprentice.com/products/hand-crafted-3d-vfx-level-2/categories/2150613360,Hand-Crafted 3D VFX_ Level 2/Unreal Cascade Booms & Blasts - Legacy/Goo Splat Material Setup - Unreal 4.html,DISCOVERED
post,Goo Splat Particle Setup - Unreal 4,https://www.vfxapprentice.com/products/hand-crafted-3d-vfx-level-2/categories/2150613360/posts/2158906070,https://www.vfxapprentice.com/products/hand-crafted-3d-vfx-level-2/categories/2150613360,Hand-Crafted 3D VFX_ Level 2/Unreal Cascade Booms & Blasts - Legacy/Goo Splat Particle Setup - Unreal 4.html,DISCOVERED
post,Goo Splat Particle Refinement - Unreal 4,https://www.vfxapprentice.com/products/hand-crafted-3d-vfx-level-2/categories/2150613360/posts/2158908543,https://www.vfxapprentice.com/products/hand-crafted-3d-vfx-level-2/categories/2150613360,Hand-Crafted 3D VFX_ Level 2/Unreal Cascade Booms & Blasts - Legacy/Goo Splat Particle Refinement - Unreal 4.html,DISCOVERED
post,Unreal Cascade B&B Legacy Review,https://www.vfxapprentice.com/products/hand-crafted-3d-vfx-level-2/categories/2150613360/posts/2159191863,https://www.vfxapprentice.com/products/hand-crafted-3d-vfx-level-2/categories/2150613360,Hand-Crafted 3D VFX_ Level 2/Unreal Cascade Booms & Blasts - Legacy/Unreal Cascade B&B Legacy Review.html,DISCOVERED
post,Great Job!,https://www.vfxapprentice.com/products/hand-crafted-3d-vfx-level-2/categories/2150613450/posts/2158907080,https://www.vfxapprentice.com/products/hand-crafted-3d-vfx-level-2/categories/2150613450,Hand-Crafted 3D VFX_ Level 2/Level 2 ✅/Great Job!.html,DISCOVERED
post,Lesson Survey,https://www.vfxapprentice.com/products/hand-crafted-3d-vfx-level-2/categories/2150613450/posts/2160626434,https://www.vfxapprentice.com/products/hand-crafted-3d-vfx-level-2/categories/2150613450,Hand-Crafted 3D VFX_ Level 2/Level 2 ✅/Lesson Survey.html,DISCOVERED
post,Project Download,https://www.vfxapprentice.com/products/apprenticeship-level-3/categories/2151531420/posts/2160809235,https://www.vfxapprentice.com/products/apprenticeship-level-3/categories/2151531420,Apprenticeship Level 3/Project - Download/Project Download.html,DISCOVERED
post,Unity Project Walkthrough,https://www.vfxapprentice.com/products/apprenticeship-level-3/categories/2151531420/posts/2162489428,https://www.vfxapprentice.com/products/apprenticeship-level-3/categories/2151531420,Apprenticeship Level 3/Project - Download/Unity Project Walkthrough.html,DISCOVERED
category,Portfolio & Application Planning,https://www.vfxapprentice.com/products/apprenticeship-level-3/categories/2150661699,https://www.vfxapprentice.com/products/apprenticeship-level-3/categories/2150661675,Apprenticeship Level 3/Soft Skills - Explained/Portfolio & Application Planning/index.html,DISCOVERED
category,Review,https://www.vfxapprentice.com/products/apprenticeship-level-3/categories/2151085931,https://www.vfxapprentice.com/products/apprenticeship-level-3/categories/2150661675,Apprenticeship Level 3/Soft Skills - Explained/Review/index.html,DISCOVERED
category,Unreal Sword Swipe Spell,https://www.vfxapprentice.com/products/apprenticeship-level-3/categories/2150661702,https://www.vfxapprentice.com/products/apprenticeship-level-3/categories/2150661700,"Apprenticeship Level 3/Sidescroller_ 2D FX, 3D FX & Implementation - Unreal 4/Unreal Sword Swipe Spell/index.html",DISCOVERED
category,Unreal Fireball Spell,https://www.vfxapprentice.com/products/apprenticeship-level-3/categories/2150661703,https://www.vfxapprentice.com/products/apprenticeship-level-3/categories/2150661700,"Apprenticeship Level 3/Sidescroller_ 2D FX, 3D FX & Implementation - Unreal 4/Unreal Fireball Spell/index.html",DISCOVERED
category,Unreal Heal,https://www.vfxapprentice.com/products/apprenticeship-level-3/categories/2150661704,https://www.vfxapprentice.com/products/apprenticeship-level-3/categories/2150661700,"Apprenticeship Level 3/Sidescroller_ 2D FX, 3D FX & Implementation - Unreal 4/Unreal Heal/index.html",DISCOVERED
category,Side Scroller Evaluation,https://www.vfxapprentice.com/products/apprenticeship-level-3/categories/2151123941,https://www.vfxapprentice.com/products/apprenticeship-level-3/categories/2150661700,"Apprenticeship Level 3/Sidescroller_ 2D FX, 3D FX & Implementation - Unreal 4/Side Scroller Evaluation/index.html",DISCOVERED
post,Western Projectile,https://www.vfxapprentice.com/products/apprenticeship-level-3/categories/2152376030/posts/2165719282,https://www.vfxapprentice.com/products/apprenticeship-level-3/categories/2152376030,Apprenticeship Level 3/Production Level Effects - Breakdown/Western Projectile.html,DISCOVERED
post,Electric Beam,https://www.vfxapprentice.com/products/apprenticeship-level-3/categories/2152376030/posts/2165719285,https://www.vfxapprentice.com/products/apprenticeship-level-3/categories/2152376030,Apprenticeship Level 3/Production Level Effects - Breakdown/Electric Beam.html,DISCOVERED
post,Water Shield,https://www.vfxapprentice.com/products/apprenticeship-level-3/categories/2152376030/posts/2166259881,https://www.vfxapprentice.com/products/apprenticeship-level-3/categories/2152376030,Apprenticeship Level 3/Production Level Effects - Breakdown/Water Shield.html,DISCOVERED
post,Vertical Explosion,https://www.vfxapprentice.com/products/apprenticeship-level-3/categories/2152376030/posts/2166362222,https://www.vfxapprentice.com/products/apprenticeship-level-3/categories/2152376030,Apprenticeship Level 3/Production Level Effects - Breakdown/Vertical Explosion.html,DISCOVERED
post,Slash Combo,https://www.vfxapprentice.com/products/apprenticeship-level-3/categories/2152376030/posts/2168023414,https://www.vfxapprentice.com/products/apprenticeship-level-3/categories/2152376030,Apprenticeship Level 3/Production Level Effects - Breakdown/Slash Combo.html,DISCOVERED
post,Production Level Effects Review,https://www.vfxapprentice.com/products/apprenticeship-level-3/categories/2152376030/posts/2165764366,https://www.vfxapprentice.com/products/apprenticeship-level-3/categories/2152376030,Apprenticeship Level 3/Production Level Effects - Breakdown/Production Level Effects Review.html,DISCOVERED
post,Intro,https://www.vfxapprentice.com/products/apprenticeship-level-3/categories/2152945612/posts/2167972642,https://www.vfxapprentice.com/products/apprenticeship-level-3/categories/2152945612,Apprenticeship Level 3/Production Level Effects - Unreal/Intro.html,DISCOVERED
post,Breakdown,https://www.vfxapprentice.com/products/apprenticeship-level-3/categories/2152945612/posts/2167972644,https://www.vfxapprentice.com/products/apprenticeship-level-3/categories/2152945612,Apprenticeship Level 3/Production Level Effects - Unreal/Breakdown.html,DISCOVERED
post,Artistic Choices,https://www.vfxapprentice.com/products/apprenticeship-level-3/categories/2152945612/posts/2167972646,https://www.vfxapprentice.com/products/apprenticeship-level-3/categories/2152945612,Apprenticeship Level 3/Production Level Effects - Unreal/Artistic Choices.html,DISCOVERED
post,Production & Optimization,https://www.vfxapprentice.com/products/apprenticeship-level-3/categories/2152945612/posts/2167972650,https://www.vfxapprentice.com/products/apprenticeship-level-3/categories/2152945612,Apprenticeship Level 3/Production Level Effects - Unreal/Production & Optimization.html,DISCOVERED
post,Importing to UEFN,https://www.vfxapprentice.com/products/apprenticeship-level-3/categories/2152945612/posts/2167972654,https://www.vfxapprentice.com/products/apprenticeship-level-3/categories/2152945612,Apprenticeship Level 3/Production Level Effects - Unreal/Importing to UEFN.html,DISCOVERED
post,Week 1: Introduction & Assignment,https://www.vfxapprentice.com/products/apprenticeship-level-3/categories/2150661743/posts/2160822354,https://www.vfxapprentice.com/products/apprenticeship-level-3/categories/2150661743,Apprenticeship Level 3/Apprenticeship/Week 1_ Introduction & Assignment.html,DISCOVERED
post,Week 1: Introduction Q&A,https://www.vfxapprentice.com/products/apprenticeship-level-3/categories/2150661743/posts/2160822358,https://www.vfxapprentice.com/products/apprenticeship-level-3/categories/2150661743,Apprenticeship Level 3/Apprenticeship/Week 1_ Introduction Q&A.html,DISCOVERED
post,Week 2: Thumbnails & Concepts,https://www.vfxapprentice.com/products/apprenticeship-level-3/categories/2150661743/posts/2160822363,https://www.vfxapprentice.com/products/apprenticeship-level-3/categories/2150661743,Apprenticeship Level 3/Apprenticeship/Week 2_ Thumbnails & Concepts.html,DISCOVERED
post,Week 2: Student Work,https://www.vfxapprentice.com/products/apprenticeship-level-3/categories/2150661743/posts/2160822380,https://www.vfxapprentice.com/products/apprenticeship-level-3/categories/2150661743,Apprenticeship Level 3/Apprenticeship/Week 2_ Student Work.html,DISCOVERED
post,Week 3: Block Out,https://www.vfxapprentice.com/products/apprenticeship-level-3/categories/2150661743/posts/2160822384,https://www.vfxapprentice.com/products/apprenticeship-level-3/categories/2150661743,Apprenticeship Level 3/Apprenticeship/Week 3_ Block Out.html,DISCOVERED
post,Week 4: First Pass,https://www.vfxapprentice.com/products/apprenticeship-level-3/categories/2150661743/posts/2160897721,https://www.vfxapprentice.com/products/apprenticeship-level-3/categories/2150661743,Apprenticeship Level 3/Apprenticeship/Week 4_ First Pass.html,DISCOVERED
post,Week 4: Feedback Deep Dive,https://www.vfxapprentice.com/products/apprenticeship-level-3/categories/2150661743/posts/2160897723,https://www.vfxapprentice.com/products/apprenticeship-level-3/categories/2150661743,Apprenticeship Level 3/Apprenticeship/Week 4_ Feedback Deep Dive.html,DISCOVERED
post,Week 5: First Pass Follow-up Review,https://www.vfxapprentice.com/products/apprenticeship-level-3/categories/2150661743/posts/2160897726,https://www.vfxapprentice.com/products/apprenticeship-level-3/categories/2150661743,Apprenticeship Level 3/Apprenticeship/Week 5_ First Pass Follow-up Review.html,DISCOVERED
post,Week 5: Live Feedback,https://www.vfxapprentice.com/products/apprenticeship-level-3/categories/2150661743/posts/2160897729,https://www.vfxapprentice.com/products/apprenticeship-level-3/categories/2150661743,Apprenticeship Level 3/Apprenticeship/Week 5_ Live Feedback.html,DISCOVERED
post,Week 6: Second Pass,https://www.vfxapprentice.com/products/apprenticeship-level-3/categories/2150661743/posts/2160897738,https://www.vfxapprentice.com/products/apprenticeship-level-3/categories/2150661743,Apprenticeship Level 3/Apprenticeship/Week 6_ Second Pass.html,DISCOVERED
post,Week 6: Live Feedback,https://www.vfxapprentice.com/products/apprenticeship-level-3/categories/2150661743/posts/2160897742,https://www.vfxapprentice.com/products/apprenticeship-level-3/categories/2150661743,Apprenticeship Level 3/Apprenticeship/Week 6_ Live Feedback.html,DISCOVERED
post,Week 7: Second Pass Follow-up Review,https://www.vfxapprentice.com/products/apprenticeship-level-3/categories/2150661743/posts/2160922461,https://www.vfxapprentice.com/products/apprenticeship-level-3/categories/2150661743,Apprenticeship Level 3/Apprenticeship/Week 7_ Second Pass Follow-up Review.html,DISCOVERED
post,Week 7: Live Feedback,https://www.vfxapprentice.com/products/apprenticeship-level-3/categories/2150661743/posts/2160922466,https://www.vfxapprentice.com/products/apprenticeship-level-3/categories/2150661743,Apprenticeship Level 3/Apprenticeship/Week 7_ Live Feedback.html,DISCOVERED
post,Week 8: Successful Polish,https://www.vfxapprentice.com/products/apprenticeship-level-3/categories/2150661743/posts/2160924272,https://www.vfxapprentice.com/products/apprenticeship-level-3/categories/2150661743,Apprenticeship Level 3/Apprenticeship/Week 8_ Successful Polish.html,DISCOVERED
post,Week 9: Final Pass,https://www.vfxapprentice.com/products/apprenticeship-level-3/categories/2150661743/posts/2162661757,https://www.vfxapprentice.com/products/apprenticeship-level-3/categories/2150661743,Apprenticeship Level 3/Apprenticeship/Week 9_ Final Pass.html,DISCOVERED
post,Final Effect: Rowan Rees,https://www.vfxapprentice.com/products/apprenticeship-level-3/categories/2150661743/posts/2160924827,https://www.vfxapprentice.com/products/apprenticeship-level-3/categories/2150661743,Apprenticeship Level 3/Apprenticeship/Final Effect_ Rowan Rees.html,DISCOVERED
post,Great job!,https://www.vfxapprentice.com/products/apprenticeship-level-3/categories/2151090962/posts/2160776940,https://www.vfxapprentice.com/products/apprenticeship-level-3/categories/2151090962,Apprenticeship Level 3/Apprenticeship ✅/Great job!.html,DISCOVERED
post,Survey,https://www.vfxapprentice.com/products/apprenticeship-level-3/categories/2151090962/posts/2160626508,https://www.vfxapprentice.com/products/apprenticeship-level-3/categories/2151090962,Apprenticeship Level 3/Apprenticeship ✅/Survey.html,DISCOVERED
post,Sketch - Drawing with Confidence,https://www.vfxapprentice.com/products/hand-drawn-2d-fx-level-1/categories/2150627445/posts/2158960466,https://www.vfxapprentice.com/products/hand-drawn-2d-fx-level-1/categories/2150627445,Hand-Drawn 2D FX_ Level 1/Drawing Foundations - Design/Lesson Sketch/Sketch - Drawing with Confidence.html,DISCOVERED
post,Sketch - Thinking in 3D,https://www.vfxapprentice.com/products/hand-drawn-2d-fx-level-1/categories/2150627445/posts/2158960470,https://www.vfxapprentice.com/products/hand-drawn-2d-fx-level-1/categories/2150627445,Hand-Drawn 2D FX_ Level 1/Drawing Foundations - Design/Lesson Sketch/Sketch - Thinking in 3D.html,DISCOVERED
post,Sketch - Drawing in Perspective,https://www.vfxapprentice.com/products/hand-drawn-2d-fx-level-1/categories/2150627445/posts/2158960472,https://www.vfxapprentice.com/products/hand-drawn-2d-fx-level-1/categories/2150627445,Hand-Drawn 2D FX_ Level 1/Drawing Foundations - Design/Lesson Sketch/Sketch - Drawing in Perspective.html,DISCOVERED
post,Sketch - Using Weighted Lines (Water Practice),https://www.vfxapprentice.com/products/hand-drawn-2d-fx-level-1/categories/2150627445/posts/2158960475,https://www.vfxapprentice.com/products/hand-drawn-2d-fx-level-1/categories/2150627445,Hand-Drawn 2D FX_ Level 1/Drawing Foundations - Design/Lesson Sketch/Sketch - Using Weighted Lines (Water Practice).html,DISCOVERED
post,Sketch - Drawing from a Reference,https://www.vfxapprentice.com/products/hand-drawn-2d-fx-level-1/categories/2150627445/posts/2158960476,https://www.vfxapprentice.com/products/hand-drawn-2d-fx-level-1/categories/2150627445,Hand-Drawn 2D FX_ Level 1/Drawing Foundations - Design/Lesson Sketch/Sketch - Drawing from a Reference.html,DISCOVERED
post,Drawing Foundations Review,https://www.vfxapprentice.com/products/hand-drawn-2d-fx-level-1/categories/2150659699/posts/2159034240,https://www.vfxapprentice.com/products/hand-drawn-2d-fx-level-1/categories/2150659699,Hand-Drawn 2D FX_ Level 1/Drawing Foundations - Design/Review/Drawing Foundations Review.html,DISCOVERED
post,Start Animating!,https://www.vfxapprentice.com/products/hand-drawn-2d-fx-level-1/categories/2150627208/posts/2158962118,https://www.vfxapprentice.com/products/hand-drawn-2d-fx-level-1/categories/2150627208,Hand-Drawn 2D FX_ Level 1/2D Software Introduction - Explained/Intro to Animate/Start Animating!.html,DISCOVERED
post,Software Setup,https://www.vfxapprentice.com/products/hand-drawn-2d-fx-level-1/categories/2150627208/posts/2158962119,https://www.vfxapprentice.com/products/hand-drawn-2d-fx-level-1/categories/2150627208,Hand-Drawn 2D FX_ Level 1/2D Software Introduction - Explained/Intro to Animate/Software Setup.html,DISCOVERED
post,The Drawing Tools,https://www.vfxapprentice.com/products/hand-drawn-2d-fx-level-1/categories/2150627208/posts/2158962120,https://www.vfxapprentice.com/products/hand-drawn-2d-fx-level-1/categories/2150627208,Hand-Drawn 2D FX_ Level 1/2D Software Introduction - Explained/Intro to Animate/The Drawing Tools.html,DISCOVERED
post,Timeline Controls,https://www.vfxapprentice.com/products/hand-drawn-2d-fx-level-1/categories/2150627208/posts/2158962123,https://www.vfxapprentice.com/products/hand-drawn-2d-fx-level-1/categories/2150627208,Hand-Drawn 2D FX_ Level 1/2D Software Introduction - Explained/Intro to Animate/Timeline Controls.html,DISCOVERED
post,Creating Flipbooks,https://www.vfxapprentice.com/products/hand-drawn-2d-fx-level-1/categories/2150627208/posts/2158962124,https://www.vfxapprentice.com/products/hand-drawn-2d-fx-level-1/categories/2150627208,Hand-Drawn 2D FX_ Level 1/2D Software Introduction - Explained/Intro to Animate/Creating Flipbooks.html,DISCOVERED
post,Creating Irregular Flipbooks,https://www.vfxapprentice.com/products/hand-drawn-2d-fx-level-1/categories/2150627208/posts/2158962126,https://www.vfxapprentice.com/products/hand-drawn-2d-fx-level-1/categories/2150627208,Hand-Drawn 2D FX_ Level 1/2D Software Introduction - Explained/Intro to Animate/Creating Irregular Flipbooks.html,DISCOVERED
post,BONUS - Cleanup Animation,https://www.vfxapprentice.com/products/hand-drawn-2d-fx-level-1/categories/2150627208/posts/2158962130,https://www.vfxapprentice.com/products/hand-drawn-2d-fx-level-1/categories/2150627208,Hand-Drawn 2D FX_ Level 1/2D Software Introduction - Explained/Intro to Animate/BONUS - Cleanup Animation.html,DISCOVERED
post,Begin to Animate!,https://www.vfxapprentice.com/products/hand-drawn-2d-fx-level-1/categories/2150627207/posts/2158962135,https://www.vfxapprentice.com/products/hand-drawn-2d-fx-level-1/categories/2150627207,Hand-Drawn 2D FX_ Level 1/2D Software Introduction - Explained/Intro to Harmony/Begin to Animate!.html,DISCOVERED
post,Software Setup,https://www.vfxapprentice.com/products/hand-drawn-2d-fx-level-1/categories/2150627207/posts/2158962142,https://www.vfxapprentice.com/products/hand-drawn-2d-fx-level-1/categories/2150627207,Hand-Drawn 2D FX_ Level 1/2D Software Introduction - Explained/Intro to Harmony/Software Setup.html,DISCOVERED
post,Tools & Timeline,https://www.vfxapprentice.com/products/hand-drawn-2d-fx-level-1/categories/2150627207/posts/2158962143,https://www.vfxapprentice.com/products/hand-drawn-2d-fx-level-1/categories/2150627207,Hand-Drawn 2D FX_ Level 1/2D Software Introduction - Explained/Intro to Harmony/Tools & Timeline.html,DISCOVERED
post,Node Setup & Compositing,https://www.vfxapprentice.com/products/hand-drawn-2d-fx-level-1/categories/2150627207/posts/2158962146,https://www.vfxapprentice.com/products/hand-drawn-2d-fx-level-1/categories/2150627207,Hand-Drawn 2D FX_ Level 1/2D Software Introduction - Explained/Intro to Harmony/Node Setup & Compositing.html,DISCOVERED
post,Flipbook Creation,https://www.vfxapprentice.com/products/hand-drawn-2d-fx-level-1/categories/2150627207/posts/2158962150,https://www.vfxapprentice.com/products/hand-drawn-2d-fx-level-1/categories/2150627207,Hand-Drawn 2D FX_ Level 1/2D Software Introduction - Explained/Intro to Harmony/Flipbook Creation.html,DISCOVERED
post,Photoshop for VFX Artists - 1: Tools,https://www.vfxapprentice.com/products/hand-drawn-2d-fx-level-1/categories/2150627459/posts/2159032198,https://www.vfxapprentice.com/products/hand-drawn-2d-fx-level-1/categories/2150627459,Hand-Drawn 2D FX_ Level 1/2D Software Introduction - Explained/Intro to Photoshop/Photoshop for VFX Artists - 1_ Tools.html,DISCOVERED
post,Photoshop for VFX Artists - 2: Layers,https://www.vfxapprentice.com/products/hand-drawn-2d-fx-level-1/categories/2150627459/posts/2159032201,https://www.vfxapprentice.com/products/hand-drawn-2d-fx-level-1/categories/2150627459,Hand-Drawn 2D FX_ Level 1/2D Software Introduction - Explained/Intro to Photoshop/Photoshop for VFX Artists - 2_ Layers.html,DISCOVERED
post,Photoshop for VFX Artists - 3: Adjustments,https://www.vfxapprentice.com/products/hand-drawn-2d-fx-level-1/categories/2150627459/posts/2159032202,https://www.vfxapprentice.com/products/hand-drawn-2d-fx-level-1/categories/2150627459,Hand-Drawn 2D FX_ Level 1/2D Software Introduction - Explained/Intro to Photoshop/Photoshop for VFX Artists - 3_ Adjustments.html,DISCOVERED
post,Photoshop for VFX Artists - 4: Pro Tips,https://www.vfxapprentice.com/products/hand-drawn-2d-fx-level-1/categories/2150627459/posts/2159032203,https://www.vfxapprentice.com/products/hand-drawn-2d-fx-level-1/categories/2150627459,Hand-Drawn 2D FX_ Level 1/2D Software Introduction - Explained/Intro to Photoshop/Photoshop for VFX Artists - 4_ Pro Tips.html,DISCOVERED
post,Photoshop For VFX Artists - 5: Animation,https://www.vfxapprentice.com/products/hand-drawn-2d-fx-level-1/categories/2150627459/posts/2170119553,https://www.vfxapprentice.com/products/hand-drawn-2d-fx-level-1/categories/2150627459,Hand-Drawn 2D FX_ Level 1/2D Software Introduction - Explained/Intro to Photoshop/Photoshop For VFX Artists - 5_ Animation.html,DISCOVERED
post,2D Software Introduction Review,https://www.vfxapprentice.com/products/hand-drawn-2d-fx-level-1/categories/2150659703/posts/2159034276,https://www.vfxapprentice.com/products/hand-drawn-2d-fx-level-1/categories/2150659703,Hand-Drawn 2D FX_ Level 1/2D Software Introduction - Explained/Review/2D Software Introduction Review.html,DISCOVERED
post,Small to Big - Intro Animation,https://www.vfxapprentice.com/products/hand-drawn-2d-fx-level-1/categories/2151838203/posts/2163608805,https://www.vfxapprentice.com/products/hand-drawn-2d-fx-level-1/categories/2151838203,Hand-Drawn 2D FX_ Level 1/2D FX Basics - Animation/2D FX Playbook/Small to Big - Intro Animation.html,DISCOVERED
post,Pop-up - Intro Animation,https://www.vfxapprentice.com/products/hand-drawn-2d-fx-level-1/categories/2151838203/posts/2163608808,https://www.vfxapprentice.com/products/hand-drawn-2d-fx-level-1/categories/2151838203,Hand-Drawn 2D FX_ Level 1/2D FX Basics - Animation/2D FX Playbook/Pop-up - Intro Animation.html,DISCOVERED
post,Squash & Stretch - Intro Animation,https://www.vfxapprentice.com/products/hand-drawn-2d-fx-level-1/categories/2151838203/posts/2163608815,https://www.vfxapprentice.com/products/hand-drawn-2d-fx-level-1/categories/2151838203,Hand-Drawn 2D FX_ Level 1/2D FX Basics - Animation/2D FX Playbook/Squash & Stretch - Intro Animation.html,DISCOVERED
post,In-motion - Intro Animation,https://www.vfxapprentice.com/products/hand-drawn-2d-fx-level-1/categories/2151838203/posts/2163608825,https://www.vfxapprentice.com/products/hand-drawn-2d-fx-level-1/categories/2151838203,Hand-Drawn 2D FX_ Level 1/2D FX Basics - Animation/2D FX Playbook/In-motion - Intro Animation.html,DISCOVERED
post,Big to Small - Outro Animation,https://www.vfxapprentice.com/products/hand-drawn-2d-fx-level-1/categories/2151838203/posts/2163765364,https://www.vfxapprentice.com/products/hand-drawn-2d-fx-level-1/categories/2151838203,Hand-Drawn 2D FX_ Level 1/2D FX Basics - Animation/2D FX Playbook/Big to Small - Outro Animation.html,DISCOVERED
post,Break into Pieces - Outro Animation,https://www.vfxapprentice.com/products/hand-drawn-2d-fx-level-1/categories/2151838203/posts/2163765366,https://www.vfxapprentice.com/products/hand-drawn-2d-fx-level-1/categories/2151838203,Hand-Drawn 2D FX_ Level 1/2D FX Basics - Animation/2D FX Playbook/Break into Pieces - Outro Animation.html,DISCOVERED
post,Carving out Shapes - Outro Animation,https://www.vfxapprentice.com/products/hand-drawn-2d-fx-level-1/categories/2151838203/posts/2163765371,https://www.vfxapprentice.com/products/hand-drawn-2d-fx-level-1/categories/2151838203,Hand-Drawn 2D FX_ Level 1/2D FX Basics - Animation/2D FX Playbook/Carving out Shapes - Outro Animation.html,DISCOVERED
post,Timing Offset - Looping Effects,https://www.vfxapprentice.com/products/hand-drawn-2d-fx-level-1/categories/2151838203/posts/2171429855,https://www.vfxapprentice.com/products/hand-drawn-2d-fx-level-1/categories/2151838203,Hand-Drawn 2D FX_ Level 1/2D FX Basics - Animation/2D FX Playbook/Timing Offset - Looping Effects.html,DISCOVERED
post,Rotating Keys - Looping Effects,https://www.vfxapprentice.com/products/hand-drawn-2d-fx-level-1/categories/2151838203/posts/2171429904,https://www.vfxapprentice.com/products/hand-drawn-2d-fx-level-1/categories/2151838203,Hand-Drawn 2D FX_ Level 1/2D FX Basics - Animation/2D FX Playbook/Rotating Keys - Looping Effects.html,DISCOVERED
post,Wave Principle - Looping Effects,https://www.vfxapprentice.com/products/hand-drawn-2d-fx-level-1/categories/2151838203/posts/2171429923,https://www.vfxapprentice.com/products/hand-drawn-2d-fx-level-1/categories/2151838203,Hand-Drawn 2D FX_ Level 1/2D FX Basics - Animation/2D FX Playbook/Wave Principle - Looping Effects.html,DISCOVERED
post,Linear Keyframes - Looping Effects,https://www.vfxapprentice.com/products/hand-drawn-2d-fx-level-1/categories/2151838203/posts/2171429925,https://www.vfxapprentice.com/products/hand-drawn-2d-fx-level-1/categories/2151838203,Hand-Drawn 2D FX_ Level 1/2D FX Basics - Animation/2D FX Playbook/Linear Keyframes - Looping Effects.html,DISCOVERED
post,Effects in Motion - Overlapping Action,https://www.vfxapprentice.com/products/hand-drawn-2d-fx-level-1/categories/2151838203/posts/2171429927,https://www.vfxapprentice.com/products/hand-drawn-2d-fx-level-1/categories/2151838203,Hand-Drawn 2D FX_ Level 1/2D FX Basics - Animation/2D FX Playbook/Effects in Motion - Overlapping Action.html,DISCOVERED
post,2D FX Basics Review,https://www.vfxapprentice.com/products/hand-drawn-2d-fx-level-1/categories/2153488366/posts/2170122606,https://www.vfxapprentice.com/products/hand-drawn-2d-fx-level-1/categories/2153488366,Hand-Drawn 2D FX_ Level 1/2D FX Basics - Animation/Review/2D FX Basics Review.html,DISCOVERED
post,Introduction & First Batch Animation,https://www.vfxapprentice.com/products/hand-drawn-2d-fx-level-1/categories/2150627214/posts/2158960251,https://www.vfxapprentice.com/products/hand-drawn-2d-fx-level-1/categories/2150627214,Hand-Drawn 2D FX_ Level 1/Applied Foundations - Animation/Line Wiggle Warmup/Introduction & First Batch Animation.html,DISCOVERED
post,First Batch Cleanup,https://www.vfxapprentice.com/products/hand-drawn-2d-fx-level-1/categories/2150627214/posts/2158960254,https://www.vfxapprentice.com/products/hand-drawn-2d-fx-level-1/categories/2150627214,Hand-Drawn 2D FX_ Level 1/Applied Foundations - Animation/Line Wiggle Warmup/First Batch Cleanup.html,DISCOVERED
post,Second Batch Animation,https://www.vfxapprentice.com/products/hand-drawn-2d-fx-level-1/categories/2150627214/posts/2158960255,https://www.vfxapprentice.com/products/hand-drawn-2d-fx-level-1/categories/2150627214,Hand-Drawn 2D FX_ Level 1/Applied Foundations - Animation/Line Wiggle Warmup/Second Batch Animation.html,DISCOVERED
post,Second Batch Cleanup,https://www.vfxapprentice.com/products/hand-drawn-2d-fx-level-1/categories/2150627214/posts/2158960259,https://www.vfxapprentice.com/products/hand-drawn-2d-fx-level-1/categories/2150627214,Hand-Drawn 2D FX_ Level 1/Applied Foundations - Animation/Line Wiggle Warmup/Second Batch Cleanup.html,DISCOVERED
post,Straight-Ahead Approach,https://www.vfxapprentice.com/products/hand-drawn-2d-fx-level-1/categories/2150627215/posts/2158960241,https://www.vfxapprentice.com/products/hand-drawn-2d-fx-level-1/categories/2150627215,Hand-Drawn 2D FX_ Level 1/Applied Foundations - Animation/Negative Shapes_ Blip Animation/Straight-Ahead Approach.html,DISCOVERED
post,Animation Cleanup,https://www.vfxapprentice.com/products/hand-drawn-2d-fx-level-1/categories/2150627215/posts/2158960242,https://www.vfxapprentice.com/products/hand-drawn-2d-fx-level-1/categories/2150627215,Hand-Drawn 2D FX_ Level 1/Applied Foundations - Animation/Negative Shapes_ Blip Animation/Animation Cleanup.html,DISCOVERED
post,Symbol Technique,https://www.vfxapprentice.com/products/hand-drawn-2d-fx-level-1/categories/2150627215/posts/2158960244,https://www.vfxapprentice.com/products/hand-drawn-2d-fx-level-1/categories/2150627215,Hand-Drawn 2D FX_ Level 1/Applied Foundations - Animation/Negative Shapes_ Blip Animation/Symbol Technique.html,DISCOVERED
post,Animating Sparkles,https://www.vfxapprentice.com/products/hand-drawn-2d-fx-level-1/categories/2150627217/posts/2158960232,https://www.vfxapprentice.com/products/hand-drawn-2d-fx-level-1/categories/2150627217,Hand-Drawn 2D FX_ Level 1/Applied Foundations - Animation/Sparkle/Animating Sparkles.html,DISCOVERED
post,Cleanup Sparkle Animation,https://www.vfxapprentice.com/products/hand-drawn-2d-fx-level-1/categories/2150627217/posts/2158960234,https://www.vfxapprentice.com/products/hand-drawn-2d-fx-level-1/categories/2150627217,Hand-Drawn 2D FX_ Level 1/Applied Foundations - Animation/Sparkle/Cleanup Sparkle Animation.html,DISCOVERED
post,Adding Glows,https://www.vfxapprentice.com/products/hand-drawn-2d-fx-level-1/categories/2150627217/posts/2158960236,https://www.vfxapprentice.com/products/hand-drawn-2d-fx-level-1/categories/2150627217,Hand-Drawn 2D FX_ Level 1/Applied Foundations - Animation/Sparkle/Adding Glows.html,DISCOVERED
post,BONUS -  Attempted Sparkle Animation,https://www.vfxapprentice.com/products/hand-drawn-2d-fx-level-1/categories/2150627217/posts/2158960237,https://www.vfxapprentice.com/products/hand-drawn-2d-fx-level-1/categories/2150627217,Hand-Drawn 2D FX_ Level 1/Applied Foundations - Animation/Sparkle/BONUS -  Attempted Sparkle Animation.html,DISCOVERED
post,Reference Review,https://www.vfxapprentice.com/products/hand-drawn-2d-fx-level-1/categories/2150627219/posts/2158960178,https://www.vfxapprentice.com/products/hand-drawn-2d-fx-level-1/categories/2150627219,Hand-Drawn 2D FX_ Level 1/Applied Foundations - Animation/Abstract Lightning/Reference Review.html,DISCOVERED
post,Final Lightning Review,https://www.vfxapprentice.com/products/hand-drawn-2d-fx-level-1/categories/2150627219/posts/2158960179,https://www.vfxapprentice.com/products/hand-drawn-2d-fx-level-1/categories/2150627219,Hand-Drawn 2D FX_ Level 1/Applied Foundations - Animation/Abstract Lightning/Final Lightning Review.html,DISCOVERED
post,First Attempts,https://www.vfxapprentice.com/products/hand-drawn-2d-fx-level-1/categories/2150627219/posts/2158960181,https://www.vfxapprentice.com/products/hand-drawn-2d-fx-level-1/categories/2150627219,Hand-Drawn 2D FX_ Level 1/Applied Foundations - Animation/Abstract Lightning/First Attempts.html,DISCOVERED
post,Third Attempt,https://www.vfxapprentice.com/products/hand-drawn-2d-fx-level-1/categories/2150627219/posts/2158960183,https://www.vfxapprentice.com/products/hand-drawn-2d-fx-level-1/categories/2150627219,Hand-Drawn 2D FX_ Level 1/Applied Foundations - Animation/Abstract Lightning/Third Attempt.html,DISCOVERED
post,Cleanup & Polish,https://www.vfxapprentice.com/products/hand-drawn-2d-fx-level-1/categories/2150627219/posts/2158960205,https://www.vfxapprentice.com/products/hand-drawn-2d-fx-level-1/categories/2150627219,Hand-Drawn 2D FX_ Level 1/Applied Foundations - Animation/Abstract Lightning/Cleanup & Polish.html,DISCOVERED
post,Concept Sketches & Timing Pass,https://www.vfxapprentice.com/products/hand-drawn-2d-fx-level-1/categories/2150627220/posts/2158960130,https://www.vfxapprentice.com/products/hand-drawn-2d-fx-level-1/categories/2150627220,Hand-Drawn 2D FX_ Level 1/Applied Foundations - Animation/Fireball/Concept Sketches & Timing Pass.html,DISCOVERED
post,Rough Animation: Part 1,https://www.vfxapprentice.com/products/hand-drawn-2d-fx-level-1/categories/2150627220/posts/2158960132,https://www.vfxapprentice.com/products/hand-drawn-2d-fx-level-1/categories/2150627220,Hand-Drawn 2D FX_ Level 1/Applied Foundations - Animation/Fireball/Rough Animation_ Part 1.html,DISCOVERED
post,Rough Animation: Part 2,https://www.vfxapprentice.com/products/hand-drawn-2d-fx-level-1/categories/2150627220/posts/2158960138,https://www.vfxapprentice.com/products/hand-drawn-2d-fx-level-1/categories/2150627220,Hand-Drawn 2D FX_ Level 1/Applied Foundations - Animation/Fireball/Rough Animation_ Part 2.html,DISCOVERED
post,Rough Animation Revisions,https://www.vfxapprentice.com/products/hand-drawn-2d-fx-level-1/categories/2150627220/posts/2158960141,https://www.vfxapprentice.com/products/hand-drawn-2d-fx-level-1/categories/2150627220,Hand-Drawn 2D FX_ Level 1/Applied Foundations - Animation/Fireball/Rough Animation Revisions.html,DISCOVERED
post,Rough Animation Touch Up,https://www.vfxapprentice.com/products/hand-drawn-2d-fx-level-1/categories/2150627220/posts/2158960144,https://www.vfxapprentice.com/products/hand-drawn-2d-fx-level-1/categories/2150627220,Hand-Drawn 2D FX_ Level 1/Applied Foundations - Animation/Fireball/Rough Animation Touch Up.html,DISCOVERED
post,Cleanup & First Color Pass,https://www.vfxapprentice.com/products/hand-drawn-2d-fx-level-1/categories/2150627220/posts/2158960145,https://www.vfxapprentice.com/products/hand-drawn-2d-fx-level-1/categories/2150627220,Hand-Drawn 2D FX_ Level 1/Applied Foundations - Animation/Fireball/Cleanup & First Color Pass.html,DISCOVERED
post,Second Color Pass,https://www.vfxapprentice.com/products/hand-drawn-2d-fx-level-1/categories/2150627220/posts/2158960149,https://www.vfxapprentice.com/products/hand-drawn-2d-fx-level-1/categories/2150627220,Hand-Drawn 2D FX_ Level 1/Applied Foundations - Animation/Fireball/Second Color Pass.html,DISCOVERED
post,Final Steps (Unnarrated),https://www.vfxapprentice.com/products/hand-drawn-2d-fx-level-1/categories/2150627220/posts/2158960151,https://www.vfxapprentice.com/products/hand-drawn-2d-fx-level-1/categories/2150627220,Hand-Drawn 2D FX_ Level 1/Applied Foundations - Animation/Fireball/Final Steps (Unnarrated).html,DISCOVERED
post,Applied Foundations Review,https://www.vfxapprentice.com/products/hand-drawn-2d-fx-level-1/categories/2150659705/posts/2159034317,https://www.vfxapprentice.com/products/hand-drawn-2d-fx-level-1/categories/2150659705,Hand-Drawn 2D FX_ Level 1/Applied Foundations - Animation/Review/Applied Foundations Review.html,DISCOVERED
post,Intro & Fire Techniques,https://www.vfxapprentice.com/products/hand-drawn-2d-fx-level-1/categories/2150627461/posts/2158960532,https://www.vfxapprentice.com/products/hand-drawn-2d-fx-level-1/categories/2150627461,Hand-Drawn 2D FX_ Level 1/Intro to FX Concept Painting - Design/Painting Techniques/Intro & Fire Techniques.html,DISCOVERED
post,Wisp Technique,https://www.vfxapprentice.com/products/hand-drawn-2d-fx-level-1/categories/2150627461/posts/2158960533,https://www.vfxapprentice.com/products/hand-drawn-2d-fx-level-1/categories/2150627461,Hand-Drawn 2D FX_ Level 1/Intro to FX Concept Painting - Design/Painting Techniques/Wisp Technique.html,DISCOVERED
post,Zap Technique,https://www.vfxapprentice.com/products/hand-drawn-2d-fx-level-1/categories/2150627461/posts/2158960535,https://www.vfxapprentice.com/products/hand-drawn-2d-fx-level-1/categories/2150627461,Hand-Drawn 2D FX_ Level 1/Intro to FX Concept Painting - Design/Painting Techniques/Zap Technique.html,DISCOVERED
post,Goo Technique,https://www.vfxapprentice.com/products/hand-drawn-2d-fx-level-1/categories/2150627461/posts/2158960538,https://www.vfxapprentice.com/products/hand-drawn-2d-fx-level-1/categories/2150627461,Hand-Drawn 2D FX_ Level 1/Intro to FX Concept Painting - Design/Painting Techniques/Goo Technique.html,DISCOVERED
post,Intro to FX Concept Painting Review,https://www.vfxapprentice.com/products/hand-drawn-2d-fx-level-1/categories/2150659772/posts/2159034812,https://www.vfxapprentice.com/products/hand-drawn-2d-fx-level-1/categories/2150659772,Hand-Drawn 2D FX_ Level 1/Intro to FX Concept Painting - Design/Review/Intro to FX Concept Painting Review.html,DISCOVERED
post,Fire Explosion Thumbnails,https://www.vfxapprentice.com/products/hand-drawn-2d-fx-level-1/categories/2150627650/posts/2159032250,https://www.vfxapprentice.com/products/hand-drawn-2d-fx-level-1/categories/2150627650,Hand-Drawn 2D FX_ Level 1/FX Concept Painting Elemental Studies - Design/Fire Explosion/Fire Explosion Thumbnails.html,DISCOVERED
post,Painting & Commentary (version 1),https://www.vfxapprentice.com/products/hand-drawn-2d-fx-level-1/categories/2150627650/posts/2159032251,https://www.vfxapprentice.com/products/hand-drawn-2d-fx-level-1/categories/2150627650,Hand-Drawn 2D FX_ Level 1/FX Concept Painting Elemental Studies - Design/Fire Explosion/Painting & Commentary (version 1).html,DISCOVERED
post,Painting & Commentary (version 2),https://www.vfxapprentice.com/products/hand-drawn-2d-fx-level-1/categories/2150627650/posts/2159032252,https://www.vfxapprentice.com/products/hand-drawn-2d-fx-level-1/categories/2150627650,Hand-Drawn 2D FX_ Level 1/FX Concept Painting Elemental Studies - Design/Fire Explosion/Painting & Commentary (version 2).html,DISCOVERED
post,Fire Explosion Paintover - Jeff Gates,https://www.vfxapprentice.com/products/hand-drawn-2d-fx-level-1/categories/2150627650/posts/2159032253,https://www.vfxapprentice.com/products/hand-drawn-2d-fx-level-1/categories/2150627650,Hand-Drawn 2D FX_ Level 1/FX Concept Painting Elemental Studies - Design/Fire Explosion/Fire Explosion Paintover - Jeff Gates.html,DISCOVERED
post,Painting & Commentary,https://www.vfxapprentice.com/products/hand-drawn-2d-fx-level-1/categories/2150627651/posts/2159032254,https://www.vfxapprentice.com/products/hand-drawn-2d-fx-level-1/categories/2150627651,Hand-Drawn 2D FX_ Level 1/FX Concept Painting Elemental Studies - Design/Wispy Cloud/Painting & Commentary.html,DISCOVERED
post,Thumbnails,https://www.vfxapprentice.com/products/hand-drawn-2d-fx-level-1/categories/2150627652/posts/2159032255,https://www.vfxapprentice.com/products/hand-drawn-2d-fx-level-1/categories/2150627652,Hand-Drawn 2D FX_ Level 1/FX Concept Painting Elemental Studies - Design/Lightning Zap/Thumbnails.html,DISCOVERED
post,Painting & Commentary,https://www.vfxapprentice.com/products/hand-drawn-2d-fx-level-1/categories/2150627652/posts/2159032257,https://www.vfxapprentice.com/products/hand-drawn-2d-fx-level-1/categories/2150627652,Hand-Drawn 2D FX_ Level 1/FX Concept Painting Elemental Studies - Design/Lightning Zap/Painting & Commentary.html,DISCOVERED
post,Thumbnails,https://www.vfxapprentice.com/products/hand-drawn-2d-fx-level-1/categories/2150627654/posts/2159032258,https://www.vfxapprentice.com/products/hand-drawn-2d-fx-level-1/categories/2150627654,Hand-Drawn 2D FX_ Level 1/FX Concept Painting Elemental Studies - Design/Goo Splat/Thumbnails.html,DISCOVERED
post,Painting & Commentary,https://www.vfxapprentice.com/products/hand-drawn-2d-fx-level-1/categories/2150627654/posts/2159032259,https://www.vfxapprentice.com/products/hand-drawn-2d-fx-level-1/categories/2150627654,Hand-Drawn 2D FX_ Level 1/FX Concept Painting Elemental Studies - Design/Goo Splat/Painting & Commentary.html,DISCOVERED
post,Painting & Commentary,https://www.vfxapprentice.com/products/hand-drawn-2d-fx-level-1/categories/2150627655/posts/2159032261,https://www.vfxapprentice.com/products/hand-drawn-2d-fx-level-1/categories/2150627655,Hand-Drawn 2D FX_ Level 1/FX Concept Painting Elemental Studies - Design/Sparker & Aquanna Illustration/Painting & Commentary.html,DISCOVERED
post,FX Concept Painting Elemental Studies Review,https://www.vfxapprentice.com/products/hand-drawn-2d-fx-level-1/categories/2150659778/posts/2159034814,https://www.vfxapprentice.com/products/hand-drawn-2d-fx-level-1/categories/2150659778,Hand-Drawn 2D FX_ Level 1/FX Concept Painting Elemental Studies - Design/Review/FX Concept Painting Elemental Studies Review.html,DISCOVERED
post,Corona Shine,https://www.vfxapprentice.com/products/hand-drawn-2d-fx-level-1/categories/2150627237/posts/2158959854,https://www.vfxapprentice.com/products/hand-drawn-2d-fx-level-1/categories/2150627237,Hand-Drawn 2D FX_ Level 1/Small 2D FX Animation Studies - Animation/Light Burst/Corona Shine.html,DISCOVERED
post,Dissipation,https://www.vfxapprentice.com/products/hand-drawn-2d-fx-level-1/categories/2150627237/posts/2158959876,https://www.vfxapprentice.com/products/hand-drawn-2d-fx-level-1/categories/2150627237,Hand-Drawn 2D FX_ Level 1/Small 2D FX Animation Studies - Animation/Light Burst/Dissipation.html,DISCOVERED
post,Revisions,https://www.vfxapprentice.com/products/hand-drawn-2d-fx-level-1/categories/2150627237/posts/2158959893,https://www.vfxapprentice.com/products/hand-drawn-2d-fx-level-1/categories/2150627237,Hand-Drawn 2D FX_ Level 1/Small 2D FX Animation Studies - Animation/Light Burst/Revisions.html,DISCOVERED
post,Inner Shapes,https://www.vfxapprentice.com/products/hand-drawn-2d-fx-level-1/categories/2150627237/posts/2158959965,https://www.vfxapprentice.com/products/hand-drawn-2d-fx-level-1/categories/2150627237,Hand-Drawn 2D FX_ Level 1/Small 2D FX Animation Studies - Animation/Light Burst/Inner Shapes.html,DISCOVERED
post,Color & Glow,https://www.vfxapprentice.com/products/hand-drawn-2d-fx-level-1/categories/2150627237/posts/2158959981,https://www.vfxapprentice.com/products/hand-drawn-2d-fx-level-1/categories/2150627237,Hand-Drawn 2D FX_ Level 1/Small 2D FX Animation Studies - Animation/Light Burst/Color & Glow.html,DISCOVERED
post,Flipbook Creation,https://www.vfxapprentice.com/products/hand-drawn-2d-fx-level-1/categories/2150627237/posts/2158959984,https://www.vfxapprentice.com/products/hand-drawn-2d-fx-level-1/categories/2150627237,Hand-Drawn 2D FX_ Level 1/Small 2D FX Animation Studies - Animation/Light Burst/Flipbook Creation.html,DISCOVERED
post,Primary Motion,https://www.vfxapprentice.com/products/hand-drawn-2d-fx-level-1/categories/2150627238/posts/2158960005,https://www.vfxapprentice.com/products/hand-drawn-2d-fx-level-1/categories/2150627238,Hand-Drawn 2D FX_ Level 1/Small 2D FX Animation Studies - Animation/Fire Swoosh/Primary Motion.html,DISCOVERED
post,Secondary Bits,https://www.vfxapprentice.com/products/hand-drawn-2d-fx-level-1/categories/2150627238/posts/2158960006,https://www.vfxapprentice.com/products/hand-drawn-2d-fx-level-1/categories/2150627238,Hand-Drawn 2D FX_ Level 1/Small 2D FX Animation Studies - Animation/Fire Swoosh/Secondary Bits.html,DISCOVERED
post,Inner Shapes,https://www.vfxapprentice.com/products/hand-drawn-2d-fx-level-1/categories/2150627238/posts/2158960009,https://www.vfxapprentice.com/products/hand-drawn-2d-fx-level-1/categories/2150627238,Hand-Drawn 2D FX_ Level 1/Small 2D FX Animation Studies - Animation/Fire Swoosh/Inner Shapes.html,DISCOVERED
post,Inbetweens,https://www.vfxapprentice.com/products/hand-drawn-2d-fx-level-1/categories/2150627238/posts/2158960010,https://www.vfxapprentice.com/products/hand-drawn-2d-fx-level-1/categories/2150627238,Hand-Drawn 2D FX_ Level 1/Small 2D FX Animation Studies - Animation/Fire Swoosh/Inbetweens.html,DISCOVERED
post,Flipbook Creation,https://www.vfxapprentice.com/products/hand-drawn-2d-fx-level-1/categories/2150627238/posts/2158960012,https://www.vfxapprentice.com/products/hand-drawn-2d-fx-level-1/categories/2150627238,Hand-Drawn 2D FX_ Level 1/Small 2D FX Animation Studies - Animation/Fire Swoosh/Flipbook Creation.html,DISCOVERED
post,Primary Motion,https://www.vfxapprentice.com/products/hand-drawn-2d-fx-level-1/categories/2150627240/posts/2158960021,https://www.vfxapprentice.com/products/hand-drawn-2d-fx-level-1/categories/2150627240,Hand-Drawn 2D FX_ Level 1/Small 2D FX Animation Studies - Animation/Nether Poof/Primary Motion.html,DISCOVERED
post,Retiming & Inbetweens,https://www.vfxapprentice.com/products/hand-drawn-2d-fx-level-1/categories/2150627240/posts/2158960023,https://www.vfxapprentice.com/products/hand-drawn-2d-fx-level-1/categories/2150627240,Hand-Drawn 2D FX_ Level 1/Small 2D FX Animation Studies - Animation/Nether Poof/Retiming & Inbetweens.html,DISCOVERED
post,Inner Shapes,https://www.vfxapprentice.com/products/hand-drawn-2d-fx-level-1/categories/2150627240/posts/2158960025,https://www.vfxapprentice.com/products/hand-drawn-2d-fx-level-1/categories/2150627240,Hand-Drawn 2D FX_ Level 1/Small 2D FX Animation Studies - Animation/Nether Poof/Inner Shapes.html,DISCOVERED
post,Highlights,https://www.vfxapprentice.com/products/hand-drawn-2d-fx-level-1/categories/2150627240/posts/2158960028,https://www.vfxapprentice.com/products/hand-drawn-2d-fx-level-1/categories/2150627240,Hand-Drawn 2D FX_ Level 1/Small 2D FX Animation Studies - Animation/Nether Poof/Highlights.html,DISCOVERED
post,Color Adjustments & Glows,https://www.vfxapprentice.com/products/hand-drawn-2d-fx-level-1/categories/2150627240/posts/2158960043,https://www.vfxapprentice.com/products/hand-drawn-2d-fx-level-1/categories/2150627240,Hand-Drawn 2D FX_ Level 1/Small 2D FX Animation Studies - Animation/Nether Poof/Color Adjustments & Glows.html,DISCOVERED
post,Raw Time-lapse,https://www.vfxapprentice.com/products/hand-drawn-2d-fx-level-1/categories/2150627240/posts/2158960068,https://www.vfxapprentice.com/products/hand-drawn-2d-fx-level-1/categories/2150627240,Hand-Drawn 2D FX_ Level 1/Small 2D FX Animation Studies - Animation/Nether Poof/Raw Time-lapse.html,DISCOVERED
post,Straight-Ahead Silhouette,https://www.vfxapprentice.com/products/hand-drawn-2d-fx-level-1/categories/2150627241/posts/2158960071,https://www.vfxapprentice.com/products/hand-drawn-2d-fx-level-1/categories/2150627241,Hand-Drawn 2D FX_ Level 1/Small 2D FX Animation Studies - Animation/Poison Splat/Straight-Ahead Silhouette.html,DISCOVERED
post,Three-Dimensional Backside,https://www.vfxapprentice.com/products/hand-drawn-2d-fx-level-1/categories/2150627241/posts/2158960072,https://www.vfxapprentice.com/products/hand-drawn-2d-fx-level-1/categories/2150627241,Hand-Drawn 2D FX_ Level 1/Small 2D FX Animation Studies - Animation/Poison Splat/Three-Dimensional Backside.html,DISCOVERED
post,Edge Shadows,https://www.vfxapprentice.com/products/hand-drawn-2d-fx-level-1/categories/2150627241/posts/2158960075,https://www.vfxapprentice.com/products/hand-drawn-2d-fx-level-1/categories/2150627241,Hand-Drawn 2D FX_ Level 1/Small 2D FX Animation Studies - Animation/Poison Splat/Edge Shadows.html,DISCOVERED
post,"Color Adjustments, Glows, & Highlights",https://www.vfxapprentice.com/products/hand-drawn-2d-fx-level-1/categories/2150627241/posts/2158960078,https://www.vfxapprentice.com/products/hand-drawn-2d-fx-level-1/categories/2150627241,"Hand-Drawn 2D FX_ Level 1/Small 2D FX Animation Studies - Animation/Poison Splat/Color Adjustments, Glows, & Highlights.html",DISCOVERED
post,Raw Time-lapse,https://www.vfxapprentice.com/products/hand-drawn-2d-fx-level-1/categories/2150627241/posts/2158960081,https://www.vfxapprentice.com/products/hand-drawn-2d-fx-level-1/categories/2150627241,Hand-Drawn 2D FX_ Level 1/Small 2D FX Animation Studies - Animation/Poison Splat/Raw Time-lapse.html,DISCOVERED
post,Primary Motion,https://www.vfxapprentice.com/products/hand-drawn-2d-fx-level-1/categories/2150627242/posts/2158960084,https://www.vfxapprentice.com/products/hand-drawn-2d-fx-level-1/categories/2150627242,Hand-Drawn 2D FX_ Level 1/Small 2D FX Animation Studies - Animation/Dark Zap/Primary Motion.html,DISCOVERED
post,Secondary Shapes & Glow,https://www.vfxapprentice.com/products/hand-drawn-2d-fx-level-1/categories/2150627242/posts/2158960086,https://www.vfxapprentice.com/products/hand-drawn-2d-fx-level-1/categories/2150627242,Hand-Drawn 2D FX_ Level 1/Small 2D FX Animation Studies - Animation/Dark Zap/Secondary Shapes & Glow.html,DISCOVERED
post,Raw Time-lapse,https://www.vfxapprentice.com/products/hand-drawn-2d-fx-level-1/categories/2150627242/posts/2158960089,https://www.vfxapprentice.com/products/hand-drawn-2d-fx-level-1/categories/2150627242,Hand-Drawn 2D FX_ Level 1/Small 2D FX Animation Studies - Animation/Dark Zap/Raw Time-lapse.html,DISCOVERED
post,Basic Motion Setup,https://www.vfxapprentice.com/products/hand-drawn-2d-fx-level-1/categories/2150627243/posts/2158960090,https://www.vfxapprentice.com/products/hand-drawn-2d-fx-level-1/categories/2150627243,Hand-Drawn 2D FX_ Level 1/Small 2D FX Animation Studies - Animation/Bubbly Charm/Basic Motion Setup.html,DISCOVERED
post,Motion Cleanup,https://www.vfxapprentice.com/products/hand-drawn-2d-fx-level-1/categories/2150627243/posts/2158960099,https://www.vfxapprentice.com/products/hand-drawn-2d-fx-level-1/categories/2150627243,Hand-Drawn 2D FX_ Level 1/Small 2D FX Animation Studies - Animation/Bubbly Charm/Motion Cleanup.html,DISCOVERED
post,Shape Refinements,https://www.vfxapprentice.com/products/hand-drawn-2d-fx-level-1/categories/2150627243/posts/2158960100,https://www.vfxapprentice.com/products/hand-drawn-2d-fx-level-1/categories/2150627243,Hand-Drawn 2D FX_ Level 1/Small 2D FX Animation Studies - Animation/Bubbly Charm/Shape Refinements.html,DISCOVERED
post,Secondary Shapes,https://www.vfxapprentice.com/products/hand-drawn-2d-fx-level-1/categories/2150627243/posts/2158960101,https://www.vfxapprentice.com/products/hand-drawn-2d-fx-level-1/categories/2150627243,Hand-Drawn 2D FX_ Level 1/Small 2D FX Animation Studies - Animation/Bubbly Charm/Secondary Shapes.html,DISCOVERED
post,Polish & Glow,https://www.vfxapprentice.com/products/hand-drawn-2d-fx-level-1/categories/2150627243/posts/2158960103,https://www.vfxapprentice.com/products/hand-drawn-2d-fx-level-1/categories/2150627243,Hand-Drawn 2D FX_ Level 1/Small 2D FX Animation Studies - Animation/Bubbly Charm/Polish & Glow.html,DISCOVERED
post,Raw Time-lapse,https://www.vfxapprentice.com/products/hand-drawn-2d-fx-level-1/categories/2150627243/posts/2158960105,https://www.vfxapprentice.com/products/hand-drawn-2d-fx-level-1/categories/2150627243,Hand-Drawn 2D FX_ Level 1/Small 2D FX Animation Studies - Animation/Bubbly Charm/Raw Time-lapse.html,DISCOVERED
post,Primary Motion,https://www.vfxapprentice.com/products/hand-drawn-2d-fx-level-1/categories/2150627244/posts/2158960108,https://www.vfxapprentice.com/products/hand-drawn-2d-fx-level-1/categories/2150627244,Hand-Drawn 2D FX_ Level 1/Small 2D FX Animation Studies - Animation/Cyber Tech Slash/Primary Motion.html,DISCOVERED
post,Resolve Shapes,https://www.vfxapprentice.com/products/hand-drawn-2d-fx-level-1/categories/2150627244/posts/2158960110,https://www.vfxapprentice.com/products/hand-drawn-2d-fx-level-1/categories/2150627244,Hand-Drawn 2D FX_ Level 1/Small 2D FX Animation Studies - Animation/Cyber Tech Slash/Resolve Shapes.html,DISCOVERED
post,Cleanup,https://www.vfxapprentice.com/products/hand-drawn-2d-fx-level-1/categories/2150627244/posts/2158960111,https://www.vfxapprentice.com/products/hand-drawn-2d-fx-level-1/categories/2150627244,Hand-Drawn 2D FX_ Level 1/Small 2D FX Animation Studies - Animation/Cyber Tech Slash/Cleanup.html,DISCOVERED
post,Secondary Shapes,https://www.vfxapprentice.com/products/hand-drawn-2d-fx-level-1/categories/2150627244/posts/2158960113,https://www.vfxapprentice.com/products/hand-drawn-2d-fx-level-1/categories/2150627244,Hand-Drawn 2D FX_ Level 1/Small 2D FX Animation Studies - Animation/Cyber Tech Slash/Secondary Shapes.html,DISCOVERED
post,Accent Shapes & Color,https://www.vfxapprentice.com/products/hand-drawn-2d-fx-level-1/categories/2150627244/posts/2158960115,https://www.vfxapprentice.com/products/hand-drawn-2d-fx-level-1/categories/2150627244,Hand-Drawn 2D FX_ Level 1/Small 2D FX Animation Studies - Animation/Cyber Tech Slash/Accent Shapes & Color.html,DISCOVERED
post,Gradient & Glow,https://www.vfxapprentice.com/products/hand-drawn-2d-fx-level-1/categories/2150627244/posts/2158960117,https://www.vfxapprentice.com/products/hand-drawn-2d-fx-level-1/categories/2150627244,Hand-Drawn 2D FX_ Level 1/Small 2D FX Animation Studies - Animation/Cyber Tech Slash/Gradient & Glow.html,DISCOVERED
post,Raw Time-lapse,https://www.vfxapprentice.com/products/hand-drawn-2d-fx-level-1/categories/2150627244/posts/2158960119,https://www.vfxapprentice.com/products/hand-drawn-2d-fx-level-1/categories/2150627244,Hand-Drawn 2D FX_ Level 1/Small 2D FX Animation Studies - Animation/Cyber Tech Slash/Raw Time-lapse.html,DISCOVERED
post,Color Tweaks Raw Time-lapse,https://www.vfxapprentice.com/products/hand-drawn-2d-fx-level-1/categories/2150627244/posts/2158960120,https://www.vfxapprentice.com/products/hand-drawn-2d-fx-level-1/categories/2150627244,Hand-Drawn 2D FX_ Level 1/Small 2D FX Animation Studies - Animation/Cyber Tech Slash/Color Tweaks Raw Time-lapse.html,DISCOVERED
post,Small 2D FX Studies Review,https://www.vfxapprentice.com/products/hand-drawn-2d-fx-level-1/categories/2150659779/posts/2159034804,https://www.vfxapprentice.com/products/hand-drawn-2d-fx-level-1/categories/2150659779,Hand-Drawn 2D FX_ Level 1/Small 2D FX Animation Studies - Animation/Review/Small 2D FX Studies Review.html,DISCOVERED
post,Style-target,https://www.vfxapprentice.com/products/hand-drawn-2d-fx-level-1/categories/2150627658/posts/2158961148,https://www.vfxapprentice.com/products/hand-drawn-2d-fx-level-1/categories/2150627658,Hand-Drawn 2D FX_ Level 1/Medium 2D FX Animation Elemental Studies - Animation/Water Fling/Style-target.html,DISCOVERED
post,Animation process,https://www.vfxapprentice.com/products/hand-drawn-2d-fx-level-1/categories/2150627658/posts/2158961150,https://www.vfxapprentice.com/products/hand-drawn-2d-fx-level-1/categories/2150627658,Hand-Drawn 2D FX_ Level 1/Medium 2D FX Animation Elemental Studies - Animation/Water Fling/Animation process.html,DISCOVERED
post,Coloring,https://www.vfxapprentice.com/products/hand-drawn-2d-fx-level-1/categories/2150627658/posts/2158961159,https://www.vfxapprentice.com/products/hand-drawn-2d-fx-level-1/categories/2150627658,Hand-Drawn 2D FX_ Level 1/Medium 2D FX Animation Elemental Studies - Animation/Water Fling/Coloring.html,DISCOVERED
post,Water Fling (Raw Video),https://www.vfxapprentice.com/products/hand-drawn-2d-fx-level-1/categories/2150627658/posts/2158961168,https://www.vfxapprentice.com/products/hand-drawn-2d-fx-level-1/categories/2150627658,Hand-Drawn 2D FX_ Level 1/Medium 2D FX Animation Elemental Studies - Animation/Water Fling/Water Fling (Raw Video).html,DISCOVERED
post,Base Animation,https://www.vfxapprentice.com/products/hand-drawn-2d-fx-level-1/categories/2150627660/posts/2158961170,https://www.vfxapprentice.com/products/hand-drawn-2d-fx-level-1/categories/2150627660,Hand-Drawn 2D FX_ Level 1/Medium 2D FX Animation Elemental Studies - Animation/Goo Orb/Base Animation.html,DISCOVERED
post,Animation Finish & Coloring,https://www.vfxapprentice.com/products/hand-drawn-2d-fx-level-1/categories/2150627660/posts/2158961173,https://www.vfxapprentice.com/products/hand-drawn-2d-fx-level-1/categories/2150627660,Hand-Drawn 2D FX_ Level 1/Medium 2D FX Animation Elemental Studies - Animation/Goo Orb/Animation Finish & Coloring.html,DISCOVERED
post,Animation (Raw Video),https://www.vfxapprentice.com/products/hand-drawn-2d-fx-level-1/categories/2150627660/posts/2158961175,https://www.vfxapprentice.com/products/hand-drawn-2d-fx-level-1/categories/2150627660,Hand-Drawn 2D FX_ Level 1/Medium 2D FX Animation Elemental Studies - Animation/Goo Orb/Animation (Raw Video).html,DISCOVERED
post,Coloring (Raw Video),https://www.vfxapprentice.com/products/hand-drawn-2d-fx-level-1/categories/2150627660/posts/2158961176,https://www.vfxapprentice.com/products/hand-drawn-2d-fx-level-1/categories/2150627660,Hand-Drawn 2D FX_ Level 1/Medium 2D FX Animation Elemental Studies - Animation/Goo Orb/Coloring (Raw Video).html,DISCOVERED
post,Animation & Shading,https://www.vfxapprentice.com/products/hand-drawn-2d-fx-level-1/categories/2150627661/posts/2158961194,https://www.vfxapprentice.com/products/hand-drawn-2d-fx-level-1/categories/2150627661,Hand-Drawn 2D FX_ Level 1/Medium 2D FX Animation Elemental Studies - Animation/Spiral Smoke Poof/Animation & Shading.html,DISCOVERED
post,Animation (Raw Video),https://www.vfxapprentice.com/products/hand-drawn-2d-fx-level-1/categories/2150627661/posts/2158961197,https://www.vfxapprentice.com/products/hand-drawn-2d-fx-level-1/categories/2150627661,Hand-Drawn 2D FX_ Level 1/Medium 2D FX Animation Elemental Studies - Animation/Spiral Smoke Poof/Animation (Raw Video).html,DISCOVERED
post,Inner Shape & Shadows (Raw Video),https://www.vfxapprentice.com/products/hand-drawn-2d-fx-level-1/categories/2150627661/posts/2158961199,https://www.vfxapprentice.com/products/hand-drawn-2d-fx-level-1/categories/2150627661,Hand-Drawn 2D FX_ Level 1/Medium 2D FX Animation Elemental Studies - Animation/Spiral Smoke Poof/Inner Shape & Shadows (Raw Video).html,DISCOVERED
post,Animation & Color,https://www.vfxapprentice.com/products/hand-drawn-2d-fx-level-1/categories/2150627663/posts/2158961204,https://www.vfxapprentice.com/products/hand-drawn-2d-fx-level-1/categories/2150627663,Hand-Drawn 2D FX_ Level 1/Medium 2D FX Animation Elemental Studies - Animation/Directional Fire/Animation & Color.html,DISCOVERED
post,Animation (Raw Video),https://www.vfxapprentice.com/products/hand-drawn-2d-fx-level-1/categories/2150627663/posts/2158961206,https://www.vfxapprentice.com/products/hand-drawn-2d-fx-level-1/categories/2150627663,Hand-Drawn 2D FX_ Level 1/Medium 2D FX Animation Elemental Studies - Animation/Directional Fire/Animation (Raw Video).html,DISCOVERED
post,Animation Breakdown,https://www.vfxapprentice.com/products/hand-drawn-2d-fx-level-1/categories/2150627664/posts/2158961212,https://www.vfxapprentice.com/products/hand-drawn-2d-fx-level-1/categories/2150627664,Hand-Drawn 2D FX_ Level 1/Medium 2D FX Animation Elemental Studies - Animation/Heart Bubbles/Animation Breakdown.html,DISCOVERED
post,Animation (Raw Video),https://www.vfxapprentice.com/products/hand-drawn-2d-fx-level-1/categories/2150627664/posts/2158961215,https://www.vfxapprentice.com/products/hand-drawn-2d-fx-level-1/categories/2150627664,Hand-Drawn 2D FX_ Level 1/Medium 2D FX Animation Elemental Studies - Animation/Heart Bubbles/Animation (Raw Video).html,DISCOVERED
post,Main Spere Animation,https://www.vfxapprentice.com/products/hand-drawn-2d-fx-level-1/categories/2150627666/posts/2158961217,https://www.vfxapprentice.com/products/hand-drawn-2d-fx-level-1/categories/2150627666,Hand-Drawn 2D FX_ Level 1/Medium 2D FX Animation Elemental Studies - Animation/Electric Burst/Main Spere Animation.html,DISCOVERED
post,Windup & Dissolve,https://www.vfxapprentice.com/products/hand-drawn-2d-fx-level-1/categories/2150627666/posts/2158961220,https://www.vfxapprentice.com/products/hand-drawn-2d-fx-level-1/categories/2150627666,Hand-Drawn 2D FX_ Level 1/Medium 2D FX Animation Elemental Studies - Animation/Electric Burst/Windup & Dissolve.html,DISCOVERED
post,Light Rays & Polish,https://www.vfxapprentice.com/products/hand-drawn-2d-fx-level-1/categories/2150627666/posts/2158961221,https://www.vfxapprentice.com/products/hand-drawn-2d-fx-level-1/categories/2150627666,Hand-Drawn 2D FX_ Level 1/Medium 2D FX Animation Elemental Studies - Animation/Electric Burst/Light Rays & Polish.html,DISCOVERED
post,Medium 2D FX Elemental Studies Review,https://www.vfxapprentice.com/products/hand-drawn-2d-fx-level-1/categories/2150659780/posts/2159034806,https://www.vfxapprentice.com/products/hand-drawn-2d-fx-level-1/categories/2150659780,Hand-Drawn 2D FX_ Level 1/Medium 2D FX Animation Elemental Studies - Animation/Review/Medium 2D FX Elemental Studies Review.html,DISCOVERED
post,Narrated Animation Process,https://www.vfxapprentice.com/products/hand-drawn-2d-fx-level-2/categories/2150659860/posts/2159084091,https://www.vfxapprentice.com/products/hand-drawn-2d-fx-level-2/categories/2150659860,Hand-Drawn 2D FX_ Level 2/Integrating FX With a Character - Animation/Toxic Avatar/Narrated Animation Process.html,DISCOVERED
post,Full Animation Process (Raw Video),https://www.vfxapprentice.com/products/hand-drawn-2d-fx-level-2/categories/2150659860/posts/2159084092,https://www.vfxapprentice.com/products/hand-drawn-2d-fx-level-2/categories/2150659860,Hand-Drawn 2D FX_ Level 2/Integrating FX With a Character - Animation/Toxic Avatar/Full Animation Process (Raw Video).html,DISCOVERED
post,Animating Light,https://www.vfxapprentice.com/products/hand-drawn-2d-fx-level-2/categories/2150659861/posts/2159084097,https://www.vfxapprentice.com/products/hand-drawn-2d-fx-level-2/categories/2150659861,Hand-Drawn 2D FX_ Level 2/Integrating FX With a Character - Animation/Holy Avatar/Animating Light.html,DISCOVERED
post,Full Animation Process (Raw Video),https://www.vfxapprentice.com/products/hand-drawn-2d-fx-level-2/categories/2150659861/posts/2159084099,https://www.vfxapprentice.com/products/hand-drawn-2d-fx-level-2/categories/2150659861,Hand-Drawn 2D FX_ Level 2/Integrating FX With a Character - Animation/Holy Avatar/Full Animation Process (Raw Video).html,DISCOVERED
post,First Animation Phase,https://www.vfxapprentice.com/products/hand-drawn-2d-fx-level-2/categories/2150659862/posts/2159084103,https://www.vfxapprentice.com/products/hand-drawn-2d-fx-level-2/categories/2150659862,Hand-Drawn 2D FX_ Level 2/Integrating FX With a Character - Animation/Wind Avatar/First Animation Phase.html,DISCOVERED
post,Shadow Block-in,https://www.vfxapprentice.com/products/hand-drawn-2d-fx-level-2/categories/2150659862/posts/2159084104,https://www.vfxapprentice.com/products/hand-drawn-2d-fx-level-2/categories/2150659862,Hand-Drawn 2D FX_ Level 2/Integrating FX With a Character - Animation/Wind Avatar/Shadow Block-in.html,DISCOVERED
post,Smoke Dissipation,https://www.vfxapprentice.com/products/hand-drawn-2d-fx-level-2/categories/2150659862/posts/2159084106,https://www.vfxapprentice.com/products/hand-drawn-2d-fx-level-2/categories/2150659862,Hand-Drawn 2D FX_ Level 2/Integrating FX With a Character - Animation/Wind Avatar/Smoke Dissipation.html,DISCOVERED
post,Coloring,https://www.vfxapprentice.com/products/hand-drawn-2d-fx-level-2/categories/2150659862/posts/2159084117,https://www.vfxapprentice.com/products/hand-drawn-2d-fx-level-2/categories/2150659862,Hand-Drawn 2D FX_ Level 2/Integrating FX With a Character - Animation/Wind Avatar/Coloring.html,DISCOVERED
post,Animation (Raw Video),https://www.vfxapprentice.com/products/hand-drawn-2d-fx-level-2/categories/2150659862/posts/2159084119,https://www.vfxapprentice.com/products/hand-drawn-2d-fx-level-2/categories/2150659862,Hand-Drawn 2D FX_ Level 2/Integrating FX With a Character - Animation/Wind Avatar/Animation (Raw Video).html,DISCOVERED
post,Shadow Pass (Raw Video),https://www.vfxapprentice.com/products/hand-drawn-2d-fx-level-2/categories/2150659862/posts/2159084120,https://www.vfxapprentice.com/products/hand-drawn-2d-fx-level-2/categories/2150659862,Hand-Drawn 2D FX_ Level 2/Integrating FX With a Character - Animation/Wind Avatar/Shadow Pass (Raw Video).html,DISCOVERED
post,Final Steps & Cleanup (Raw Video),https://www.vfxapprentice.com/products/hand-drawn-2d-fx-level-2/categories/2150659862/posts/2159084125,https://www.vfxapprentice.com/products/hand-drawn-2d-fx-level-2/categories/2150659862,Hand-Drawn 2D FX_ Level 2/Integrating FX With a Character - Animation/Wind Avatar/Final Steps & Cleanup (Raw Video).html,DISCOVERED
post,Coloring (Unnarrated),https://www.vfxapprentice.com/products/hand-drawn-2d-fx-level-2/categories/2150659862/posts/2159084126,https://www.vfxapprentice.com/products/hand-drawn-2d-fx-level-2/categories/2150659862,Hand-Drawn 2D FX_ Level 2/Integrating FX With a Character - Animation/Wind Avatar/Coloring (Unnarrated).html,DISCOVERED
post,Anticipation & Burst,https://www.vfxapprentice.com/products/hand-drawn-2d-fx-level-2/categories/2150659868/posts/2159084129,https://www.vfxapprentice.com/products/hand-drawn-2d-fx-level-2/categories/2150659868,Hand-Drawn 2D FX_ Level 2/Integrating FX With a Character - Animation/Flame Avatar/Anticipation & Burst.html,DISCOVERED
post,Inner Shapes & Color,https://www.vfxapprentice.com/products/hand-drawn-2d-fx-level-2/categories/2150659868/posts/2159084132,https://www.vfxapprentice.com/products/hand-drawn-2d-fx-level-2/categories/2150659868,Hand-Drawn 2D FX_ Level 2/Integrating FX With a Character - Animation/Flame Avatar/Inner Shapes & Color.html,DISCOVERED
post,Animation Process (Raw Video),https://www.vfxapprentice.com/products/hand-drawn-2d-fx-level-2/categories/2150659868/posts/2159084134,https://www.vfxapprentice.com/products/hand-drawn-2d-fx-level-2/categories/2150659868,Hand-Drawn 2D FX_ Level 2/Integrating FX With a Character - Animation/Flame Avatar/Animation Process (Raw Video).html,DISCOVERED
post,Interior Color Shapes (Raw Video),https://www.vfxapprentice.com/products/hand-drawn-2d-fx-level-2/categories/2150659868/posts/2159084135,https://www.vfxapprentice.com/products/hand-drawn-2d-fx-level-2/categories/2150659868,Hand-Drawn 2D FX_ Level 2/Integrating FX With a Character - Animation/Flame Avatar/Interior Color Shapes (Raw Video).html,DISCOVERED
post,Lightning Anticipation,https://www.vfxapprentice.com/products/hand-drawn-2d-fx-level-2/categories/2150659869/posts/2159084143,https://www.vfxapprentice.com/products/hand-drawn-2d-fx-level-2/categories/2150659869,Hand-Drawn 2D FX_ Level 2/Integrating FX With a Character - Animation/Electric Avatar/Lightning Anticipation.html,DISCOVERED
post,Lightning Payoff & Expansion,https://www.vfxapprentice.com/products/hand-drawn-2d-fx-level-2/categories/2150659869/posts/2159084144,https://www.vfxapprentice.com/products/hand-drawn-2d-fx-level-2/categories/2150659869,Hand-Drawn 2D FX_ Level 2/Integrating FX With a Character - Animation/Electric Avatar/Lightning Payoff & Expansion.html,DISCOVERED
post,Full Animation Process (Raw Video),https://www.vfxapprentice.com/products/hand-drawn-2d-fx-level-2/categories/2150659869/posts/2159084146,https://www.vfxapprentice.com/products/hand-drawn-2d-fx-level-2/categories/2150659869,Hand-Drawn 2D FX_ Level 2/Integrating FX With a Character - Animation/Electric Avatar/Full Animation Process (Raw Video).html,DISCOVERED
post,Integrating FX With a Character Review,https://www.vfxapprentice.com/products/hand-drawn-2d-fx-level-2/categories/2150659871/posts/2159084021,https://www.vfxapprentice.com/products/hand-drawn-2d-fx-level-2/categories/2150659871,Hand-Drawn 2D FX_ Level 2/Integrating FX With a Character - Animation/Review/Integrating FX With a Character Review.html,DISCOVERED
post,Cursor Creation,https://www.vfxapprentice.com/products/hand-drawn-2d-fx-level-2/categories/2150660579/posts/2159086764,https://www.vfxapprentice.com/products/hand-drawn-2d-fx-level-2/categories/2150660579,Hand-Drawn 2D FX_ Level 2/Post-Process & Motion Graphics Track/Intro to After Effects/Cursor Creation.html,DISCOVERED
post,Shape Layers & Motion Paths,https://www.vfxapprentice.com/products/hand-drawn-2d-fx-level-2/categories/2150660580/posts/2159086768,https://www.vfxapprentice.com/products/hand-drawn-2d-fx-level-2/categories/2150660580,Hand-Drawn 2D FX_ Level 2/Post-Process & Motion Graphics Track/Text Pops & Wiggles/Shape Layers & Motion Paths.html,DISCOVERED
post,Animated Text,https://www.vfxapprentice.com/products/hand-drawn-2d-fx-level-2/categories/2150660580/posts/2159086769,https://www.vfxapprentice.com/products/hand-drawn-2d-fx-level-2/categories/2150660580,Hand-Drawn 2D FX_ Level 2/Post-Process & Motion Graphics Track/Text Pops & Wiggles/Animated Text.html,DISCOVERED
post,Impact Animations & Finishing Touches,https://www.vfxapprentice.com/products/hand-drawn-2d-fx-level-2/categories/2150660580/posts/2159086791,https://www.vfxapprentice.com/products/hand-drawn-2d-fx-level-2/categories/2150660580,Hand-Drawn 2D FX_ Level 2/Post-Process & Motion Graphics Track/Text Pops & Wiggles/Impact Animations & Finishing Touches.html,DISCOVERED
post,Card Design (Unnarrated),https://www.vfxapprentice.com/products/hand-drawn-2d-fx-level-2/categories/2150660582/posts/2159086793,https://www.vfxapprentice.com/products/hand-drawn-2d-fx-level-2/categories/2150660582,Hand-Drawn 2D FX_ Level 2/Post-Process & Motion Graphics Track/Card Shimmer/Card Design (Unnarrated).html,DISCOVERED
post,Advanced Compositing,https://www.vfxapprentice.com/products/hand-drawn-2d-fx-level-2/categories/2150660582/posts/2159086794,https://www.vfxapprentice.com/products/hand-drawn-2d-fx-level-2/categories/2150660582,Hand-Drawn 2D FX_ Level 2/Post-Process & Motion Graphics Track/Card Shimmer/Advanced Compositing.html,DISCOVERED
post,Color & Compositing (Raw Video),https://www.vfxapprentice.com/products/hand-drawn-2d-fx-level-2/categories/2150660585/posts/2159086796,https://www.vfxapprentice.com/products/hand-drawn-2d-fx-level-2/categories/2150660585,Hand-Drawn 2D FX_ Level 2/Post-Process & Motion Graphics Track/Heart Bubbles/Color & Compositing (Raw Video).html,DISCOVERED
post,Advanced Compositing Tricks,https://www.vfxapprentice.com/products/hand-drawn-2d-fx-level-2/categories/2150660587/posts/2159086823,https://www.vfxapprentice.com/products/hand-drawn-2d-fx-level-2/categories/2150660587,Hand-Drawn 2D FX_ Level 2/Post-Process & Motion Graphics Track/Goo Orb/Advanced Compositing Tricks.html,DISCOVERED
post,Simple Compositing (Raw Video),https://www.vfxapprentice.com/products/hand-drawn-2d-fx-level-2/categories/2150660588/posts/2159086814,https://www.vfxapprentice.com/products/hand-drawn-2d-fx-level-2/categories/2150660588,Hand-Drawn 2D FX_ Level 2/Post-Process & Motion Graphics Track/Directional Fire/Simple Compositing (Raw Video).html,DISCOVERED
post,Simple Motion Blur (Raw Video),https://www.vfxapprentice.com/products/hand-drawn-2d-fx-level-2/categories/2150660591/posts/2159086817,https://www.vfxapprentice.com/products/hand-drawn-2d-fx-level-2/categories/2150660591,Hand-Drawn 2D FX_ Level 2/Post-Process & Motion Graphics Track/Spiral Smoke Poof/Simple Motion Blur (Raw Video).html,DISCOVERED
post,Simple Compositing for Big Animations (Raw Video),https://www.vfxapprentice.com/products/hand-drawn-2d-fx-level-2/categories/2150660592/posts/2159086820,https://www.vfxapprentice.com/products/hand-drawn-2d-fx-level-2/categories/2150660592,Hand-Drawn 2D FX_ Level 2/Post-Process & Motion Graphics Track/Wind Avatar/Simple Compositing for Big Animations (Raw Video).html,DISCOVERED
post,Fire Compositing,https://www.vfxapprentice.com/products/hand-drawn-2d-fx-level-2/categories/2150660589/posts/2159086828,https://www.vfxapprentice.com/products/hand-drawn-2d-fx-level-2/categories/2150660589,Hand-Drawn 2D FX_ Level 2/Post-Process & Motion Graphics Track/Flame Avatar/Fire Compositing.html,DISCOVERED
post,Magical Recolor,https://www.vfxapprentice.com/products/hand-drawn-2d-fx-level-2/categories/2150660589/posts/2159086830,https://www.vfxapprentice.com/products/hand-drawn-2d-fx-level-2/categories/2150660589,Hand-Drawn 2D FX_ Level 2/Post-Process & Motion Graphics Track/Flame Avatar/Magical Recolor.html,DISCOVERED
post,Lense Flare & Glow (Raw Video),https://www.vfxapprentice.com/products/hand-drawn-2d-fx-level-2/categories/2150660595/posts/2159086832,https://www.vfxapprentice.com/products/hand-drawn-2d-fx-level-2/categories/2150660595,Hand-Drawn 2D FX_ Level 2/Post-Process & Motion Graphics Track/Holy Avatar/Lense Flare & Glow (Raw Video).html,DISCOVERED
post,Clean & Pixelated,https://www.vfxapprentice.com/products/hand-drawn-2d-fx-level-2/categories/2150660596/posts/2159086802,https://www.vfxapprentice.com/products/hand-drawn-2d-fx-level-2/categories/2150660596,Hand-Drawn 2D FX_ Level 2/Post-Process & Motion Graphics Track/Toxic Avatar/Clean & Pixelated.html,DISCOVERED
post,Scene Compositing (Raw Video),https://www.vfxapprentice.com/products/hand-drawn-2d-fx-level-2/categories/2150660597/posts/2159086835,https://www.vfxapprentice.com/products/hand-drawn-2d-fx-level-2/categories/2150660597,Hand-Drawn 2D FX_ Level 2/Post-Process & Motion Graphics Track/Electric Avatar/Scene Compositing (Raw Video).html,DISCOVERED
post,Post-Process & Motion Graphics Review,https://www.vfxapprentice.com/products/hand-drawn-2d-fx-level-2/categories/2150660672/posts/2159086604,https://www.vfxapprentice.com/products/hand-drawn-2d-fx-level-2/categories/2150660672,Hand-Drawn 2D FX_ Level 2/Post-Process & Motion Graphics Track/Review/Post-Process & Motion Graphics Review.html,DISCOVERED
post,Overview & Introduction,https://www.vfxapprentice.com/products/hand-drawn-2d-fx-level-2/categories/2150660022/posts/2159084886,https://www.vfxapprentice.com/products/hand-drawn-2d-fx-level-2/categories/2150660022,Hand-Drawn 2D FX_ Level 2/Complex 2D FX Composition Studies - Animation/FX Logo Animation/Overview & Introduction.html,DISCOVERED
post,Logo Setup,https://www.vfxapprentice.com/products/hand-drawn-2d-fx-level-2/categories/2150660022/posts/2159084903,https://www.vfxapprentice.com/products/hand-drawn-2d-fx-level-2/categories/2150660022,Hand-Drawn 2D FX_ Level 2/Complex 2D FX Composition Studies - Animation/FX Logo Animation/Logo Setup.html,DISCOVERED
post,Anticipation Bump,https://www.vfxapprentice.com/products/hand-drawn-2d-fx-level-2/categories/2150660022/posts/2159084928,https://www.vfxapprentice.com/products/hand-drawn-2d-fx-level-2/categories/2150660022,Hand-Drawn 2D FX_ Level 2/Complex 2D FX Composition Studies - Animation/FX Logo Animation/Anticipation Bump.html,DISCOVERED
post,Color Shift,https://www.vfxapprentice.com/products/hand-drawn-2d-fx-level-2/categories/2150660022/posts/2159084942,https://www.vfxapprentice.com/products/hand-drawn-2d-fx-level-2/categories/2150660022,Hand-Drawn 2D FX_ Level 2/Complex 2D FX Composition Studies - Animation/FX Logo Animation/Color Shift.html,DISCOVERED
post,Anticipation Distortion,https://www.vfxapprentice.com/products/hand-drawn-2d-fx-level-2/categories/2150660022/posts/2159084966,https://www.vfxapprentice.com/products/hand-drawn-2d-fx-level-2/categories/2150660022,Hand-Drawn 2D FX_ Level 2/Complex 2D FX Composition Studies - Animation/FX Logo Animation/Anticipation Distortion.html,DISCOVERED
post,Radial Sparkle,https://www.vfxapprentice.com/products/hand-drawn-2d-fx-level-2/categories/2150660022/posts/2159084970,https://www.vfxapprentice.com/products/hand-drawn-2d-fx-level-2/categories/2150660022,Hand-Drawn 2D FX_ Level 2/Complex 2D FX Composition Studies - Animation/FX Logo Animation/Radial Sparkle.html,DISCOVERED
post,Additional Anticipation Effects,https://www.vfxapprentice.com/products/hand-drawn-2d-fx-level-2/categories/2150660022/posts/2159084979,https://www.vfxapprentice.com/products/hand-drawn-2d-fx-level-2/categories/2150660022,Hand-Drawn 2D FX_ Level 2/Complex 2D FX Composition Studies - Animation/FX Logo Animation/Additional Anticipation Effects.html,DISCOVERED
post,Supporting Animation,https://www.vfxapprentice.com/products/hand-drawn-2d-fx-level-2/categories/2150660022/posts/2159084986,https://www.vfxapprentice.com/products/hand-drawn-2d-fx-level-2/categories/2150660022,Hand-Drawn 2D FX_ Level 2/Complex 2D FX Composition Studies - Animation/FX Logo Animation/Supporting Animation.html,DISCOVERED
post,Anticipation Finish,https://www.vfxapprentice.com/products/hand-drawn-2d-fx-level-2/categories/2150660022/posts/2159084994,https://www.vfxapprentice.com/products/hand-drawn-2d-fx-level-2/categories/2150660022,Hand-Drawn 2D FX_ Level 2/Complex 2D FX Composition Studies - Animation/FX Logo Animation/Anticipation Finish.html,DISCOVERED
post,Fire Animation,https://www.vfxapprentice.com/products/hand-drawn-2d-fx-level-2/categories/2150660022/posts/2159085001,https://www.vfxapprentice.com/products/hand-drawn-2d-fx-level-2/categories/2150660022,Hand-Drawn 2D FX_ Level 2/Complex 2D FX Composition Studies - Animation/FX Logo Animation/Fire Animation.html,DISCOVERED
post,Additional Flames & Sparkles,https://www.vfxapprentice.com/products/hand-drawn-2d-fx-level-2/categories/2150660022/posts/2159085009,https://www.vfxapprentice.com/products/hand-drawn-2d-fx-level-2/categories/2150660022,Hand-Drawn 2D FX_ Level 2/Complex 2D FX Composition Studies - Animation/FX Logo Animation/Additional Flames & Sparkles.html,DISCOVERED
post,Lightning Effect,https://www.vfxapprentice.com/products/hand-drawn-2d-fx-level-2/categories/2150660022/posts/2159085018,https://www.vfxapprentice.com/products/hand-drawn-2d-fx-level-2/categories/2150660022,Hand-Drawn 2D FX_ Level 2/Complex 2D FX Composition Studies - Animation/FX Logo Animation/Lightning Effect.html,DISCOVERED
post,Anticipation Lightning Breakdown,https://www.vfxapprentice.com/products/hand-drawn-2d-fx-level-2/categories/2150660022/posts/2159085026,https://www.vfxapprentice.com/products/hand-drawn-2d-fx-level-2/categories/2150660022,Hand-Drawn 2D FX_ Level 2/Complex 2D FX Composition Studies - Animation/FX Logo Animation/Anticipation Lightning Breakdown.html,DISCOVERED
post,Style Target,https://www.vfxapprentice.com/products/hand-drawn-2d-fx-level-2/categories/2150660027/posts/2159084552,https://www.vfxapprentice.com/products/hand-drawn-2d-fx-level-2/categories/2150660027,Hand-Drawn 2D FX_ Level 2/Complex 2D FX Composition Studies - Animation/Explosion Masterclass/Style Target.html,DISCOVERED
post,Initial Rough Animation,https://www.vfxapprentice.com/products/hand-drawn-2d-fx-level-2/categories/2150660027/posts/2159084553,https://www.vfxapprentice.com/products/hand-drawn-2d-fx-level-2/categories/2150660027,Hand-Drawn 2D FX_ Level 2/Complex 2D FX Composition Studies - Animation/Explosion Masterclass/Initial Rough Animation.html,DISCOVERED
post,Rough Buildup & First Expansion,https://www.vfxapprentice.com/products/hand-drawn-2d-fx-level-2/categories/2150660027/posts/2159084557,https://www.vfxapprentice.com/products/hand-drawn-2d-fx-level-2/categories/2150660027,Hand-Drawn 2D FX_ Level 2/Complex 2D FX Composition Studies - Animation/Explosion Masterclass/Rough Buildup & First Expansion.html,DISCOVERED
post,Rough Animation Finish,https://www.vfxapprentice.com/products/hand-drawn-2d-fx-level-2/categories/2150660027/posts/2159084558,https://www.vfxapprentice.com/products/hand-drawn-2d-fx-level-2/categories/2150660027,Hand-Drawn 2D FX_ Level 2/Complex 2D FX Composition Studies - Animation/Explosion Masterclass/Rough Animation Finish.html,DISCOVERED
post,Anticipation Cleanup,https://www.vfxapprentice.com/products/hand-drawn-2d-fx-level-2/categories/2150660027/posts/2159084561,https://www.vfxapprentice.com/products/hand-drawn-2d-fx-level-2/categories/2150660027,Hand-Drawn 2D FX_ Level 2/Complex 2D FX Composition Studies - Animation/Explosion Masterclass/Anticipation Cleanup.html,DISCOVERED
post,Expansion Cleanup: Part 1,https://www.vfxapprentice.com/products/hand-drawn-2d-fx-level-2/categories/2150660027/posts/2159084564,https://www.vfxapprentice.com/products/hand-drawn-2d-fx-level-2/categories/2150660027,Hand-Drawn 2D FX_ Level 2/Complex 2D FX Composition Studies - Animation/Explosion Masterclass/Expansion Cleanup_ Part 1.html,DISCOVERED
post,Expansion Cleanup: Part 2 (Unnarrated),https://www.vfxapprentice.com/products/hand-drawn-2d-fx-level-2/categories/2150660027/posts/2159084566,https://www.vfxapprentice.com/products/hand-drawn-2d-fx-level-2/categories/2150660027,Hand-Drawn 2D FX_ Level 2/Complex 2D FX Composition Studies - Animation/Explosion Masterclass/Expansion Cleanup_ Part 2 (Unnarrated).html,DISCOVERED
post,Expansion Cleanup: Part 3,https://www.vfxapprentice.com/products/hand-drawn-2d-fx-level-2/categories/2150660027/posts/2159084587,https://www.vfxapprentice.com/products/hand-drawn-2d-fx-level-2/categories/2150660027,Hand-Drawn 2D FX_ Level 2/Complex 2D FX Composition Studies - Animation/Explosion Masterclass/Expansion Cleanup_ Part 3.html,DISCOVERED
post,Feedback & Revisions,https://www.vfxapprentice.com/products/hand-drawn-2d-fx-level-2/categories/2150660027/posts/2159084633,https://www.vfxapprentice.com/products/hand-drawn-2d-fx-level-2/categories/2150660027,Hand-Drawn 2D FX_ Level 2/Complex 2D FX Composition Studies - Animation/Explosion Masterclass/Feedback & Revisions.html,DISCOVERED
post,Spiral Smoke Cleanup,https://www.vfxapprentice.com/products/hand-drawn-2d-fx-level-2/categories/2150660027/posts/2159084684,https://www.vfxapprentice.com/products/hand-drawn-2d-fx-level-2/categories/2150660027,Hand-Drawn 2D FX_ Level 2/Complex 2D FX Composition Studies - Animation/Explosion Masterclass/Spiral Smoke Cleanup.html,DISCOVERED
post,Cleanup Process: Part 1 (Unnarrated),https://www.vfxapprentice.com/products/hand-drawn-2d-fx-level-2/categories/2150660027/posts/2159084723,https://www.vfxapprentice.com/products/hand-drawn-2d-fx-level-2/categories/2150660027,Hand-Drawn 2D FX_ Level 2/Complex 2D FX Composition Studies - Animation/Explosion Masterclass/Cleanup Process_ Part 1 (Unnarrated).html,DISCOVERED
post,Cleanup Process: Part 2 (Unnarrated),https://www.vfxapprentice.com/products/hand-drawn-2d-fx-level-2/categories/2150660027/posts/2159084752,https://www.vfxapprentice.com/products/hand-drawn-2d-fx-level-2/categories/2150660027,Hand-Drawn 2D FX_ Level 2/Complex 2D FX Composition Studies - Animation/Explosion Masterclass/Cleanup Process_ Part 2 (Unnarrated).html,DISCOVERED
post,Dissipation Linework & Cleanup,https://www.vfxapprentice.com/products/hand-drawn-2d-fx-level-2/categories/2150660027/posts/2159084780,https://www.vfxapprentice.com/products/hand-drawn-2d-fx-level-2/categories/2150660027,Hand-Drawn 2D FX_ Level 2/Complex 2D FX Composition Studies - Animation/Explosion Masterclass/Dissipation Linework & Cleanup.html,DISCOVERED
post,Final Cleanup (Unnarrated),https://www.vfxapprentice.com/products/hand-drawn-2d-fx-level-2/categories/2150660027/posts/2159084795,https://www.vfxapprentice.com/products/hand-drawn-2d-fx-level-2/categories/2150660027,Hand-Drawn 2D FX_ Level 2/Complex 2D FX Composition Studies - Animation/Explosion Masterclass/Final Cleanup (Unnarrated).html,DISCOVERED
post,Outro,https://www.vfxapprentice.com/products/hand-drawn-2d-fx-level-2/categories/2150660027/posts/2159084814,https://www.vfxapprentice.com/products/hand-drawn-2d-fx-level-2/categories/2150660027,Hand-Drawn 2D FX_ Level 2/Complex 2D FX Composition Studies - Animation/Explosion Masterclass/Outro.html,DISCOVERED
post,Intro & Course Overview,https://www.vfxapprentice.com/products/hand-drawn-2d-fx-level-2/categories/2153161526/posts/2168823463,https://www.vfxapprentice.com/products/hand-drawn-2d-fx-level-2/categories/2153161526,Hand-Drawn 2D FX_ Level 2/Complex 2D FX Composition Studies - Animation/Ignited - 2D FX Production/Intro & Course Overview.html,DISCOVERED
post,Idea Blockout & Animatic,https://www.vfxapprentice.com/products/hand-drawn-2d-fx-level-2/categories/2153161526/posts/2168823468,https://www.vfxapprentice.com/products/hand-drawn-2d-fx-level-2/categories/2153161526,Hand-Drawn 2D FX_ Level 2/Complex 2D FX Composition Studies - Animation/Ignited - 2D FX Production/Idea Blockout & Animatic.html,DISCOVERED
post,Rough Animation,https://www.vfxapprentice.com/products/hand-drawn-2d-fx-level-2/categories/2153161526/posts/2168823470,https://www.vfxapprentice.com/products/hand-drawn-2d-fx-level-2/categories/2153161526,Hand-Drawn 2D FX_ Level 2/Complex 2D FX Composition Studies - Animation/Ignited - 2D FX Production/Rough Animation.html,DISCOVERED
post,Refined Animation,https://www.vfxapprentice.com/products/hand-drawn-2d-fx-level-2/categories/2153161526/posts/2168823471,https://www.vfxapprentice.com/products/hand-drawn-2d-fx-level-2/categories/2153161526,Hand-Drawn 2D FX_ Level 2/Complex 2D FX Composition Studies - Animation/Ignited - 2D FX Production/Refined Animation.html,DISCOVERED
post,Backgrounds,https://www.vfxapprentice.com/products/hand-drawn-2d-fx-level-2/categories/2153161526/posts/2168823472,https://www.vfxapprentice.com/products/hand-drawn-2d-fx-level-2/categories/2153161526,Hand-Drawn 2D FX_ Level 2/Complex 2D FX Composition Studies - Animation/Ignited - 2D FX Production/Backgrounds.html,DISCOVERED
post,Compositing,https://www.vfxapprentice.com/products/hand-drawn-2d-fx-level-2/categories/2153161526/posts/2168823474,https://www.vfxapprentice.com/products/hand-drawn-2d-fx-level-2/categories/2153161526,Hand-Drawn 2D FX_ Level 2/Complex 2D FX Composition Studies - Animation/Ignited - 2D FX Production/Compositing.html,DISCOVERED
post,Complex 2D FX Composition Studies Review,https://www.vfxapprentice.com/products/hand-drawn-2d-fx-level-2/categories/2150660263/posts/2159085220,https://www.vfxapprentice.com/products/hand-drawn-2d-fx-level-2/categories/2150660263,Hand-Drawn 2D FX_ Level 2/Complex 2D FX Composition Studies - Animation/Review/Complex 2D FX Composition Studies Review.html,DISCOVERED
post,Intro & Overview,https://www.vfxapprentice.com/products/hand-crafted-3d-vfx-level-1/categories/2154198428/posts/2172935451,https://www.vfxapprentice.com/products/hand-crafted-3d-vfx-level-1/categories/2154198428,Hand-Crafted 3D VFX_ Level 1/Beginner Guide to VFX/Introduction & Game Development/Intro & Overview.html,DISCOVERED
post,Departments,https://www.vfxapprentice.com/products/hand-crafted-3d-vfx-level-1/categories/2154198428/posts/2172935496,https://www.vfxapprentice.com/products/hand-crafted-3d-vfx-level-1/categories/2154198428,Hand-Crafted 3D VFX_ Level 1/Beginner Guide to VFX/Introduction & Game Development/Departments.html,DISCOVERED
post,Roles,https://www.vfxapprentice.com/products/hand-crafted-3d-vfx-level-1/categories/2154198428/posts/2172935617,https://www.vfxapprentice.com/products/hand-crafted-3d-vfx-level-1/categories/2154198428,Hand-Crafted 3D VFX_ Level 1/Beginner Guide to VFX/Introduction & Game Development/Roles.html,DISCOVERED
post,Style,https://www.vfxapprentice.com/products/hand-crafted-3d-vfx-level-1/categories/2154198483/posts/2172935706,https://www.vfxapprentice.com/products/hand-crafted-3d-vfx-level-1/categories/2154198483,"Hand-Crafted 3D VFX_ Level 1/Beginner Guide to VFX/Gameplay, Engines, Platforms/Style.html",DISCOVERED
post,Gameplay,https://www.vfxapprentice.com/products/hand-crafted-3d-vfx-level-1/categories/2154198483/posts/2172935707,https://www.vfxapprentice.com/products/hand-crafted-3d-vfx-level-1/categories/2154198483,"Hand-Crafted 3D VFX_ Level 1/Beginner Guide to VFX/Gameplay, Engines, Platforms/Gameplay.html",DISCOVERED
post,Game Engines,https://www.vfxapprentice.com/products/hand-crafted-3d-vfx-level-1/categories/2154198483/posts/2172935709,https://www.vfxapprentice.com/products/hand-crafted-3d-vfx-level-1/categories/2154198483,"Hand-Crafted 3D VFX_ Level 1/Beginner Guide to VFX/Gameplay, Engines, Platforms/Game Engines.html",DISCOVERED
post,Platforms,https://www.vfxapprentice.com/products/hand-crafted-3d-vfx-level-1/categories/2154198483/posts/2172935711,https://www.vfxapprentice.com/products/hand-crafted-3d-vfx-level-1/categories/2154198483,"Hand-Crafted 3D VFX_ Level 1/Beginner Guide to VFX/Gameplay, Engines, Platforms/Platforms.html",DISCOVERED
post,"Textures, Meshes, Shaders",https://www.vfxapprentice.com/products/hand-crafted-3d-vfx-level-1/categories/2154198485/posts/2172935735,https://www.vfxapprentice.com/products/hand-crafted-3d-vfx-level-1/categories/2154198485,"Hand-Crafted 3D VFX_ Level 1/Beginner Guide to VFX/VFX Terminology & Process/Textures, Meshes, Shaders.html",DISCOVERED
post,Particle Systems,https://www.vfxapprentice.com/products/hand-crafted-3d-vfx-level-1/categories/2154198485/posts/2172935736,https://www.vfxapprentice.com/products/hand-crafted-3d-vfx-level-1/categories/2154198485,Hand-Crafted 3D VFX_ Level 1/Beginner Guide to VFX/VFX Terminology & Process/Particle Systems.html,DISCOVERED
post,Pipeline,https://www.vfxapprentice.com/products/hand-crafted-3d-vfx-level-1/categories/2154198485/posts/2172935740,https://www.vfxapprentice.com/products/hand-crafted-3d-vfx-level-1/categories/2154198485,Hand-Crafted 3D VFX_ Level 1/Beginner Guide to VFX/VFX Terminology & Process/Pipeline.html,DISCOVERED
post,Next Steps,https://www.vfxapprentice.com/products/hand-crafted-3d-vfx-level-1/categories/2154198488/posts/2172935745,https://www.vfxapprentice.com/products/hand-crafted-3d-vfx-level-1/categories/2154198488,Hand-Crafted 3D VFX_ Level 1/Beginner Guide to VFX/Next Steps/Next Steps.html,DISCOVERED
post,Tiling Fiery Noise,https://www.vfxapprentice.com/products/hand-crafted-3d-vfx-level-2/categories/2150613640/posts/2158905866,https://www.vfxapprentice.com/products/hand-crafted-3d-vfx-level-2/categories/2150613640,Hand-Crafted 3D VFX_ Level 2/VFX Case Studies - Unreal & Unity/Tiling Fiery Noise/Tiling Fiery Noise.html,DISCOVERED
post,U&U Fire Explosion Breakdown,https://www.vfxapprentice.com/products/hand-crafted-3d-vfx-level-2/categories/2150613644/posts/2164336947,https://www.vfxapprentice.com/products/hand-crafted-3d-vfx-level-2/categories/2150613644,Hand-Crafted 3D VFX_ Level 2/VFX Case Studies - Unreal & Unity/U&U Fire Explosion Breakdown/U&U Fire Explosion Breakdown.html,DISCOVERED
post,Sphere Meshes in Maya,https://www.vfxapprentice.com/products/hand-crafted-3d-vfx-level-2/categories/2150613649/posts/2158906063,https://www.vfxapprentice.com/products/hand-crafted-3d-vfx-level-2/categories/2150613649,Hand-Crafted 3D VFX_ Level 2/VFX Case Studies - Unreal & Unity/Wispy Spiral Dissolve Textures/Sphere Meshes in Maya.html,DISCOVERED
post,Offset & Normal Map in Photoshop,https://www.vfxapprentice.com/products/hand-crafted-3d-vfx-level-2/categories/2150613649/posts/2158917899,https://www.vfxapprentice.com/products/hand-crafted-3d-vfx-level-2/categories/2150613649,Hand-Crafted 3D VFX_ Level 2/VFX Case Studies - Unreal & Unity/Wispy Spiral Dissolve Textures/Offset & Normal Map in Photoshop.html,DISCOVERED
post,Dissolve Map in Photoshop,https://www.vfxapprentice.com/products/hand-crafted-3d-vfx-level-2/categories/2150613649/posts/2158917904,https://www.vfxapprentice.com/products/hand-crafted-3d-vfx-level-2/categories/2150613649,Hand-Crafted 3D VFX_ Level 2/VFX Case Studies - Unreal & Unity/Wispy Spiral Dissolve Textures/Dissolve Map in Photoshop.html,DISCOVERED
post,U&U Wispy Cloud Breakdown,https://www.vfxapprentice.com/products/hand-crafted-3d-vfx-level-2/categories/2150613650/posts/2164336969,https://www.vfxapprentice.com/products/hand-crafted-3d-vfx-level-2/categories/2150613650,Hand-Crafted 3D VFX_ Level 2/VFX Case Studies - Unreal & Unity/U&U Wispy Cloud Breakdown/U&U Wispy Cloud Breakdown.html,DISCOVERED
post,Lightning Design Phase,https://www.vfxapprentice.com/products/hand-crafted-3d-vfx-level-2/categories/2150771941/posts/2159506250,https://www.vfxapprentice.com/products/hand-crafted-3d-vfx-level-2/categories/2150771941,Hand-Crafted 3D VFX_ Level 2/VFX Case Studies - Unreal & Unity/Zappy Flipbook & Dissolve/Lightning Design Phase.html,DISCOVERED
post,Lightning Animation Phase,https://www.vfxapprentice.com/products/hand-crafted-3d-vfx-level-2/categories/2150771941/posts/2159506252,https://www.vfxapprentice.com/products/hand-crafted-3d-vfx-level-2/categories/2150771941,Hand-Crafted 3D VFX_ Level 2/VFX Case Studies - Unreal & Unity/Zappy Flipbook & Dissolve/Lightning Animation Phase.html,DISCOVERED
post,Lightning Inbetween Phase,https://www.vfxapprentice.com/products/hand-crafted-3d-vfx-level-2/categories/2150771941/posts/2159506256,https://www.vfxapprentice.com/products/hand-crafted-3d-vfx-level-2/categories/2150771941,Hand-Crafted 3D VFX_ Level 2/VFX Case Studies - Unreal & Unity/Zappy Flipbook & Dissolve/Lightning Inbetween Phase.html,DISCOVERED
post,Burst Gradients,https://www.vfxapprentice.com/products/hand-crafted-3d-vfx-level-2/categories/2150771941/posts/2158917788,https://www.vfxapprentice.com/products/hand-crafted-3d-vfx-level-2/categories/2150771941,Hand-Crafted 3D VFX_ Level 2/VFX Case Studies - Unreal & Unity/Zappy Flipbook & Dissolve/Burst Gradients.html,DISCOVERED
post,Burst Color Pass,https://www.vfxapprentice.com/products/hand-crafted-3d-vfx-level-2/categories/2150771941/posts/2158906047,https://www.vfxapprentice.com/products/hand-crafted-3d-vfx-level-2/categories/2150771941,Hand-Crafted 3D VFX_ Level 2/VFX Case Studies - Unreal & Unity/Zappy Flipbook & Dissolve/Burst Color Pass.html,DISCOVERED
post,U&U Lightning Zap Breakdown,https://www.vfxapprentice.com/products/hand-crafted-3d-vfx-level-2/categories/2150613646/posts/2164336967,https://www.vfxapprentice.com/products/hand-crafted-3d-vfx-level-2/categories/2150613646,Hand-Crafted 3D VFX_ Level 2/VFX Case Studies - Unreal & Unity/U&U Lightning Zap Breakdown/U&U Lightning Zap Breakdown.html,DISCOVERED
post,Bowl Mesh in Maya,https://www.vfxapprentice.com/products/hand-crafted-3d-vfx-level-2/categories/2150613652/posts/2158906068,https://www.vfxapprentice.com/products/hand-crafted-3d-vfx-level-2/categories/2150613652,Hand-Crafted 3D VFX_ Level 2/VFX Case Studies - Unreal & Unity/Gooey Dissolve Material/Bowl Mesh in Maya.html,DISCOVERED
post,Gooey Shape Painting,https://www.vfxapprentice.com/products/hand-crafted-3d-vfx-level-2/categories/2150613652/posts/2158906067,https://www.vfxapprentice.com/products/hand-crafted-3d-vfx-level-2/categories/2150613652,Hand-Crafted 3D VFX_ Level 2/VFX Case Studies - Unreal & Unity/Gooey Dissolve Material/Gooey Shape Painting.html,DISCOVERED
post,Dissolve Map Photoshop Tricks,https://www.vfxapprentice.com/products/hand-crafted-3d-vfx-level-2/categories/2150613652/posts/2158917943,https://www.vfxapprentice.com/products/hand-crafted-3d-vfx-level-2/categories/2150613652,Hand-Crafted 3D VFX_ Level 2/VFX Case Studies - Unreal & Unity/Gooey Dissolve Material/Dissolve Map Photoshop Tricks.html,DISCOVERED
post,Normal Maps,https://www.vfxapprentice.com/products/hand-crafted-3d-vfx-level-2/categories/2150613652/posts/2158917944,https://www.vfxapprentice.com/products/hand-crafted-3d-vfx-level-2/categories/2150613652,Hand-Crafted 3D VFX_ Level 2/VFX Case Studies - Unreal & Unity/Gooey Dissolve Material/Normal Maps.html,DISCOVERED
post,U&U Goo Splat Breakdown,https://www.vfxapprentice.com/products/hand-crafted-3d-vfx-level-2/categories/2150613677/posts/2164342914,https://www.vfxapprentice.com/products/hand-crafted-3d-vfx-level-2/categories/2150613677,Hand-Crafted 3D VFX_ Level 2/VFX Case Studies - Unreal & Unity/U&U Goo Splat Breakdown/U&U Goo Splat Breakdown.html,DISCOVERED
post,Portfolio - Tips & Tricks,https://www.vfxapprentice.com/products/apprenticeship-level-3/categories/2150661699/posts/2160576156,https://www.vfxapprentice.com/products/apprenticeship-level-3/categories/2150661699,Apprenticeship Level 3/Soft Skills - Explained/Portfolio & Application Planning/Portfolio - Tips & Tricks.html,DISCOVERED
post,Portfolio - Professional Examples,https://www.vfxapprentice.com/products/apprenticeship-level-3/categories/2150661699/posts/2160576159,https://www.vfxapprentice.com/products/apprenticeship-level-3/categories/2150661699,Apprenticeship Level 3/Soft Skills - Explained/Portfolio & Application Planning/Portfolio - Professional Examples.html,DISCOVERED
post,Portfolio - Student Review,https://www.vfxapprentice.com/products/apprenticeship-level-3/categories/2150661699/posts/2160576163,https://www.vfxapprentice.com/products/apprenticeship-level-3/categories/2150661699,Apprenticeship Level 3/Soft Skills - Explained/Portfolio & Application Planning/Portfolio - Student Review.html,DISCOVERED
post,Portfolio - Student Review,https://www.vfxapprentice.com/products/apprenticeship-level-3/categories/2150661699/posts/2167480384,https://www.vfxapprentice.com/products/apprenticeship-level-3/categories/2150661699,Apprenticeship Level 3/Soft Skills - Explained/Portfolio & Application Planning/Portfolio - Student Review.html,DISCOVERED
post,Portfolio - Student Review,https://www.vfxapprentice.com/products/apprenticeship-level-3/categories/2150661699/posts/2177007232,https://www.vfxapprentice.com/products/apprenticeship-level-3/categories/2150661699,Apprenticeship Level 3/Soft Skills - Explained/Portfolio & Application Planning/Portfolio - Student Review.html,DISCOVERED
post,Portfolio - Student Review,https://www.vfxapprentice.com/products/apprenticeship-level-3/categories/2150661699/posts/2177827118,https://www.vfxapprentice.com/products/apprenticeship-level-3/categories/2150661699,Apprenticeship Level 3/Soft Skills - Explained/Portfolio & Application Planning/Portfolio - Student Review.html,DISCOVERED
post,Portfolio - Student Review,https://www.vfxapprentice.com/products/apprenticeship-level-3/categories/2150661699/posts/2178731171,https://www.vfxapprentice.com/products/apprenticeship-level-3/categories/2150661699,Apprenticeship Level 3/Soft Skills - Explained/Portfolio & Application Planning/Portfolio - Student Review.html,DISCOVERED
post,Portfolio - Student Review,https://www.vfxapprentice.com/products/apprenticeship-level-3/categories/2150661699/posts/2179656006,https://www.vfxapprentice.com/products/apprenticeship-level-3/categories/2150661699,Apprenticeship Level 3/Soft Skills - Explained/Portfolio & Application Planning/Portfolio - Student Review.html,DISCOVERED
post,Portfolio - Student Review,https://www.vfxapprentice.com/products/apprenticeship-level-3/categories/2150661699/posts/2180554170,https://www.vfxapprentice.com/products/apprenticeship-level-3/categories/2150661699,Apprenticeship Level 3/Soft Skills - Explained/Portfolio & Application Planning/Portfolio - Student Review.html,DISCOVERED
post,Portfolio - Student Review,https://www.vfxapprentice.com/products/apprenticeship-level-3/categories/2150661699/posts/2181491212,https://www.vfxapprentice.com/products/apprenticeship-level-3/categories/2150661699,Apprenticeship Level 3/Soft Skills - Explained/Portfolio & Application Planning/Portfolio - Student Review.html,DISCOVERED
post,Portfolio - Student Review,https://www.vfxapprentice.com/products/apprenticeship-level-3/categories/2150661699/posts/2182158599,https://www.vfxapprentice.com/products/apprenticeship-level-3/categories/2150661699,Apprenticeship Level 3/Soft Skills - Explained/Portfolio & Application Planning/Portfolio - Student Review.html,DISCOVERED
post,Portfolio - Student Review,https://www.vfxapprentice.com/products/apprenticeship-level-3/categories/2150661699/posts/2183004837,https://www.vfxapprentice.com/products/apprenticeship-level-3/categories/2150661699,Apprenticeship Level 3/Soft Skills - Explained/Portfolio & Application Planning/Portfolio - Student Review.html,DISCOVERED
post,Soft Skills Review,https://www.vfxapprentice.com/products/apprenticeship-level-3/categories/2151085931/posts/2160576300,https://www.vfxapprentice.com/products/apprenticeship-level-3/categories/2151085931,Apprenticeship Level 3/Soft Skills - Explained/Review/Soft Skills Review.html,DISCOVERED
post,Light Magic Sword Trail - Unreal 4,https://www.vfxapprentice.com/products/apprenticeship-level-3/categories/2150661702/posts/2159090681,https://www.vfxapprentice.com/products/apprenticeship-level-3/categories/2150661702,"Apprenticeship Level 3/Sidescroller_ 2D FX, 3D FX & Implementation - Unreal 4/Unreal Sword Swipe Spell/Light Magic Sword Trail - Unreal 4.html",DISCOVERED
post,Melee Hit Effect - Unreal 4,https://www.vfxapprentice.com/products/apprenticeship-level-3/categories/2150661702/posts/2159090682,https://www.vfxapprentice.com/products/apprenticeship-level-3/categories/2150661702,"Apprenticeship Level 3/Sidescroller_ 2D FX, 3D FX & Implementation - Unreal 4/Unreal Sword Swipe Spell/Melee Hit Effect - Unreal 4.html",DISCOVERED
post,Windup Particle Setup - Unreal 4,https://www.vfxapprentice.com/products/apprenticeship-level-3/categories/2150661703/posts/2159090915,https://www.vfxapprentice.com/products/apprenticeship-level-3/categories/2150661703,"Apprenticeship Level 3/Sidescroller_ 2D FX, 3D FX & Implementation - Unreal 4/Unreal Fireball Spell/Windup Particle Setup - Unreal 4.html",DISCOVERED
post,Windup Additional Textures - Unreal 4,https://www.vfxapprentice.com/products/apprenticeship-level-3/categories/2150661703/posts/2159090919,https://www.vfxapprentice.com/products/apprenticeship-level-3/categories/2150661703,"Apprenticeship Level 3/Sidescroller_ 2D FX, 3D FX & Implementation - Unreal 4/Unreal Fireball Spell/Windup Additional Textures - Unreal 4.html",DISCOVERED
post,Windup Final Edit - Unreal 4,https://www.vfxapprentice.com/products/apprenticeship-level-3/categories/2150661703/posts/2159090921,https://www.vfxapprentice.com/products/apprenticeship-level-3/categories/2150661703,"Apprenticeship Level 3/Sidescroller_ 2D FX, 3D FX & Implementation - Unreal 4/Unreal Fireball Spell/Windup Final Edit - Unreal 4.html",DISCOVERED
post,Particle-Based Attempt - Unreal 4,https://www.vfxapprentice.com/products/apprenticeship-level-3/categories/2150661703/posts/2159090922,https://www.vfxapprentice.com/products/apprenticeship-level-3/categories/2150661703,"Apprenticeship Level 3/Sidescroller_ 2D FX, 3D FX & Implementation - Unreal 4/Unreal Fireball Spell/Particle-Based Attempt - Unreal 4.html",DISCOVERED
post,Cast Animation - Unreal 4,https://www.vfxapprentice.com/products/apprenticeship-level-3/categories/2150661703/posts/2159090923,https://www.vfxapprentice.com/products/apprenticeship-level-3/categories/2150661703,"Apprenticeship Level 3/Sidescroller_ 2D FX, 3D FX & Implementation - Unreal 4/Unreal Fireball Spell/Cast Animation - Unreal 4.html",DISCOVERED
post,Final Implementation - Unreal 4,https://www.vfxapprentice.com/products/apprenticeship-level-3/categories/2150661703/posts/2159090924,https://www.vfxapprentice.com/products/apprenticeship-level-3/categories/2150661703,"Apprenticeship Level 3/Sidescroller_ 2D FX, 3D FX & Implementation - Unreal 4/Unreal Fireball Spell/Final Implementation - Unreal 4.html",DISCOVERED
post,Animation & Unreal Setup - Unreal 4,https://www.vfxapprentice.com/products/apprenticeship-level-3/categories/2150661703/posts/2159090927,https://www.vfxapprentice.com/products/apprenticeship-level-3/categories/2150661703,"Apprenticeship Level 3/Sidescroller_ 2D FX, 3D FX & Implementation - Unreal 4/Unreal Fireball Spell/Animation & Unreal Setup - Unreal 4.html",DISCOVERED
post,Flipbook Dissolve & Unreal Setup - Unreal 4,https://www.vfxapprentice.com/products/apprenticeship-level-3/categories/2150661703/posts/2159090928,https://www.vfxapprentice.com/products/apprenticeship-level-3/categories/2150661703,"Apprenticeship Level 3/Sidescroller_ 2D FX, 3D FX & Implementation - Unreal 4/Unreal Fireball Spell/Flipbook Dissolve & Unreal Setup - Unreal 4.html",DISCOVERED
post,Smoke Flibook & Unreal Setup - Unreal 4,https://www.vfxapprentice.com/products/apprenticeship-level-3/categories/2150661703/posts/2159090929,https://www.vfxapprentice.com/products/apprenticeship-level-3/categories/2150661703,"Apprenticeship Level 3/Sidescroller_ 2D FX, 3D FX & Implementation - Unreal 4/Unreal Fireball Spell/Smoke Flibook & Unreal Setup - Unreal 4.html",DISCOVERED
post,Base Smoke Animation - Unreal 4,https://www.vfxapprentice.com/products/apprenticeship-level-3/categories/2150661703/posts/2159090932,https://www.vfxapprentice.com/products/apprenticeship-level-3/categories/2150661703,"Apprenticeship Level 3/Sidescroller_ 2D FX, 3D FX & Implementation - Unreal 4/Unreal Fireball Spell/Base Smoke Animation - Unreal 4.html",DISCOVERED
post,Niagara Smoke & Embers - Unreal 4,https://www.vfxapprentice.com/products/apprenticeship-level-3/categories/2150661703/posts/2159090949,https://www.vfxapprentice.com/products/apprenticeship-level-3/categories/2150661703,"Apprenticeship Level 3/Sidescroller_ 2D FX, 3D FX & Implementation - Unreal 4/Unreal Fireball Spell/Niagara Smoke & Embers - Unreal 4.html",DISCOVERED
post,Additional Textures & Meshes - Unreal 4,https://www.vfxapprentice.com/products/apprenticeship-level-3/categories/2150661703/posts/2159090950,https://www.vfxapprentice.com/products/apprenticeship-level-3/categories/2150661703,"Apprenticeship Level 3/Sidescroller_ 2D FX, 3D FX & Implementation - Unreal 4/Unreal Fireball Spell/Additional Textures & Meshes - Unreal 4.html",DISCOVERED
post,Material & Niagara Particle Setup - Unreal 4,https://www.vfxapprentice.com/products/apprenticeship-level-3/categories/2150661703/posts/2159090956,https://www.vfxapprentice.com/products/apprenticeship-level-3/categories/2150661703,"Apprenticeship Level 3/Sidescroller_ 2D FX, 3D FX & Implementation - Unreal 4/Unreal Fireball Spell/Material & Niagara Particle Setup - Unreal 4.html",DISCOVERED
post,Streamers & Finish - Unreal 4,https://www.vfxapprentice.com/products/apprenticeship-level-3/categories/2150661703/posts/2159090959,https://www.vfxapprentice.com/products/apprenticeship-level-3/categories/2150661703,"Apprenticeship Level 3/Sidescroller_ 2D FX, 3D FX & Implementation - Unreal 4/Unreal Fireball Spell/Streamers & Finish - Unreal 4.html",DISCOVERED
post,Introduction & Planning - Unreal 4,https://www.vfxapprentice.com/products/apprenticeship-level-3/categories/2150661704/posts/2159090963,https://www.vfxapprentice.com/products/apprenticeship-level-3/categories/2150661704,"Apprenticeship Level 3/Sidescroller_ 2D FX, 3D FX & Implementation - Unreal 4/Unreal Heal/Introduction & Planning - Unreal 4.html",DISCOVERED
post,Column Flipbook & Mesh - Unreal 4,https://www.vfxapprentice.com/products/apprenticeship-level-3/categories/2150661704/posts/2159090964,https://www.vfxapprentice.com/products/apprenticeship-level-3/categories/2150661704,"Apprenticeship Level 3/Sidescroller_ 2D FX, 3D FX & Implementation - Unreal 4/Unreal Heal/Column Flipbook & Mesh - Unreal 4.html",DISCOVERED
post,Hit Column Unreal Setup - Unreal 4,https://www.vfxapprentice.com/products/apprenticeship-level-3/categories/2150661704/posts/2159090966,https://www.vfxapprentice.com/products/apprenticeship-level-3/categories/2150661704,"Apprenticeship Level 3/Sidescroller_ 2D FX, 3D FX & Implementation - Unreal 4/Unreal Heal/Hit Column Unreal Setup - Unreal 4.html",DISCOVERED
post,Hit Dust Cloud Animation & Setup - Unreal 4,https://www.vfxapprentice.com/products/apprenticeship-level-3/categories/2150661704/posts/2159090968,https://www.vfxapprentice.com/products/apprenticeship-level-3/categories/2150661704,"Apprenticeship Level 3/Sidescroller_ 2D FX, 3D FX & Implementation - Unreal 4/Unreal Heal/Hit Dust Cloud Animation & Setup - Unreal 4.html",DISCOVERED
post,Windup Unreal Setup: Part 1 - Unreal 4,https://www.vfxapprentice.com/products/apprenticeship-level-3/categories/2150661704/posts/2159090969,https://www.vfxapprentice.com/products/apprenticeship-level-3/categories/2150661704,"Apprenticeship Level 3/Sidescroller_ 2D FX, 3D FX & Implementation - Unreal 4/Unreal Heal/Windup Unreal Setup_ Part 1 - Unreal 4.html",DISCOVERED
post,Windup Unreal Setup: Part 2 - Unreal 4,https://www.vfxapprentice.com/products/apprenticeship-level-3/categories/2150661704/posts/2159090971,https://www.vfxapprentice.com/products/apprenticeship-level-3/categories/2150661704,"Apprenticeship Level 3/Sidescroller_ 2D FX, 3D FX & Implementation - Unreal 4/Unreal Heal/Windup Unreal Setup_ Part 2 - Unreal 4.html",DISCOVERED
post,Cast Flipbook Creation,https://www.vfxapprentice.com/products/apprenticeship-level-3/categories/2150661704/posts/2159090973,https://www.vfxapprentice.com/products/apprenticeship-level-3/categories/2150661704,"Apprenticeship Level 3/Sidescroller_ 2D FX, 3D FX & Implementation - Unreal 4/Unreal Heal/Cast Flipbook Creation.html",DISCOVERED
post,Cast Unreal Setup - Unreal 4,https://www.vfxapprentice.com/products/apprenticeship-level-3/categories/2150661704/posts/2159090976,https://www.vfxapprentice.com/products/apprenticeship-level-3/categories/2150661704,"Apprenticeship Level 3/Sidescroller_ 2D FX, 3D FX & Implementation - Unreal 4/Unreal Heal/Cast Unreal Setup - Unreal 4.html",DISCOVERED
post,Cleanup: Flipbooks (Unnarrated),https://www.vfxapprentice.com/products/apprenticeship-level-3/categories/2150661704/posts/2159090977,https://www.vfxapprentice.com/products/apprenticeship-level-3/categories/2150661704,"Apprenticeship Level 3/Sidescroller_ 2D FX, 3D FX & Implementation - Unreal 4/Unreal Heal/Cleanup_ Flipbooks (Unnarrated).html",DISCOVERED
post,Cleanup: Unreal Implementation - Unreal 4,https://www.vfxapprentice.com/products/apprenticeship-level-3/categories/2150661704/posts/2159090978,https://www.vfxapprentice.com/products/apprenticeship-level-3/categories/2150661704,"Apprenticeship Level 3/Sidescroller_ 2D FX, 3D FX & Implementation - Unreal 4/Unreal Heal/Cleanup_ Unreal Implementation - Unreal 4.html",DISCOVERED
post,Revision: Overview - Unreal 4,https://www.vfxapprentice.com/products/apprenticeship-level-3/categories/2150661704/posts/2159090980,https://www.vfxapprentice.com/products/apprenticeship-level-3/categories/2150661704,"Apprenticeship Level 3/Sidescroller_ 2D FX, 3D FX & Implementation - Unreal 4/Unreal Heal/Revision_ Overview - Unreal 4.html",DISCOVERED
post,Revision: Color Concept,https://www.vfxapprentice.com/products/apprenticeship-level-3/categories/2150661704/posts/2159090983,https://www.vfxapprentice.com/products/apprenticeship-level-3/categories/2150661704,"Apprenticeship Level 3/Sidescroller_ 2D FX, 3D FX & Implementation - Unreal 4/Unreal Heal/Revision_ Color Concept.html",DISCOVERED
post,Revision: AOE Column - Unreal 4,https://www.vfxapprentice.com/products/apprenticeship-level-3/categories/2150661704/posts/2159090984,https://www.vfxapprentice.com/products/apprenticeship-level-3/categories/2150661704,"Apprenticeship Level 3/Sidescroller_ 2D FX, 3D FX & Implementation - Unreal 4/Unreal Heal/Revision_ AOE Column - Unreal 4.html",DISCOVERED
post,Revision: Windup - Unreal 4,https://www.vfxapprentice.com/products/apprenticeship-level-3/categories/2150661704/posts/2159090987,https://www.vfxapprentice.com/products/apprenticeship-level-3/categories/2150661704,"Apprenticeship Level 3/Sidescroller_ 2D FX, 3D FX & Implementation - Unreal 4/Unreal Heal/Revision_ Windup - Unreal 4.html",DISCOVERED
post,Revision: Cast Effect - Unreal 4,https://www.vfxapprentice.com/products/apprenticeship-level-3/categories/2150661704/posts/2159090990,https://www.vfxapprentice.com/products/apprenticeship-level-3/categories/2150661704,"Apprenticeship Level 3/Sidescroller_ 2D FX, 3D FX & Implementation - Unreal 4/Unreal Heal/Revision_ Cast Effect - Unreal 4.html",DISCOVERED
post,Side Scroller Review,https://www.vfxapprentice.com/products/apprenticeship-level-3/categories/2151123941/posts/2160576309,https://www.vfxapprentice.com/products/apprenticeship-level-3/categories/2151123941,"Apprenticeship Level 3/Sidescroller_ 2D FX, 3D FX & Implementation - Unreal 4/Side Scroller Evaluation/Side Scroller Review.html",DISCOVERED
