type,title,url,local_path,status,size_bytes
library,Main Library,https://www.vfxapprentice.com/library,,DISCOVERED,
product,Beginner Bootcamp,https://www.vfxapprentice.com/products/beginner-bootcamp,,DISCOVERED,
product,VFX Apprentice Asset Library,https://www.vfxapprentice.com/products/vfx-apprentice-asset-library,,DISCOVERED,
product,VFXA Free Training,https://www.vfxapprentice.com/products/vfxa-free-training,,DISCOVERED,
product,Hand-Drawn 2D FX: Level 1,https://www.vfxapprentice.com/products/hand-drawn-2d-fx-level-1,,DISCOVERED,
product,Hand-Drawn 2D FX: Level 2,https://www.vfxapprentice.com/products/hand-drawn-2d-fx-level-2,,DISCOVERED,
product,Hand-Crafted 3D VFX: Level 1,https://www.vfxapprentice.com/products/hand-crafted-3d-vfx-level-1,,DISCOVERED,
product,Hand-Crafted 3D VFX: Level 2,https://www.vfxapprentice.com/products/hand-crafted-3d-vfx-level-2,,DISCOVERED,
product,Apprenticeship Level 3,https://www.vfxapprentice.com/products/apprenticeship-level-3,,DISCOVERED,
category,Week 0,https://www.vfxapprentice.com/products/beginner-bootcamp/categories/2157737554,,DISCOVERED,
category,Week 1 - Intro to 2D FX,https://www.vfxapprentice.com/products/beginner-bootcamp/categories/2157737555,,DISCOVERED,
category,Week 2 - FX Foundations,https://www.vfxapprentice.com/products/beginner-bootcamp/categories/2157737556,,DISCOVERED,
category,Week 3 - FX Artistry,https://www.vfxapprentice.com/products/beginner-bootcamp/categories/2157737562,,DISCOVERED,
category,Week 4 - Advanced 2D Techniques,https://www.vfxapprentice.com/products/beginner-bootcamp/categories/2157737563,,DISCOVERED,
category,Week 5 - Intro to 3D VFX,https://www.vfxapprentice.com/products/beginner-bootcamp/categories/2157737580,,DISCOVERED,
category,Week 6 - Textures & Meshes,https://www.vfxapprentice.com/products/beginner-bootcamp/categories/2157737584,,DISCOVERED,
category,Week 7 - Shaders & Materials,https://www.vfxapprentice.com/products/beginner-bootcamp/categories/2157737590,,DISCOVERED,
category,Week 8 - Particle Systems,https://www.vfxapprentice.com/products/beginner-bootcamp/categories/2157737594,,DISCOVERED,
category,VFX by Mario Belén,https://www.vfxapprentice.com/products/vfx-apprentice-asset-library/categories/2160299012,,DISCOVERED,
category,VFX by Daryna-Vladyslava Masiahina,https://www.vfxapprentice.com/products/vfx-apprentice-asset-library/categories/2159219593,,DISCOVERED,
category,VFX by Gustavo Dresch Rosa,https://www.vfxapprentice.com/products/vfx-apprentice-asset-library/categories/2160308178,,DISCOVERED,
category,VFX by Clovis Lebret,https://www.vfxapprentice.com/products/vfx-apprentice-asset-library/categories/2159932504,,DISCOVERED,
category,VFX by Can Bayar,https://www.vfxapprentice.com/products/vfx-apprentice-asset-library/categories/2160214336,,DISCOVERED,
category,VFX by Renate Noel-Tagoe (Insert Cat),https://www.vfxapprentice.com/products/vfx-apprentice-asset-library/categories/2159212997,,DISCOVERED,
category,VFX by Harmonie Duquesne,https://www.vfxapprentice.com/products/vfx-apprentice-asset-library/categories/2158772168,,DISCOVERED,
category,VFX by Katie Stine,https://www.vfxapprentice.com/products/vfx-apprentice-asset-library/categories/2158892723,,DISCOVERED,
category,VFX by Jakub Tkáč,https://www.vfxapprentice.com/products/vfx-apprentice-asset-library/categories/2159389664,,DISCOVERED,
category,VFX by Bruno Ferreira Belício,https://www.vfxapprentice.com/products/vfx-apprentice-asset-library/categories/2159389663,,DISCOVERED,
category,VFX by Martin Blasina,https://www.vfxapprentice.com/products/vfx-apprentice-asset-library/categories/2159728446,,DISCOVERED,
category,VFX by Orçun Sarı,https://www.vfxapprentice.com/products/vfx-apprentice-asset-library/categories/2158686925,,DISCOVERED,
category,VFX by De Andre Martin,https://www.vfxapprentice.com/products/vfx-apprentice-asset-library/categories/2158892725,,DISCOVERED,
category,Downloads,https://www.vfxapprentice.com/products/vfxa-free-training/categories/2151489384,,DISCOVERED,
category,Beginner Guide to VFX,https://www.vfxapprentice.com/products/vfxa-free-training/categories/2154107971,,DISCOVERED,
category,Artistic Principles of VFX,https://www.vfxapprentice.com/products/vfxa-free-training/categories/2151391580,,DISCOVERED,
category,Free LIVE Events at VFX Apprentice,https://www.vfxapprentice.com/products/vfxa-free-training/categories/2155199500,,DISCOVERED,
category,League of Effects (Fan Art) Breakdowns,https://www.vfxapprentice.com/products/vfxa-free-training/categories/2154108256,,DISCOVERED,
category,Block-In FX (Unity & UE5 Niagara),https://www.vfxapprentice.com/products/vfxa-free-training/categories/2151391608,,DISCOVERED,
category,Community Hangout Sessions,https://www.vfxapprentice.com/products/vfxa-free-training/categories/2152898182,,DISCOVERED,
category,Import Your VFX into Fortnite,https://www.vfxapprentice.com/products/vfxa-free-training/categories/2153411281,,DISCOVERED,
category,Intro to Adobe Animate,https://www.vfxapprentice.com/products/vfxa-free-training/categories/2151391627,,DISCOVERED,
category,Intro to Toon Boom Harmony,https://www.vfxapprentice.com/products/vfxa-free-training/categories/2151391646,,DISCOVERED,
category,Photoshop for VFX Artists,https://www.vfxapprentice.com/products/vfxa-free-training/categories/2151391581,,DISCOVERED,
category,Animating in Photoshop,https://www.vfxapprentice.com/products/vfxa-free-training/categories/2153473616,,DISCOVERED,
category,FX Artist Interviews,https://www.vfxapprentice.com/products/vfxa-free-training/categories/2151439864,,DISCOVERED,
category,After Effects for Games,https://www.vfxapprentice.com/products/vfxa-free-training/categories/2151391651,,DISCOVERED,
category,Unreal Engine Fundamentals,https://www.vfxapprentice.com/products/vfxa-free-training/categories/2151391625,,DISCOVERED,
category,Character FX Design,https://www.vfxapprentice.com/products/vfxa-free-training/categories/2151489366,,DISCOVERED,
category,Color Theory for VFX,https://www.vfxapprentice.com/products/vfxa-free-training/categories/2154066824,,DISCOVERED,
category,VFX Rants and Thoughts With Jason,https://www.vfxapprentice.com/products/vfxa-free-training/categories/2152158523,,DISCOVERED,
category,All Access,https://www.vfxapprentice.com/products/vfxa-free-training/categories/2151731484,,DISCOVERED,
category,FX Design Principles - Explained,https://www.vfxapprentice.com/products/hand-drawn-2d-fx-level-1/categories/2150627140,,DISCOVERED,
category,FX Timing Principles - Explained,https://www.vfxapprentice.com/products/hand-drawn-2d-fx-level-1/categories/2150627141,,DISCOVERED,
category,Animation & Design - Track Overview,https://www.vfxapprentice.com/products/hand-drawn-2d-fx-level-1/categories/2150659695,,DISCOVERED,
category,Drawing Foundations - Design,https://www.vfxapprentice.com/products/hand-drawn-2d-fx-level-1/categories/2150627189,,DISCOVERED,
category,2D Software Introduction - Explained,https://www.vfxapprentice.com/products/hand-drawn-2d-fx-level-1/categories/2153487511,,DISCOVERED,
category,2D FX Basics - Animation,https://www.vfxapprentice.com/products/hand-drawn-2d-fx-level-1/categories/2153487517,,DISCOVERED,
category,Applied Foundations - Animation,https://www.vfxapprentice.com/products/hand-drawn-2d-fx-level-1/categories/2150627211,,DISCOVERED,
category,Elemental Foundations - Explained,https://www.vfxapprentice.com/products/hand-drawn-2d-fx-level-1/categories/2150627224,,DISCOVERED,
category,What To Learn Next? - Track Overview,https://www.vfxapprentice.com/products/hand-drawn-2d-fx-level-1/categories/2150659706,,DISCOVERED,
category,Intro to FX Concept Painting - Design,https://www.vfxapprentice.com/products/hand-drawn-2d-fx-level-1/categories/2150627457,,DISCOVERED,
category,FX Concept Painting Elemental Studies - Design,https://www.vfxapprentice.com/products/hand-drawn-2d-fx-level-1/categories/2150627636,,DISCOVERED,
category,Small 2D FX Animation Studies - Animation,https://www.vfxapprentice.com/products/hand-drawn-2d-fx-level-1/categories/2150627235,,DISCOVERED,
category,Medium 2D FX Animation Elemental Studies - Animation,https://www.vfxapprentice.com/products/hand-drawn-2d-fx-level-1/categories/2150627657,,DISCOVERED,
category,Level 1 ✅,https://www.vfxapprentice.com/products/hand-drawn-2d-fx-level-1/categories/2150627694,,DISCOVERED,
category,Paintover Series - Explained,https://www.vfxapprentice.com/products/hand-drawn-2d-fx-level-2/categories/2150659854,,DISCOVERED,
category,Animation & Post-Process - Track Overview,https://www.vfxapprentice.com/products/hand-drawn-2d-fx-level-2/categories/2150659817,,DISCOVERED,
category,Integrating FX With a Character - Animation,https://www.vfxapprentice.com/products/hand-drawn-2d-fx-level-2/categories/2150659858,,DISCOVERED,
category,Post-Process & Motion Graphics Track,https://www.vfxapprentice.com/products/hand-drawn-2d-fx-level-2/categories/2150660577,,DISCOVERED,
category,2D FX Meme Lab - Production Styles,https://www.vfxapprentice.com/products/hand-drawn-2d-fx-level-2/categories/2152722227,,DISCOVERED,
category,Complex 2D FX Composition Studies - Animation,https://www.vfxapprentice.com/products/hand-drawn-2d-fx-level-2/categories/2150660021,,DISCOVERED,
category,Level 2 ✅,https://www.vfxapprentice.com/products/hand-drawn-2d-fx-level-2/categories/2150660705,,DISCOVERED,
category,Project - Download,https://www.vfxapprentice.com/products/hand-crafted-3d-vfx-level-1/categories/2151531435,,DISCOVERED,
category,Beginner Guide to VFX,https://www.vfxapprentice.com/products/hand-crafted-3d-vfx-level-1/categories/2154198343,,DISCOVERED,
category,Block-in VFX - Unity,https://www.vfxapprentice.com/products/hand-crafted-3d-vfx-level-1/categories/2150605434,,DISCOVERED,
category,Niagara Block-in VFX - Unreal 5,https://www.vfxapprentice.com/products/hand-crafted-3d-vfx-level-1/categories/2150605378,,DISCOVERED,
category,Color Theory for VFX,https://www.vfxapprentice.com/products/hand-crafted-3d-vfx-level-1/categories/2150605426,,DISCOVERED,
category,Intro to Hand-Painted Textures - Krita,https://www.vfxapprentice.com/products/hand-crafted-3d-vfx-level-1/categories/2150605474,,DISCOVERED,
category,Intro to Procedural Textures - Substance Designer,https://www.vfxapprentice.com/products/hand-crafted-3d-vfx-level-1/categories/2153470807,,DISCOVERED,
category,Intro to Modeling for VFX - Blender & Maya,https://www.vfxapprentice.com/products/hand-crafted-3d-vfx-level-1/categories/2150605507,,DISCOVERED,
category,Intro to Shaders - Unity,https://www.vfxapprentice.com/products/hand-crafted-3d-vfx-level-1/categories/2153219613,,DISCOVERED,
category,Intro to Materials - Unreal 5,https://www.vfxapprentice.com/products/hand-crafted-3d-vfx-level-1/categories/2150605515,,DISCOVERED,
category,Art Foundational Lectures - Explained,https://www.vfxapprentice.com/products/hand-crafted-3d-vfx-level-1/categories/2150605523,,DISCOVERED,
category,League of Effects (Fan Art) Breakdowns,https://www.vfxapprentice.com/products/hand-crafted-3d-vfx-level-1/categories/2154198573,,DISCOVERED,
category,Particle Practices - Community Recordings,https://www.vfxapprentice.com/products/hand-crafted-3d-vfx-level-1/categories/2152650100,,DISCOVERED,
category,Elemental Studies - Unity,https://www.vfxapprentice.com/products/hand-crafted-3d-vfx-level-1/categories/2150605572,,DISCOVERED,
category,Elemental Studies - Unreal,https://www.vfxapprentice.com/products/hand-crafted-3d-vfx-level-1/categories/2154231245,,DISCOVERED,
category,Level 1 ✅,https://www.vfxapprentice.com/products/hand-crafted-3d-vfx-level-1/categories/2150605604,,DISCOVERED,
category,Project - Download,https://www.vfxapprentice.com/products/hand-crafted-3d-vfx-level-2/categories/2151459356,,DISCOVERED,
category,Particle Animation - Explained,https://www.vfxapprentice.com/products/hand-crafted-3d-vfx-level-2/categories/2151459443,,DISCOVERED,
category,Unreal & Unity - Track Overview,https://www.vfxapprentice.com/products/hand-crafted-3d-vfx-level-2/categories/2150691176,,DISCOVERED,
category,VFX Case Studies - Unreal & Unity,https://www.vfxapprentice.com/products/hand-crafted-3d-vfx-level-2/categories/2150613163,,DISCOVERED,
category,Unity Booms & Blasts - Legacy,https://www.vfxapprentice.com/products/hand-crafted-3d-vfx-level-2/categories/2150613259,,DISCOVERED,
category,Unreal Cascade Booms & Blasts - Legacy,https://www.vfxapprentice.com/products/hand-crafted-3d-vfx-level-2/categories/2150613360,,DISCOVERED,
category,Level 2 ✅,https://www.vfxapprentice.com/products/hand-crafted-3d-vfx-level-2/categories/2150613450,,DISCOVERED,
category,Project - Download,https://www.vfxapprentice.com/products/apprenticeship-level-3/categories/2151531420,,DISCOVERED,
category,Soft Skills - Explained,https://www.vfxapprentice.com/products/apprenticeship-level-3/categories/2150661675,,DISCOVERED,
category,"Sidescroller: 2D FX, 3D FX & Implementation - Unreal 4",https://www.vfxapprentice.com/products/apprenticeship-level-3/categories/2150661700,,DISCOVERED,
category,Production Level Effects - Breakdown,https://www.vfxapprentice.com/products/apprenticeship-level-3/categories/2152376030,,DISCOVERED,
category,Production Level Effects - Unreal,https://www.vfxapprentice.com/products/apprenticeship-level-3/categories/2152945612,,DISCOVERED,
category,Apprenticeship,https://www.vfxapprentice.com/products/apprenticeship-level-3/categories/2150661743,,DISCOVERED,
category,Apprenticeship ✅,https://www.vfxapprentice.com/products/apprenticeship-level-3/categories/2151090962,,DISCOVERED,
category,Kick-Off and Orientation,https://www.vfxapprentice.com/products/beginner-bootcamp/categories/2157737424,,DISCOVERED,
category,Intro to Animate,https://www.vfxapprentice.com/products/beginner-bootcamp/categories/2157737795,,DISCOVERED,
category,Intro to Harmony,https://www.vfxapprentice.com/products/beginner-bootcamp/categories/2157738419,,DISCOVERED,
category,Assignment & Session Recordings,https://www.vfxapprentice.com/products/beginner-bootcamp/categories/2157737425,,DISCOVERED,
category,Lectures: FX Timing Principles,https://www.vfxapprentice.com/products/beginner-bootcamp/categories/2157738451,,DISCOVERED,
category,Practice: Line Wiggle Warmup,https://www.vfxapprentice.com/products/beginner-bootcamp/categories/2157738444,,DISCOVERED,
category,Practice: 2D FX Playbook,https://www.vfxapprentice.com/products/beginner-bootcamp/categories/2157738772,,DISCOVERED,
category,Assignment & Session Recordings,https://www.vfxapprentice.com/products/beginner-bootcamp/categories/2157737426,,DISCOVERED,
category,Lectures: FX Design Principles,https://www.vfxapprentice.com/products/beginner-bootcamp/categories/2157739271,,DISCOVERED,
category,Practice: Drawing Foundations,https://www.vfxapprentice.com/products/beginner-bootcamp/categories/2157739359,,DISCOVERED,
category,BONUS Lectures: Drawing Foundations,https://www.vfxapprentice.com/products/beginner-bootcamp/categories/2157739503,,DISCOVERED,
category,Assignment & Session Recordings,https://www.vfxapprentice.com/products/beginner-bootcamp/categories/2157737427,,DISCOVERED,
category,Practice: 2D FX Playbook,https://www.vfxapprentice.com/products/beginner-bootcamp/categories/2157739524,,DISCOVERED,
category,Lectures: Intro to Photoshop,https://www.vfxapprentice.com/products/beginner-bootcamp/categories/2157739557,,DISCOVERED,
category,Practice: Painting Techniques,https://www.vfxapprentice.com/products/beginner-bootcamp/categories/2157739602,,DISCOVERED,
category,Assignment & Session Recordings,https://www.vfxapprentice.com/products/beginner-bootcamp/categories/2157737428,,DISCOVERED,
category,Lectures: Elemental Foundations,https://www.vfxapprentice.com/products/beginner-bootcamp/categories/2157739616,,DISCOVERED,
category,Practice: FX Concept Painting Elemental Studies,https://www.vfxapprentice.com/products/beginner-bootcamp/categories/2157739652,,DISCOVERED,
post,Lecture: Color Foundations,https://www.vfxapprentice.com/products/beginner-bootcamp/categories/2157737563/posts/2188012482,,DISCOVERED,
category,Assignment & Session Recordings,https://www.vfxapprentice.com/products/beginner-bootcamp/categories/2157737429,,DISCOVERED,
category,Practice: Niagara Block-in VFX - Unreal 5,https://www.vfxapprentice.com/products/beginner-bootcamp/categories/2157744625,,DISCOVERED,
category,Practice: Block-in VFX - Unity,https://www.vfxapprentice.com/products/beginner-bootcamp/categories/2157744606,,DISCOVERED,
category,Assignment & Session Recordings,https://www.vfxapprentice.com/products/beginner-bootcamp/categories/2157737430,,DISCOVERED,
category,Practice: Intro to Modeling for VFX - Blender,https://www.vfxapprentice.com/products/beginner-bootcamp/categories/2157744914,,DISCOVERED,
category,Practice: Intro to Hand-Painted Textures - Krita,https://www.vfxapprentice.com/products/beginner-bootcamp/categories/2157744917,,DISCOVERED,
category,Practice: Intro to Procedural Textures - Substance Designer,https://www.vfxapprentice.com/products/beginner-bootcamp/categories/2157744921,,DISCOVERED,
category,Assignment & Session Recordings,https://www.vfxapprentice.com/products/beginner-bootcamp/categories/2157737431,,DISCOVERED,
category,Practice: Intro to Materials - Unreal 5,https://www.vfxapprentice.com/products/beginner-bootcamp/categories/2157745020,,DISCOVERED,
category,Practice: Intro to Shaders - Unity,https://www.vfxapprentice.com/products/beginner-bootcamp/categories/2157745014,,DISCOVERED,
category,Assignment & Session Recordings,https://www.vfxapprentice.com/products/beginner-bootcamp/categories/2157737432,,DISCOVERED,
category,Art Foundational Lectures,https://www.vfxapprentice.com/products/beginner-bootcamp/categories/2157745083,,DISCOVERED,
category,Practice: Elemental Studies - Unreal,https://www.vfxapprentice.com/products/beginner-bootcamp/categories/2157745092,,DISCOVERED,
category,Practice: Elemental Studies - Unity,https://www.vfxapprentice.com/products/beginner-bootcamp/categories/2157745087,,DISCOVERED,
post,Project Download,https://www.vfxapprentice.com/products/vfx-apprentice-asset-library/categories/2160299012/posts/2198376946,,DISCOVERED,
post,Project Download,https://www.vfxapprentice.com/products/vfx-apprentice-asset-library/categories/2159219593/posts/2194025583,,DISCOVERED,
post,Project Download,https://www.vfxapprentice.com/products/vfx-apprentice-asset-library/categories/2160308178/posts/2198408275,,DISCOVERED,
post,Project Download,https://www.vfxapprentice.com/products/vfx-apprentice-asset-library/categories/2159932504/posts/2196863699,,DISCOVERED,
post,Project Download,https://www.vfxapprentice.com/products/vfx-apprentice-asset-library/categories/2160214336/posts/2197994713,,DISCOVERED,
post,Project Download,https://www.vfxapprentice.com/products/vfx-apprentice-asset-library/categories/2159212997/posts/2194002394,,DISCOVERED,
post,Project Download,https://www.vfxapprentice.com/products/vfx-apprentice-asset-library/categories/2158772168/posts/2192189829,,DISCOVERED,
post,Project Download,https://www.vfxapprentice.com/products/vfx-apprentice-asset-library/categories/2158892723/posts/2192668720,,DISCOVERED,
post,Project Download,https://www.vfxapprentice.com/products/vfx-apprentice-asset-library/categories/2159389664/posts/2194720546,,DISCOVERED,
post,Project Download,https://www.vfxapprentice.com/products/vfx-apprentice-asset-library/categories/2159389663/posts/2194720543,,DISCOVERED,
post,Project Download,https://www.vfxapprentice.com/products/vfx-apprentice-asset-library/categories/2159728446/posts/2196052417,,DISCOVERED,
post,Project Download,https://www.vfxapprentice.com/products/vfx-apprentice-asset-library/categories/2158686925/posts/2191853781,,DISCOVERED,
post,Project Download,https://www.vfxapprentice.com/products/vfx-apprentice-asset-library/categories/2158892725/posts/2192668724,,DISCOVERED,
post,Download Files,https://www.vfxapprentice.com/products/vfxa-free-training/categories/2151489384/posts/2162283906,,DISCOVERED,
category,Introduction & Game Development,https://www.vfxapprentice.com/products/vfxa-free-training/categories/2154108283,,DISCOVERED,
category,"Gameplay, Engines, Platforms",https://www.vfxapprentice.com/products/vfxa-free-training/categories/2154108285,,DISCOVERED,
category,VFX Terminology & Process,https://www.vfxapprentice.com/products/vfxa-free-training/categories/2154108286,,DISCOVERED,
category,Next Steps,https://www.vfxapprentice.com/products/vfxa-free-training/categories/2154108419,,DISCOVERED,
post,Gameplay (Video Games),https://www.vfxapprentice.com/products/vfxa-free-training/categories/2151391580/posts/2161912172,,DISCOVERED,
post,Shape,https://www.vfxapprentice.com/products/vfxa-free-training/categories/2151391580/posts/2161912173,,DISCOVERED,
post,Value,https://www.vfxapprentice.com/products/vfxa-free-training/categories/2151391580/posts/2161912174,,DISCOVERED,
post,Color,https://www.vfxapprentice.com/products/vfxa-free-training/categories/2151391580/posts/2161912188,,DISCOVERED,
post,Timing,https://www.vfxapprentice.com/products/vfxa-free-training/categories/2151391580/posts/2161912190,,DISCOVERED,
post,Composition,https://www.vfxapprentice.com/products/vfxa-free-training/categories/2151391580/posts/2172568054,,DISCOVERED,
post,Live Portfolio Review April 2024,https://www.vfxapprentice.com/products/vfxa-free-training/categories/2155199500/posts/2177084454,,DISCOVERED,
post,Live Portfolio Review May 2024,https://www.vfxapprentice.com/products/vfxa-free-training/categories/2155199500/posts/2177818883,,DISCOVERED,
post,Live Portfolio Review June 2024,https://www.vfxapprentice.com/products/vfxa-free-training/categories/2155199500/posts/2178726344,,DISCOVERED,
post,Live Portfolio Review July 2024,https://www.vfxapprentice.com/products/vfxa-free-training/categories/2155199500/posts/2179629551,,DISCOVERED,
post,Live Portfolio Review August 2024,https://www.vfxapprentice.com/products/vfxa-free-training/categories/2155199500/posts/2180553235,,DISCOVERED,
post,Live Portfolio Review September 2024,https://www.vfxapprentice.com/products/vfxa-free-training/categories/2155199500/posts/2181515979,,DISCOVERED,
post,Live Portfolio Review October 2024,https://www.vfxapprentice.com/products/vfxa-free-training/categories/2155199500/posts/2182155847,,DISCOVERED,
post,Live Portfolio Review November 2024,https://www.vfxapprentice.com/products/vfxa-free-training/categories/2155199500/posts/2183001743,,DISCOVERED,
post,VFX Campfire with Jason & Keith (March 2025),https://www.vfxapprentice.com/products/vfxa-free-training/categories/2155199500/posts/2186349648,,DISCOVERED,
post,Introduction,https://www.vfxapprentice.com/products/vfxa-free-training/categories/2154108256/posts/2172787572,,DISCOVERED,
post,Breakdown: Super Mega Death Rocket (Fan Art),https://www.vfxapprentice.com/products/vfxa-free-training/categories/2154108256/posts/2172569094,,DISCOVERED,
post,UE Niagara Block-In FX: Fire,https://www.vfxapprentice.com/products/vfxa-free-training/categories/2151391608/posts/2161912240,,DISCOVERED,
post,Unity Block-In FX: Fire,https://www.vfxapprentice.com/products/vfxa-free-training/categories/2151391608/posts/2163765806,,DISCOVERED,
post,Nibilli's Follow-Along Magic Orb,https://www.vfxapprentice.com/products/vfxa-free-training/categories/2152898182/posts/2167795068,,DISCOVERED,
post,Join the Community,https://www.vfxapprentice.com/products/vfxa-free-training/categories/2152898182/posts/2168282048,,DISCOVERED,
post,Import VFX into UEFN,https://www.vfxapprentice.com/products/vfxa-free-training/categories/2153411281/posts/2169830436,,DISCOVERED,
post,Start Animating!,https://www.vfxapprentice.com/products/vfxa-free-training/categories/2151391627/posts/2161912297,,DISCOVERED,
post,Software Setup,https://www.vfxapprentice.com/products/vfxa-free-training/categories/2151391627/posts/2161912298,,DISCOVERED,
post,The Drawing Tools,https://www.vfxapprentice.com/products/vfxa-free-training/categories/2151391627/posts/2161912301,,DISCOVERED,
post,Timeline Controls,https://www.vfxapprentice.com/products/vfxa-free-training/categories/2151391627/posts/2161912302,,DISCOVERED,
post,Creating Flipbooks,https://www.vfxapprentice.com/products/vfxa-free-training/categories/2151391627/posts/2161912303,,DISCOVERED,
post,How to Use our Flipbook Templates,https://www.vfxapprentice.com/products/vfxa-free-training/categories/2151391627/posts/2161912305,,DISCOVERED,
post,BONUS - Cleanup Animation,https://www.vfxapprentice.com/products/vfxa-free-training/categories/2151391627/posts/2161912309,,DISCOVERED,
post,Begin to Animate!,https://www.vfxapprentice.com/products/vfxa-free-training/categories/2151391646/posts/2161912357,,DISCOVERED,
post,Software Setup,https://www.vfxapprentice.com/products/vfxa-free-training/categories/2151391646/posts/2161912358,,DISCOVERED,
post,Tools and Timeline,https://www.vfxapprentice.com/products/vfxa-free-training/categories/2151391646/posts/2161912359,,DISCOVERED,
post,Note Setup & Compositing,https://www.vfxapprentice.com/products/vfxa-free-training/categories/2151391646/posts/2161912361,,DISCOVERED,
post,Flipbook Creation,https://www.vfxapprentice.com/products/vfxa-free-training/categories/2151391646/posts/2161912372,,DISCOVERED,
post,Tools,https://www.vfxapprentice.com/products/vfxa-free-training/categories/2151391581/posts/2161912215,,DISCOVERED,
post,Layers,https://www.vfxapprentice.com/products/vfxa-free-training/categories/2151391581/posts/2161912216,,DISCOVERED,
post,Adjustments,https://www.vfxapprentice.com/products/vfxa-free-training/categories/2151391581/posts/2161912218,,DISCOVERED,
post,Pro Tips,https://www.vfxapprentice.com/products/vfxa-free-training/categories/2151391581/posts/2161912219,,DISCOVERED,
post,Animating in Photoshop,https://www.vfxapprentice.com/products/vfxa-free-training/categories/2153473616/posts/2170066125,,DISCOVERED,
post,Animating 2D FX for TV and Film - FULL INTERVIEW,https://www.vfxapprentice.com/products/vfxa-free-training/categories/2151439864/posts/2165479384,,DISCOVERED,
post,Working on Fortnite at Epic Games After Just a Few Months,https://www.vfxapprentice.com/products/vfxa-free-training/categories/2151439864/posts/2162096499,,DISCOVERED,
post,Driven VFX artist and game developer,https://www.vfxapprentice.com/products/vfxa-free-training/categories/2151439864/posts/2162096502,,DISCOVERED,
post,Becoming a 2D FX Artist on Netflix's Arcane,https://www.vfxapprentice.com/products/vfxa-free-training/categories/2151439864/posts/2162096504,,DISCOVERED,
post,Breaking into the Game VFX Industry,https://www.vfxapprentice.com/products/vfxa-free-training/categories/2151439864/posts/2162096507,,DISCOVERED,
post,The Newest VFX Artist on Overwatch,https://www.vfxapprentice.com/products/vfxa-free-training/categories/2151439864/posts/2162096510,,DISCOVERED,
post,The Right VFX Skills to Focus on to Land the Job,https://www.vfxapprentice.com/products/vfxa-free-training/categories/2151439864/posts/2162096516,,DISCOVERED,
post,Early Career Journey in VFX,https://www.vfxapprentice.com/products/vfxa-free-training/categories/2151439864/posts/2162227245,,DISCOVERED,
post,In-Game Animated Cursor,https://www.vfxapprentice.com/products/vfxa-free-training/categories/2151391651/posts/2161912381,,DISCOVERED,
post,Intro to Unreal,https://www.vfxapprentice.com/products/vfxa-free-training/categories/2151391625/posts/2161912281,,DISCOVERED,
post,Intro to Cascade,https://www.vfxapprentice.com/products/vfxa-free-training/categories/2151391625/posts/2161912282,,DISCOVERED,
post,Intro to Materials,https://www.vfxapprentice.com/products/vfxa-free-training/categories/2151391625/posts/2161912284,,DISCOVERED,
post,Intro to Kit Bashing,https://www.vfxapprentice.com/products/vfxa-free-training/categories/2151391625/posts/2161912285,,DISCOVERED,
post,How to Draw Stylized Flames,https://www.vfxapprentice.com/products/vfxa-free-training/categories/2151489366/posts/2162283838,,DISCOVERED,
post,How to Draw Stylized Water,https://www.vfxapprentice.com/products/vfxa-free-training/categories/2151489366/posts/2162676662,,DISCOVERED,
post,Intro & RGB Color Wheel,https://www.vfxapprentice.com/products/vfxa-free-training/categories/2154066824/posts/2172480594,,DISCOVERED,
post,Learn VFX This Year - Learning Challenge,https://www.vfxapprentice.com/products/vfxa-free-training/categories/2152158523/posts/2164888548,,DISCOVERED,
post,Should I Go to School for VFX?,https://www.vfxapprentice.com/products/vfxa-free-training/categories/2152158523/posts/2165974137,,DISCOVERED,
post,3 Tips to Help You Start Making Beautiful VFX,https://www.vfxapprentice.com/products/vfxa-free-training/categories/2152158523/posts/2165974152,,DISCOVERED,
post,VFX-A All Access,https://www.vfxapprentice.com/products/vfxa-free-training/categories/2151731484/posts/2163204959,,DISCOVERED,
post,Introduction - Dan Elder,https://www.vfxapprentice.com/products/hand-drawn-2d-fx-level-1/categories/2150627140/posts/2158959455,,DISCOVERED,
post,Intention,https://www.vfxapprentice.com/products/hand-drawn-2d-fx-level-1/categories/2150627140/posts/2158959457,,DISCOVERED,
post,Physical Properties,https://www.vfxapprentice.com/products/hand-drawn-2d-fx-level-1/categories/2150627140/posts/2158959458,,DISCOVERED,
post,Composition (Staging),https://www.vfxapprentice.com/products/hand-drawn-2d-fx-level-1/categories/2150627140/posts/2158959461,,DISCOVERED,
post,Solid Drawing,https://www.vfxapprentice.com/products/hand-drawn-2d-fx-level-1/categories/2150627140/posts/2158959462,,DISCOVERED,
post,Number of Frames,https://www.vfxapprentice.com/products/hand-drawn-2d-fx-level-1/categories/2150627141/posts/2158959480,,DISCOVERED,
post,Straight-Ahead & Key Framing,https://www.vfxapprentice.com/products/hand-drawn-2d-fx-level-1/categories/2150627141/posts/2158959481,,DISCOVERED,
post,Ease In & Ease Out,https://www.vfxapprentice.com/products/hand-drawn-2d-fx-level-1/categories/2150627141/posts/2158959484,,DISCOVERED,
post,Anticipation,https://www.vfxapprentice.com/products/hand-drawn-2d-fx-level-1/categories/2150627141/posts/2158959485,,DISCOVERED,
post,Impulse & Rhythm,https://www.vfxapprentice.com/products/hand-drawn-2d-fx-level-1/categories/2150627141/posts/2158959486,,DISCOVERED,
post,Follow-through,https://www.vfxapprentice.com/products/hand-drawn-2d-fx-level-1/categories/2150627141/posts/2158959487,,DISCOVERED,
post,Arcs,https://www.vfxapprentice.com/products/hand-drawn-2d-fx-level-1/categories/2150627141/posts/2158959488,,DISCOVERED,
post,Stretch & Smear,https://www.vfxapprentice.com/products/hand-drawn-2d-fx-level-1/categories/2150627141/posts/2158959490,,DISCOVERED,
post,Animation and Design Tracks Overview,https://www.vfxapprentice.com/products/hand-drawn-2d-fx-level-1/categories/2150659695/posts/2158959571,,DISCOVERED,
category,Lesson Sketch,https://www.vfxapprentice.com/products/hand-drawn-2d-fx-level-1/categories/2150627445,,DISCOVERED,
category,Review,https://www.vfxapprentice.com/products/hand-drawn-2d-fx-level-1/categories/2150659699,,DISCOVERED,
post,Drawing with Confidence,https://www.vfxapprentice.com/products/hand-drawn-2d-fx-level-1/categories/2150627189/posts/2158959654,,DISCOVERED,
post,Thinking in 3D,https://www.vfxapprentice.com/products/hand-drawn-2d-fx-level-1/categories/2150627189/posts/2158959670,,DISCOVERED,
post,Drawing in Perspective,https://www.vfxapprentice.com/products/hand-drawn-2d-fx-level-1/categories/2150627189/posts/2158959671,,DISCOVERED,
post,Cylinders in Perspective,https://www.vfxapprentice.com/products/hand-drawn-2d-fx-level-1/categories/2150627189/posts/2158959673,,DISCOVERED,
post,Finding the Right Perspective,https://www.vfxapprentice.com/products/hand-drawn-2d-fx-level-1/categories/2150627189/posts/2158959675,,DISCOVERED,
post,Combining Shapes in Perspective,https://www.vfxapprentice.com/products/hand-drawn-2d-fx-level-1/categories/2150627189/posts/2158960367,,DISCOVERED,
post,Rotating Shapes in Perspective,https://www.vfxapprentice.com/products/hand-drawn-2d-fx-level-1/categories/2150627189/posts/2158960445,,DISCOVERED,
post,Using Weighted Lines,https://www.vfxapprentice.com/products/hand-drawn-2d-fx-level-1/categories/2150627189/posts/2158960448,,DISCOVERED,
post,Drawing From References,https://www.vfxapprentice.com/products/hand-drawn-2d-fx-level-1/categories/2150627189/posts/2158960454,,DISCOVERED,
category,Intro to Animate,https://www.vfxapprentice.com/products/hand-drawn-2d-fx-level-1/categories/2150627208,,DISCOVERED,
category,Intro to Harmony,https://www.vfxapprentice.com/products/hand-drawn-2d-fx-level-1/categories/2150627207,,DISCOVERED,
category,Intro to Photoshop,https://www.vfxapprentice.com/products/hand-drawn-2d-fx-level-1/categories/2150627459,,DISCOVERED,
category,Review,https://www.vfxapprentice.com/products/hand-drawn-2d-fx-level-1/categories/2150659703,,DISCOVERED,
category,2D FX Playbook,https://www.vfxapprentice.com/products/hand-drawn-2d-fx-level-1/categories/2151838203,,DISCOVERED,
category,Review,https://www.vfxapprentice.com/products/hand-drawn-2d-fx-level-1/categories/2153488366,,DISCOVERED,
category,Line Wiggle Warmup,https://www.vfxapprentice.com/products/hand-drawn-2d-fx-level-1/categories/2150627214,,DISCOVERED,
category,Negative Shapes: Blip Animation,https://www.vfxapprentice.com/products/hand-drawn-2d-fx-level-1/categories/2150627215,,DISCOVERED,
category,Sparkle,https://www.vfxapprentice.com/products/hand-drawn-2d-fx-level-1/categories/2150627217,,DISCOVERED,
category,Abstract Lightning,https://www.vfxapprentice.com/products/hand-drawn-2d-fx-level-1/categories/2150627219,,DISCOVERED,
category,Fireball,https://www.vfxapprentice.com/products/hand-drawn-2d-fx-level-1/categories/2150627220,,DISCOVERED,
category,Review,https://www.vfxapprentice.com/products/hand-drawn-2d-fx-level-1/categories/2150659705,,DISCOVERED,
post,Design Commentary,https://www.vfxapprentice.com/products/hand-drawn-2d-fx-level-1/categories/2150627224/posts/2158959755,,DISCOVERED,
post,The Wave Principle,https://www.vfxapprentice.com/products/hand-drawn-2d-fx-level-1/categories/2150627224/posts/2158959757,,DISCOVERED,
post,Creation & Dissipation,https://www.vfxapprentice.com/products/hand-drawn-2d-fx-level-1/categories/2150627224/posts/2158959760,,DISCOVERED,
post,Cycles,https://www.vfxapprentice.com/products/hand-drawn-2d-fx-level-1/categories/2150627224/posts/2158959765,,DISCOVERED,
post,Fire,https://www.vfxapprentice.com/products/hand-drawn-2d-fx-level-1/categories/2150627224/posts/2158959771,,DISCOVERED,
post,Water,https://www.vfxapprentice.com/products/hand-drawn-2d-fx-level-1/categories/2150627224/posts/2158959773,,DISCOVERED,
post,Smoke & Dust,https://www.vfxapprentice.com/products/hand-drawn-2d-fx-level-1/categories/2150627224/posts/2158959777,,DISCOVERED,
post,Lightning & Flash Frames,https://www.vfxapprentice.com/products/hand-drawn-2d-fx-level-1/categories/2150627224/posts/2158959779,,DISCOVERED,
post,Debris,https://www.vfxapprentice.com/products/hand-drawn-2d-fx-level-1/categories/2150627224/posts/2158959780,,DISCOVERED,
post,Animation and Design Tracks Overview,https://www.vfxapprentice.com/products/hand-drawn-2d-fx-level-1/categories/2150659706/posts/2158959790,,DISCOVERED,
category,Painting Techniques,https://www.vfxapprentice.com/products/hand-drawn-2d-fx-level-1/categories/2150627461,,DISCOVERED,
category,Review,https://www.vfxapprentice.com/products/hand-drawn-2d-fx-level-1/categories/2150659772,,DISCOVERED,
post,Color Foundations Lecture,https://www.vfxapprentice.com/products/hand-drawn-2d-fx-level-1/categories/2150627457/posts/2172714618,,DISCOVERED,
category,Fire Explosion,https://www.vfxapprentice.com/products/hand-drawn-2d-fx-level-1/categories/2150627650,,DISCOVERED,
category,Wispy Cloud,https://www.vfxapprentice.com/products/hand-drawn-2d-fx-level-1/categories/2150627651,,DISCOVERED,
category,Lightning Zap,https://www.vfxapprentice.com/products/hand-drawn-2d-fx-level-1/categories/2150627652,,DISCOVERED,
category,Goo Splat,https://www.vfxapprentice.com/products/hand-drawn-2d-fx-level-1/categories/2150627654,,DISCOVERED,
category,Sparker & Aquanna Illustration,https://www.vfxapprentice.com/products/hand-drawn-2d-fx-level-1/categories/2150627655,,DISCOVERED,
category,Review,https://www.vfxapprentice.com/products/hand-drawn-2d-fx-level-1/categories/2150659778,,DISCOVERED,
category,Light Burst,https://www.vfxapprentice.com/products/hand-drawn-2d-fx-level-1/categories/2150627237,,DISCOVERED,
category,Fire Swoosh,https://www.vfxapprentice.com/products/hand-drawn-2d-fx-level-1/categories/2150627238,,DISCOVERED,
category,Nether Poof,https://www.vfxapprentice.com/products/hand-drawn-2d-fx-level-1/categories/2150627240,,DISCOVERED,
category,Poison Splat,https://www.vfxapprentice.com/products/hand-drawn-2d-fx-level-1/categories/2150627241,,DISCOVERED,
category,Dark Zap,https://www.vfxapprentice.com/products/hand-drawn-2d-fx-level-1/categories/2150627242,,DISCOVERED,
category,Bubbly Charm,https://www.vfxapprentice.com/products/hand-drawn-2d-fx-level-1/categories/2150627243,,DISCOVERED,
category,Cyber Tech Slash,https://www.vfxapprentice.com/products/hand-drawn-2d-fx-level-1/categories/2150627244,,DISCOVERED,
category,Review,https://www.vfxapprentice.com/products/hand-drawn-2d-fx-level-1/categories/2150659779,,DISCOVERED,
category,Water Fling,https://www.vfxapprentice.com/products/hand-drawn-2d-fx-level-1/categories/2150627658,,DISCOVERED,
category,Goo Orb,https://www.vfxapprentice.com/products/hand-drawn-2d-fx-level-1/categories/2150627660,,DISCOVERED,
category,Spiral Smoke Poof,https://www.vfxapprentice.com/products/hand-drawn-2d-fx-level-1/categories/2150627661,,DISCOVERED,
category,Directional Fire,https://www.vfxapprentice.com/products/hand-drawn-2d-fx-level-1/categories/2150627663,,DISCOVERED,
category,Heart Bubbles,https://www.vfxapprentice.com/products/hand-drawn-2d-fx-level-1/categories/2150627664,,DISCOVERED,
category,Electric Burst,https://www.vfxapprentice.com/products/hand-drawn-2d-fx-level-1/categories/2150627666,,DISCOVERED,
category,Review,https://www.vfxapprentice.com/products/hand-drawn-2d-fx-level-1/categories/2150659780,,DISCOVERED,
post,You made it!,https://www.vfxapprentice.com/products/hand-drawn-2d-fx-level-1/categories/2150627694/posts/2158961252,,DISCOVERED,
post,Lesson Survey,https://www.vfxapprentice.com/products/hand-drawn-2d-fx-level-1/categories/2150627694/posts/2160626438,,DISCOVERED,
post,Anthea Zammit - Paintover,https://www.vfxapprentice.com/products/hand-drawn-2d-fx-level-2/categories/2150659854/posts/2165127362,,DISCOVERED,
post,Luke Kimball - Paintover,https://www.vfxapprentice.com/products/hand-drawn-2d-fx-level-2/categories/2150659854/posts/2165127366,,DISCOVERED,
post,Sandra Femenía  - Paintover,https://www.vfxapprentice.com/products/hand-drawn-2d-fx-level-2/categories/2150659854/posts/2165195631,,DISCOVERED,
post,"Lee ""Zeph"" Parks - Paintover",https://www.vfxapprentice.com/products/hand-drawn-2d-fx-level-2/categories/2150659854/posts/2165301535,,DISCOVERED,
post,Ethan Wesley Maddix - Paintover,https://www.vfxapprentice.com/products/hand-drawn-2d-fx-level-2/categories/2150659854/posts/2165687614,,DISCOVERED,
post,Paintover Series Review,https://www.vfxapprentice.com/products/hand-drawn-2d-fx-level-2/categories/2150659854/posts/2159083981,,DISCOVERED,
post,Animation and Post-Process Tracks Overview,https://www.vfxapprentice.com/products/hand-drawn-2d-fx-level-2/categories/2150659817/posts/2159083955,,DISCOVERED,
category,Toxic Avatar,https://www.vfxapprentice.com/products/hand-drawn-2d-fx-level-2/categories/2150659860,,DISCOVERED,
category,Holy Avatar,https://www.vfxapprentice.com/products/hand-drawn-2d-fx-level-2/categories/2150659861,,DISCOVERED,
category,Wind Avatar,https://www.vfxapprentice.com/products/hand-drawn-2d-fx-level-2/categories/2150659862,,DISCOVERED,
category,Flame Avatar,https://www.vfxapprentice.com/products/hand-drawn-2d-fx-level-2/categories/2150659868,,DISCOVERED,
category,Electric Avatar,https://www.vfxapprentice.com/products/hand-drawn-2d-fx-level-2/categories/2150659869,,DISCOVERED,
category,Review,https://www.vfxapprentice.com/products/hand-drawn-2d-fx-level-2/categories/2150659871,,DISCOVERED,
category,Intro to After Effects,https://www.vfxapprentice.com/products/hand-drawn-2d-fx-level-2/categories/2150660579,,DISCOVERED,
category,Text Pops & Wiggles,https://www.vfxapprentice.com/products/hand-drawn-2d-fx-level-2/categories/2150660580,,DISCOVERED,
category,Card Shimmer,https://www.vfxapprentice.com/products/hand-drawn-2d-fx-level-2/categories/2150660582,,DISCOVERED,
category,Heart Bubbles,https://www.vfxapprentice.com/products/hand-drawn-2d-fx-level-2/categories/2150660585,,DISCOVERED,
category,Goo Orb,https://www.vfxapprentice.com/products/hand-drawn-2d-fx-level-2/categories/2150660587,,DISCOVERED,
category,Directional Fire,https://www.vfxapprentice.com/products/hand-drawn-2d-fx-level-2/categories/2150660588,,DISCOVERED,
category,Spiral Smoke Poof,https://www.vfxapprentice.com/products/hand-drawn-2d-fx-level-2/categories/2150660591,,DISCOVERED,
category,Wind Avatar,https://www.vfxapprentice.com/products/hand-drawn-2d-fx-level-2/categories/2150660592,,DISCOVERED,
category,Flame Avatar,https://www.vfxapprentice.com/products/hand-drawn-2d-fx-level-2/categories/2150660589,,DISCOVERED,
category,Holy Avatar,https://www.vfxapprentice.com/products/hand-drawn-2d-fx-level-2/categories/2150660595,,DISCOVERED,
category,Toxic Avatar,https://www.vfxapprentice.com/products/hand-drawn-2d-fx-level-2/categories/2150660596,,DISCOVERED,
category,Electric Avatar,https://www.vfxapprentice.com/products/hand-drawn-2d-fx-level-2/categories/2150660597,,DISCOVERED,
category,Review,https://www.vfxapprentice.com/products/hand-drawn-2d-fx-level-2/categories/2150660672,,DISCOVERED,
post,Intro,https://www.vfxapprentice.com/products/hand-drawn-2d-fx-level-2/categories/2152722227/posts/2166724701,,DISCOVERED,
post,Budget Shot,https://www.vfxapprentice.com/products/hand-drawn-2d-fx-level-2/categories/2152722227/posts/2166724703,,DISCOVERED,
post,TV Show: Low Fire,https://www.vfxapprentice.com/products/hand-drawn-2d-fx-level-2/categories/2152722227/posts/2166724706,,DISCOVERED,
post,TV Show: Head Fire,https://www.vfxapprentice.com/products/hand-drawn-2d-fx-level-2/categories/2152722227/posts/2166724709,,DISCOVERED,
post,TV Show: Explosion,https://www.vfxapprentice.com/products/hand-drawn-2d-fx-level-2/categories/2152722227/posts/2166724713,,DISCOVERED,
post,High-Budget Fire,https://www.vfxapprentice.com/products/hand-drawn-2d-fx-level-2/categories/2152722227/posts/2166724720,,DISCOVERED,
post,Summary,https://www.vfxapprentice.com/products/hand-drawn-2d-fx-level-2/categories/2152722227/posts/2166724721,,DISCOVERED,
post,Polish and Closure,https://www.vfxapprentice.com/products/hand-drawn-2d-fx-level-2/categories/2152722227/posts/2166724722,,DISCOVERED,
category,FX Logo Animation,https://www.vfxapprentice.com/products/hand-drawn-2d-fx-level-2/categories/2150660022,,DISCOVERED,
category,Explosion Masterclass,https://www.vfxapprentice.com/products/hand-drawn-2d-fx-level-2/categories/2150660027,,DISCOVERED,
category,Ignited - 2D FX Production,https://www.vfxapprentice.com/products/hand-drawn-2d-fx-level-2/categories/2153161526,,DISCOVERED,
category,Review,https://www.vfxapprentice.com/products/hand-drawn-2d-fx-level-2/categories/2150660263,,DISCOVERED,
post,Great job!,https://www.vfxapprentice.com/products/hand-drawn-2d-fx-level-2/categories/2150660705/posts/2159086665,,DISCOVERED,
post,Lesson Survey,https://www.vfxapprentice.com/products/hand-drawn-2d-fx-level-2/categories/2150660705/posts/2160626501,,DISCOVERED,
post,Project Download,https://www.vfxapprentice.com/products/hand-crafted-3d-vfx-level-1/categories/2151531435/posts/2160740828,,DISCOVERED,
category,Introduction & Game Development,https://www.vfxapprentice.com/products/hand-crafted-3d-vfx-level-1/categories/2154198428,,DISCOVERED,
category,"Gameplay, Engines, Platforms",https://www.vfxapprentice.com/products/hand-crafted-3d-vfx-level-1/categories/2154198483,,DISCOVERED,
category,VFX Terminology & Process,https://www.vfxapprentice.com/products/hand-crafted-3d-vfx-level-1/categories/2154198485,,DISCOVERED,
category,Next Steps,https://www.vfxapprentice.com/products/hand-crafted-3d-vfx-level-1/categories/2154198488,,DISCOVERED,
post,Intro to Unity: Fire,https://www.vfxapprentice.com/products/hand-crafted-3d-vfx-level-1/categories/2150605434/posts/2162913361,,DISCOVERED,
post,Hit Impact,https://www.vfxapprentice.com/products/hand-crafted-3d-vfx-level-1/categories/2150605434/posts/2162913365,,DISCOVERED,
post,Healing Loop,https://www.vfxapprentice.com/products/hand-crafted-3d-vfx-level-1/categories/2150605434/posts/2162913370,,DISCOVERED,
post,Explosion,https://www.vfxapprentice.com/products/hand-crafted-3d-vfx-level-1/categories/2150605434/posts/2163552123,,DISCOVERED,
post,Missile,https://www.vfxapprentice.com/products/hand-crafted-3d-vfx-level-1/categories/2150605434/posts/2163669309,,DISCOVERED,
post,Missile - Timeline Setup,https://www.vfxapprentice.com/products/hand-crafted-3d-vfx-level-1/categories/2150605434/posts/2163669313,,DISCOVERED,
post,Unity Introduction Review,https://www.vfxapprentice.com/products/hand-crafted-3d-vfx-level-1/categories/2150605434/posts/2159191363,,DISCOVERED,
post,Intro to Niagara: Fire,https://www.vfxapprentice.com/products/hand-crafted-3d-vfx-level-1/categories/2150605378/posts/2158878419,,DISCOVERED,
post,Item Aura & Visual Hierarchy,https://www.vfxapprentice.com/products/hand-crafted-3d-vfx-level-1/categories/2150605378/posts/2158878432,,DISCOVERED,
post,Tech & Tools,https://www.vfxapprentice.com/products/hand-crafted-3d-vfx-level-1/categories/2150605378/posts/2162581548,,DISCOVERED,
post,Block-in Overview,https://www.vfxapprentice.com/products/hand-crafted-3d-vfx-level-1/categories/2150605378/posts/2162581558,,DISCOVERED,
post,Damage Impact - Timing & Punch,https://www.vfxapprentice.com/products/hand-crafted-3d-vfx-level-1/categories/2150605378/posts/2158878433,,DISCOVERED,
post,Heal Impacts - Arcs & Ease In/Out,https://www.vfxapprentice.com/products/hand-crafted-3d-vfx-level-1/categories/2150605378/posts/2158878434,,DISCOVERED,
post,Missile Wind-up & Impact,https://www.vfxapprentice.com/products/hand-crafted-3d-vfx-level-1/categories/2150605378/posts/2158878435,,DISCOVERED,
post,Sequencer Addendum - Projectile Setup for Games,https://www.vfxapprentice.com/products/hand-crafted-3d-vfx-level-1/categories/2150605378/posts/2162581574,,DISCOVERED,
post,"Explosion AoE - Anticipation, Impulse, & Rhythm",https://www.vfxapprentice.com/products/hand-crafted-3d-vfx-level-1/categories/2150605378/posts/2158878449,,DISCOVERED,
post,Niagara Review,https://www.vfxapprentice.com/products/hand-crafted-3d-vfx-level-1/categories/2150605378/posts/2159191397,,DISCOVERED,
post,Intro & RGB Color Wheel,https://www.vfxapprentice.com/products/hand-crafted-3d-vfx-level-1/categories/2150605426/posts/2158878594,,DISCOVERED,
post,Color Value,https://www.vfxapprentice.com/products/hand-crafted-3d-vfx-level-1/categories/2150605426/posts/2158878596,,DISCOVERED,
post,Saturation & Hue,https://www.vfxapprentice.com/products/hand-crafted-3d-vfx-level-1/categories/2150605426/posts/2158878597,,DISCOVERED,
post,Temperature & Palettes,https://www.vfxapprentice.com/products/hand-crafted-3d-vfx-level-1/categories/2150605426/posts/2158878599,,DISCOVERED,
post,Addition,https://www.vfxapprentice.com/products/hand-crafted-3d-vfx-level-1/categories/2150605426/posts/2158878601,,DISCOVERED,
post,Restraint & Readability,https://www.vfxapprentice.com/products/hand-crafted-3d-vfx-level-1/categories/2150605426/posts/2158878603,,DISCOVERED,
post,Intro to Krita,https://www.vfxapprentice.com/products/hand-crafted-3d-vfx-level-1/categories/2150605474/posts/2158878644,,DISCOVERED,
post,Impact Flair,https://www.vfxapprentice.com/products/hand-crafted-3d-vfx-level-1/categories/2150605474/posts/2158878645,,DISCOVERED,
post,Ring,https://www.vfxapprentice.com/products/hand-crafted-3d-vfx-level-1/categories/2150605474/posts/2158878646,,DISCOVERED,
post,Embers Sprite Sheet,https://www.vfxapprentice.com/products/hand-crafted-3d-vfx-level-1/categories/2150605474/posts/2158878647,,DISCOVERED,
post,Zap Sprite Sheet,https://www.vfxapprentice.com/products/hand-crafted-3d-vfx-level-1/categories/2150605474/posts/2158878648,,DISCOVERED,
post,Wisp Sprite Sheet,https://www.vfxapprentice.com/products/hand-crafted-3d-vfx-level-1/categories/2150605474/posts/2158878649,,DISCOVERED,
post,Liquid Splatter,https://www.vfxapprentice.com/products/hand-crafted-3d-vfx-level-1/categories/2150605474/posts/2158878651,,DISCOVERED,
post,Tiling Noise,https://www.vfxapprentice.com/products/hand-crafted-3d-vfx-level-1/categories/2150605474/posts/2158878652,,DISCOVERED,
post,Tiling Trail,https://www.vfxapprentice.com/products/hand-crafted-3d-vfx-level-1/categories/2150605474/posts/2158878653,,DISCOVERED,
post,Hand Painted Textures Review,https://www.vfxapprentice.com/products/hand-crafted-3d-vfx-level-1/categories/2150605474/posts/2159191545,,DISCOVERED,
post,Intro to Procedural Thinking,https://www.vfxapprentice.com/products/hand-crafted-3d-vfx-level-1/categories/2153470807/posts/2170057074,,DISCOVERED,
post,Intro to Substance Designer - Fuzzball,https://www.vfxapprentice.com/products/hand-crafted-3d-vfx-level-1/categories/2153470807/posts/2170057080,,DISCOVERED,
post,Lens Flare,https://www.vfxapprentice.com/products/hand-crafted-3d-vfx-level-1/categories/2153470807/posts/2170057086,,DISCOVERED,
post,Ringburst,https://www.vfxapprentice.com/products/hand-crafted-3d-vfx-level-1/categories/2153470807/posts/2170057088,,DISCOVERED,
post,Embers - Spritesheet,https://www.vfxapprentice.com/products/hand-crafted-3d-vfx-level-1/categories/2153470807/posts/2170874868,,DISCOVERED,
post,Lightning - Spritesheet,https://www.vfxapprentice.com/products/hand-crafted-3d-vfx-level-1/categories/2153470807/posts/2170905389,,DISCOVERED,
post,Wisps - Spritesheet,https://www.vfxapprentice.com/products/hand-crafted-3d-vfx-level-1/categories/2153470807/posts/2170940649,,DISCOVERED,
post,Splash,https://www.vfxapprentice.com/products/hand-crafted-3d-vfx-level-1/categories/2153470807/posts/2171676560,,DISCOVERED,
post,Tiling Noise,https://www.vfxapprentice.com/products/hand-crafted-3d-vfx-level-1/categories/2153470807/posts/2171676514,,DISCOVERED,
post,Tiling Trail,https://www.vfxapprentice.com/products/hand-crafted-3d-vfx-level-1/categories/2153470807/posts/2171676518,,DISCOVERED,
post,Ground Crack,https://www.vfxapprentice.com/products/hand-crafted-3d-vfx-level-1/categories/2153470807/posts/2171676521,,DISCOVERED,
post,Intro to Blender,https://www.vfxapprentice.com/products/hand-crafted-3d-vfx-level-1/categories/2150605507/posts/2158878737,,DISCOVERED,
post,Dome & Tapered Cylinder,https://www.vfxapprentice.com/products/hand-crafted-3d-vfx-level-1/categories/2150605507/posts/2158878739,,DISCOVERED,
post,UVs in Blender,https://www.vfxapprentice.com/products/hand-crafted-3d-vfx-level-1/categories/2150605507/posts/2158878741,,DISCOVERED,
post,Vertex Colors,https://www.vfxapprentice.com/products/hand-crafted-3d-vfx-level-1/categories/2150605507/posts/2158878742,,DISCOVERED,
post,Modifiers,https://www.vfxapprentice.com/products/hand-crafted-3d-vfx-level-1/categories/2150605507/posts/2158878743,,DISCOVERED,
post,"Rings, Swipes, & Soulercoasters",https://www.vfxapprentice.com/products/hand-crafted-3d-vfx-level-1/categories/2150605507/posts/2158878745,,DISCOVERED,
post,Waterfall,https://www.vfxapprentice.com/products/hand-crafted-3d-vfx-level-1/categories/2150605507/posts/2161408083,,DISCOVERED,
post,Maya Basics,https://www.vfxapprentice.com/products/hand-crafted-3d-vfx-level-1/categories/2150605507/posts/2163766183,,DISCOVERED,
post,Modeling Review,https://www.vfxapprentice.com/products/hand-crafted-3d-vfx-level-1/categories/2150605507/posts/2159191554,,DISCOVERED,
post,Intro - Course Overview,https://www.vfxapprentice.com/products/hand-crafted-3d-vfx-level-1/categories/2153219613/posts/2169057659,,DISCOVERED,
post,How Do Shaders Work?,https://www.vfxapprentice.com/products/hand-crafted-3d-vfx-level-1/categories/2153219613/posts/2169057662,,DISCOVERED,
post,Node-based Shader Interface,https://www.vfxapprentice.com/products/hand-crafted-3d-vfx-level-1/categories/2153219613/posts/2169057666,,DISCOVERED,
post,Vector UVs - Texture Sampling,https://www.vfxapprentice.com/products/hand-crafted-3d-vfx-level-1/categories/2153219613/posts/2169057669,,DISCOVERED,
post,Adding & Panning,https://www.vfxapprentice.com/products/hand-crafted-3d-vfx-level-1/categories/2153219613/posts/2169057671,,DISCOVERED,
post,Multiply & Scaling,https://www.vfxapprentice.com/products/hand-crafted-3d-vfx-level-1/categories/2153219613/posts/2169057673,,DISCOVERED,
post,Adjusting Texture Intensity,https://www.vfxapprentice.com/products/hand-crafted-3d-vfx-level-1/categories/2153219613/posts/2169057674,,DISCOVERED,
post,Combining Textures,https://www.vfxapprentice.com/products/hand-crafted-3d-vfx-level-1/categories/2153219613/posts/2169057677,,DISCOVERED,
post,"Step, Smoothstep & Dissolve",https://www.vfxapprentice.com/products/hand-crafted-3d-vfx-level-1/categories/2153219613/posts/2169057680,,DISCOVERED,
post,Color Lerp & Gradients,https://www.vfxapprentice.com/products/hand-crafted-3d-vfx-level-1/categories/2153219613/posts/2169057683,,DISCOVERED,
post,Distortion,https://www.vfxapprentice.com/products/hand-crafted-3d-vfx-level-1/categories/2153219613/posts/2169057684,,DISCOVERED,
post,Creating a Full Shader,https://www.vfxapprentice.com/products/hand-crafted-3d-vfx-level-1/categories/2153219613/posts/2169057689,,DISCOVERED,
post,Properties & Shader Variants,https://www.vfxapprentice.com/products/hand-crafted-3d-vfx-level-1/categories/2153219613/posts/2169057780,,DISCOVERED,
post,Surface Direction Fresnel,https://www.vfxapprentice.com/products/hand-crafted-3d-vfx-level-1/categories/2153219613/posts/2169057788,,DISCOVERED,
post,Using Positions & Distance,https://www.vfxapprentice.com/products/hand-crafted-3d-vfx-level-1/categories/2153219613/posts/2169057791,,DISCOVERED,
post,Vertex Offset,https://www.vfxapprentice.com/products/hand-crafted-3d-vfx-level-1/categories/2153219613/posts/2169057852,,DISCOVERED,
post,Depth Fade,https://www.vfxapprentice.com/products/hand-crafted-3d-vfx-level-1/categories/2153219613/posts/2169057853,,DISCOVERED,
post,Shaders & Particle System,https://www.vfxapprentice.com/products/hand-crafted-3d-vfx-level-1/categories/2153219613/posts/2169057857,,DISCOVERED,
post,Review,https://www.vfxapprentice.com/products/hand-crafted-3d-vfx-level-1/categories/2153219613/posts/2169419767,,DISCOVERED,
post,Intro & Overview,https://www.vfxapprentice.com/products/hand-crafted-3d-vfx-level-1/categories/2150605515/posts/2160809549,,DISCOVERED,
post,Node-based Shader Interface,https://www.vfxapprentice.com/products/hand-crafted-3d-vfx-level-1/categories/2150605515/posts/2160399269,,DISCOVERED,
post,"Vector, UVs, & Texture Sampling",https://www.vfxapprentice.com/products/hand-crafted-3d-vfx-level-1/categories/2150605515/posts/2160399318,,DISCOVERED,
post,Add & Panning,https://www.vfxapprentice.com/products/hand-crafted-3d-vfx-level-1/categories/2150605515/posts/2160399320,,DISCOVERED,
post,Multiply & Scaling,https://www.vfxapprentice.com/products/hand-crafted-3d-vfx-level-1/categories/2150605515/posts/2160399325,,DISCOVERED,
post,Adjusting Textures,https://www.vfxapprentice.com/products/hand-crafted-3d-vfx-level-1/categories/2150605515/posts/2160399327,,DISCOVERED,
post,Combining Textures,https://www.vfxapprentice.com/products/hand-crafted-3d-vfx-level-1/categories/2150605515/posts/2160399332,,DISCOVERED,
post,Stepping,https://www.vfxapprentice.com/products/hand-crafted-3d-vfx-level-1/categories/2150605515/posts/2160399335,,DISCOVERED,
post,Lerp & Color,https://www.vfxapprentice.com/products/hand-crafted-3d-vfx-level-1/categories/2150605515/posts/2160399336,,DISCOVERED,
post,Distortion,https://www.vfxapprentice.com/products/hand-crafted-3d-vfx-level-1/categories/2150605515/posts/2160399338,,DISCOVERED,
post,Output Pipeline,https://www.vfxapprentice.com/products/hand-crafted-3d-vfx-level-1/categories/2150605515/posts/2161119739,,DISCOVERED,
post,Vectors & Fresnel,https://www.vfxapprentice.com/products/hand-crafted-3d-vfx-level-1/categories/2150605515/posts/2161119742,,DISCOVERED,
post,Positions & Distance Sampling,https://www.vfxapprentice.com/products/hand-crafted-3d-vfx-level-1/categories/2150605515/posts/2161119744,,DISCOVERED,
post,Vertex Offset,https://www.vfxapprentice.com/products/hand-crafted-3d-vfx-level-1/categories/2150605515/posts/2161119746,,DISCOVERED,
post,Depth Fade,https://www.vfxapprentice.com/products/hand-crafted-3d-vfx-level-1/categories/2150605515/posts/2161119749,,DISCOVERED,
post,Materials Review,https://www.vfxapprentice.com/products/hand-crafted-3d-vfx-level-1/categories/2150605515/posts/2159191565,,DISCOVERED,
post,Guiding Principles Lecture,https://www.vfxapprentice.com/products/hand-crafted-3d-vfx-level-1/categories/2150605523/posts/2158878813,,DISCOVERED,
post,Gameplay Lecture,https://www.vfxapprentice.com/products/hand-crafted-3d-vfx-level-1/categories/2150605523/posts/2158878814,,DISCOVERED,
post,Shape Lecture,https://www.vfxapprentice.com/products/hand-crafted-3d-vfx-level-1/categories/2150605523/posts/2158878816,,DISCOVERED,
post,Value Lecture,https://www.vfxapprentice.com/products/hand-crafted-3d-vfx-level-1/categories/2150605523/posts/2158878818,,DISCOVERED,
post,Color Lecture,https://www.vfxapprentice.com/products/hand-crafted-3d-vfx-level-1/categories/2150605523/posts/2158878819,,DISCOVERED,
post,Timing Lecture,https://www.vfxapprentice.com/products/hand-crafted-3d-vfx-level-1/categories/2150605523/posts/2158878817,,DISCOVERED,
post,Composition Lecture,https://www.vfxapprentice.com/products/hand-crafted-3d-vfx-level-1/categories/2150605523/posts/2172662532,,DISCOVERED,
post,Art Foundations Review,https://www.vfxapprentice.com/products/hand-crafted-3d-vfx-level-1/categories/2150605523/posts/2159747907,,DISCOVERED,
post,Introduction,https://www.vfxapprentice.com/products/hand-crafted-3d-vfx-level-1/categories/2154198573/posts/2172935839,,DISCOVERED,
post,Breakdown: Super Mega Death Rocket (Fan Art),https://www.vfxapprentice.com/products/hand-crafted-3d-vfx-level-1/categories/2154198573/posts/2172935843,,DISCOVERED,
post,Nibilli's Explosion,https://www.vfxapprentice.com/products/hand-crafted-3d-vfx-level-1/categories/2152650100/posts/2166791767,,DISCOVERED,
post,Nibilli's Muzzle Flash,https://www.vfxapprentice.com/products/hand-crafted-3d-vfx-level-1/categories/2152650100/posts/2166791771,,DISCOVERED,
post,Nibilli's Curve Mesh,https://www.vfxapprentice.com/products/hand-crafted-3d-vfx-level-1/categories/2152650100/posts/2166791773,,DISCOVERED,
post,QbieShay's Godot Curve Mesh,https://www.vfxapprentice.com/products/hand-crafted-3d-vfx-level-1/categories/2152650100/posts/2166791777,,DISCOVERED,
post,Nibilli's Aura Effect,https://www.vfxapprentice.com/products/hand-crafted-3d-vfx-level-1/categories/2152650100/posts/2166791780,,DISCOVERED,
post,Nibilli's Shield Effect,https://www.vfxapprentice.com/products/hand-crafted-3d-vfx-level-1/categories/2152650100/posts/2166791782,,DISCOVERED,
post,Nibilli's Beam,https://www.vfxapprentice.com/products/hand-crafted-3d-vfx-level-1/categories/2152650100/posts/2166791785,,DISCOVERED,
post,Nibilli's Anime Flare,https://www.vfxapprentice.com/products/hand-crafted-3d-vfx-level-1/categories/2152650100/posts/2166791786,,DISCOVERED,
post,Nibilli's Magic Orb,https://www.vfxapprentice.com/products/hand-crafted-3d-vfx-level-1/categories/2152650100/posts/2166986602,,DISCOVERED,
post,Nibilli's & QbieShay's Slash,https://www.vfxapprentice.com/products/hand-crafted-3d-vfx-level-1/categories/2152650100/posts/2170228718,,DISCOVERED,
post,Ben's Fire Flippbook,https://www.vfxapprentice.com/products/hand-crafted-3d-vfx-level-1/categories/2152650100/posts/2181722496,,DISCOVERED,
post,Series Introduction,https://www.vfxapprentice.com/products/hand-crafted-3d-vfx-level-1/categories/2150605572/posts/2162146160,,DISCOVERED,
post,Unity Scene Setup,https://www.vfxapprentice.com/products/hand-crafted-3d-vfx-level-1/categories/2150605572/posts/2162146164,,DISCOVERED,
post,Ambient Fog Breakdown,https://www.vfxapprentice.com/products/hand-crafted-3d-vfx-level-1/categories/2150605572/posts/2162146167,,DISCOVERED,
post,Informative Video - Fire,https://www.vfxapprentice.com/products/hand-crafted-3d-vfx-level-1/categories/2150605572/posts/2160399414,,DISCOVERED,
post,Campfire Breakdown,https://www.vfxapprentice.com/products/hand-crafted-3d-vfx-level-1/categories/2150605572/posts/2160399416,,DISCOVERED,
post,Hit Impact Breakdown,https://www.vfxapprentice.com/products/hand-crafted-3d-vfx-level-1/categories/2150605572/posts/2162147023,,DISCOVERED,
post,Informative Video - Lightning,https://www.vfxapprentice.com/products/hand-crafted-3d-vfx-level-1/categories/2150605572/posts/2162147855,,DISCOVERED,
post,Lightning Beam Breakdown,https://www.vfxapprentice.com/products/hand-crafted-3d-vfx-level-1/categories/2150605572/posts/2162147174,,DISCOVERED,
post,Sword Swipe Breakdown,https://www.vfxapprentice.com/products/hand-crafted-3d-vfx-level-1/categories/2150605572/posts/2162147611,,DISCOVERED,
post,Fireball Breakdown,https://www.vfxapprentice.com/products/hand-crafted-3d-vfx-level-1/categories/2150605572/posts/2162148002,,DISCOVERED,
post,Informative Video - Water,https://www.vfxapprentice.com/products/hand-crafted-3d-vfx-level-1/categories/2150605572/posts/2162147067,,DISCOVERED,
post,Waterfall Breakdown,https://www.vfxapprentice.com/products/hand-crafted-3d-vfx-level-1/categories/2150605572/posts/2162173099,,DISCOVERED,
post,Series Introduction,https://www.vfxapprentice.com/products/hand-crafted-3d-vfx-level-1/categories/2154231245/posts/2173389607,,DISCOVERED,
post,Unreal Scene Setup,https://www.vfxapprentice.com/products/hand-crafted-3d-vfx-level-1/categories/2154231245/posts/2173389612,,DISCOVERED,
post,Fog Breakdown,https://www.vfxapprentice.com/products/hand-crafted-3d-vfx-level-1/categories/2154231245/posts/2173062959,,DISCOVERED,
post,Informative Video - Fire,https://www.vfxapprentice.com/products/hand-crafted-3d-vfx-level-1/categories/2154231245/posts/2173389431,,DISCOVERED,
post,Campfire Breakdown,https://www.vfxapprentice.com/products/hand-crafted-3d-vfx-level-1/categories/2154231245/posts/2173062961,,DISCOVERED,
post,Hit Impact Breakdown,https://www.vfxapprentice.com/products/hand-crafted-3d-vfx-level-1/categories/2154231245/posts/2173062964,,DISCOVERED,
post,Informative Video - Lightning,https://www.vfxapprentice.com/products/hand-crafted-3d-vfx-level-1/categories/2154231245/posts/2173389451,,DISCOVERED,
post,Lightning Beam Breakdown,https://www.vfxapprentice.com/products/hand-crafted-3d-vfx-level-1/categories/2154231245/posts/2173062967,,DISCOVERED,
post,Sword Swipe Breakdown,https://www.vfxapprentice.com/products/hand-crafted-3d-vfx-level-1/categories/2154231245/posts/2173062972,,DISCOVERED,
post,Fireball Breakdown,https://www.vfxapprentice.com/products/hand-crafted-3d-vfx-level-1/categories/2154231245/posts/2173621490,,DISCOVERED,
post,Informative Video - Water,https://www.vfxapprentice.com/products/hand-crafted-3d-vfx-level-1/categories/2154231245/posts/2173389465,,DISCOVERED,
post,Waterfall Breakdown,https://www.vfxapprentice.com/products/hand-crafted-3d-vfx-level-1/categories/2154231245/posts/2173063011,,DISCOVERED,
post,Congrats!,https://www.vfxapprentice.com/products/hand-crafted-3d-vfx-level-1/categories/2150605604/posts/2158879035,,DISCOVERED,
post,Lesson Survey,https://www.vfxapprentice.com/products/hand-crafted-3d-vfx-level-1/categories/2150605604/posts/2160626420,,DISCOVERED,
post,Project Download,https://www.vfxapprentice.com/products/hand-crafted-3d-vfx-level-2/categories/2151459356/posts/2160739666,,DISCOVERED,
post,Unity Project Overview,https://www.vfxapprentice.com/products/hand-crafted-3d-vfx-level-2/categories/2151459356/posts/2162168914,,DISCOVERED,
post,Unreal 5 Project Overview,https://www.vfxapprentice.com/products/hand-crafted-3d-vfx-level-2/categories/2151459356/posts/2162168929,,DISCOVERED,
post,Particle Animation Lecture,https://www.vfxapprentice.com/products/hand-crafted-3d-vfx-level-2/categories/2151459443/posts/2158905789,,DISCOVERED,
post,Unreal & Unity Series Overview,https://www.vfxapprentice.com/products/hand-crafted-3d-vfx-level-2/categories/2150691176/posts/2158906429,,DISCOVERED,
category,Tiling Fiery Noise,https://www.vfxapprentice.com/products/hand-crafted-3d-vfx-level-2/categories/2150613640,,DISCOVERED,
category,U&U Fire Explosion Breakdown,https://www.vfxapprentice.com/products/hand-crafted-3d-vfx-level-2/categories/2150613644,,DISCOVERED,
category,Wispy Spiral Dissolve Textures,https://www.vfxapprentice.com/products/hand-crafted-3d-vfx-level-2/categories/2150613649,,DISCOVERED,
category,U&U Wispy Cloud Breakdown,https://www.vfxapprentice.com/products/hand-crafted-3d-vfx-level-2/categories/2150613650,,DISCOVERED,
category,Zappy Flipbook & Dissolve,https://www.vfxapprentice.com/products/hand-crafted-3d-vfx-level-2/categories/2150771941,,DISCOVERED,
category,U&U Lightning Zap Breakdown,https://www.vfxapprentice.com/products/hand-crafted-3d-vfx-level-2/categories/2150613646,,DISCOVERED,
category,Gooey Dissolve Material,https://www.vfxapprentice.com/products/hand-crafted-3d-vfx-level-2/categories/2150613652,,DISCOVERED,
category,U&U Goo Splat Breakdown,https://www.vfxapprentice.com/products/hand-crafted-3d-vfx-level-2/categories/2150613677,,DISCOVERED,
post,Introduction Navigation & Project Overview - Unity,https://www.vfxapprentice.com/products/hand-crafted-3d-vfx-level-2/categories/2150613259/posts/2158909463,,DISCOVERED,
post,Kitbashing - Unity,https://www.vfxapprentice.com/products/hand-crafted-3d-vfx-level-2/categories/2150613259/posts/2158909466,,DISCOVERED,
post,Particle Systems Overview - Unity,https://www.vfxapprentice.com/products/hand-crafted-3d-vfx-level-2/categories/2150613259/posts/2158909467,,DISCOVERED,
post,Fire Explosion Breakdown - Unity,https://www.vfxapprentice.com/products/hand-crafted-3d-vfx-level-2/categories/2150613259/posts/2158908017,,DISCOVERED,
post,Lightning Zap Breakdown - Unity,https://www.vfxapprentice.com/products/hand-crafted-3d-vfx-level-2/categories/2150613259/posts/2158908108,,DISCOVERED,
post,Wispy Cloud Breakdown - Unity,https://www.vfxapprentice.com/products/hand-crafted-3d-vfx-level-2/categories/2150613259/posts/2158908213,,DISCOVERED,
post,Goo Splat Breakdown - Unity,https://www.vfxapprentice.com/products/hand-crafted-3d-vfx-level-2/categories/2150613259/posts/2158908662,,DISCOVERED,
post,Unity B&B Legacy Review,https://www.vfxapprentice.com/products/hand-crafted-3d-vfx-level-2/categories/2150613259/posts/2159191812,,DISCOVERED,
post,Intro to Unreal - Unreal 4,https://www.vfxapprentice.com/products/hand-crafted-3d-vfx-level-2/categories/2150613360/posts/2158906775,,DISCOVERED,
post,Intro to Cascade - Unreal 4,https://www.vfxapprentice.com/products/hand-crafted-3d-vfx-level-2/categories/2150613360/posts/2158906794,,DISCOVERED,
post,Intro to Materials - Unreal 4,https://www.vfxapprentice.com/products/hand-crafted-3d-vfx-level-2/categories/2150613360/posts/2158906796,,DISCOVERED,
post,Intro to Kit Bashing - Unreal 4,https://www.vfxapprentice.com/products/hand-crafted-3d-vfx-level-2/categories/2150613360/posts/2158906807,,DISCOVERED,
post,Project Walkthrough - Unreal 4,https://www.vfxapprentice.com/products/hand-crafted-3d-vfx-level-2/categories/2150613360/posts/2158906808,,DISCOVERED,
post,Fire Explosion Breakdown - Unreal 4,https://www.vfxapprentice.com/products/hand-crafted-3d-vfx-level-2/categories/2150613360/posts/2158906027,,DISCOVERED,
post,Lightning Zap Breakdown - Unreal 4,https://www.vfxapprentice.com/products/hand-crafted-3d-vfx-level-2/categories/2150613360/posts/2158906053,,DISCOVERED,
post,Wispy Dissolve & Fresnel Shader Setup - Unreal 4,https://www.vfxapprentice.com/products/hand-crafted-3d-vfx-level-2/categories/2150613360/posts/2158908218,,DISCOVERED,
post,Wispy Cloud Particle System - Unreal 4,https://www.vfxapprentice.com/products/hand-crafted-3d-vfx-level-2/categories/2150613360/posts/2158906066,,DISCOVERED,
post,Goo Splat Material Setup - Unreal 4,https://www.vfxapprentice.com/products/hand-crafted-3d-vfx-level-2/categories/2150613360/posts/2158908536,,DISCOVERED,
post,Goo Splat Particle Setup - Unreal 4,https://www.vfxapprentice.com/products/hand-crafted-3d-vfx-level-2/categories/2150613360/posts/2158906070,,DISCOVERED,
post,Goo Splat Particle Refinement - Unreal 4,https://www.vfxapprentice.com/products/hand-crafted-3d-vfx-level-2/categories/2150613360/posts/2158908543,,DISCOVERED,
post,Unreal Cascade B&B Legacy Review,https://www.vfxapprentice.com/products/hand-crafted-3d-vfx-level-2/categories/2150613360/posts/2159191863,,DISCOVERED,
post,Great Job!,https://www.vfxapprentice.com/products/hand-crafted-3d-vfx-level-2/categories/2150613450/posts/2158907080,,DISCOVERED,
post,Lesson Survey,https://www.vfxapprentice.com/products/hand-crafted-3d-vfx-level-2/categories/2150613450/posts/2160626434,,DISCOVERED,
post,Project Download,https://www.vfxapprentice.com/products/apprenticeship-level-3/categories/2151531420/posts/2160809235,,DISCOVERED,
post,Unity Project Walkthrough,https://www.vfxapprentice.com/products/apprenticeship-level-3/categories/2151531420/posts/2162489428,,DISCOVERED,
category,Portfolio & Application Planning,https://www.vfxapprentice.com/products/apprenticeship-level-3/categories/2150661699,,DISCOVERED,
category,Review,https://www.vfxapprentice.com/products/apprenticeship-level-3/categories/2151085931,,DISCOVERED,
category,Unreal Sword Swipe Spell,https://www.vfxapprentice.com/products/apprenticeship-level-3/categories/2150661702,,DISCOVERED,
category,Unreal Fireball Spell,https://www.vfxapprentice.com/products/apprenticeship-level-3/categories/2150661703,,DISCOVERED,
category,Unreal Heal,https://www.vfxapprentice.com/products/apprenticeship-level-3/categories/2150661704,,DISCOVERED,
category,Side Scroller Evaluation,https://www.vfxapprentice.com/products/apprenticeship-level-3/categories/2151123941,,DISCOVERED,
post,Western Projectile,https://www.vfxapprentice.com/products/apprenticeship-level-3/categories/2152376030/posts/2165719282,,DISCOVERED,
post,Electric Beam,https://www.vfxapprentice.com/products/apprenticeship-level-3/categories/2152376030/posts/2165719285,,DISCOVERED,
post,Water Shield,https://www.vfxapprentice.com/products/apprenticeship-level-3/categories/2152376030/posts/2166259881,,DISCOVERED,
post,Vertical Explosion,https://www.vfxapprentice.com/products/apprenticeship-level-3/categories/2152376030/posts/2166362222,,DISCOVERED,
post,Slash Combo,https://www.vfxapprentice.com/products/apprenticeship-level-3/categories/2152376030/posts/2168023414,,DISCOVERED,
post,Production Level Effects Review,https://www.vfxapprentice.com/products/apprenticeship-level-3/categories/2152376030/posts/2165764366,,DISCOVERED,
post,Intro,https://www.vfxapprentice.com/products/apprenticeship-level-3/categories/2152945612/posts/2167972642,,DISCOVERED,
post,Breakdown,https://www.vfxapprentice.com/products/apprenticeship-level-3/categories/2152945612/posts/2167972644,,DISCOVERED,
post,Artistic Choices,https://www.vfxapprentice.com/products/apprenticeship-level-3/categories/2152945612/posts/2167972646,,DISCOVERED,
post,Production & Optimization,https://www.vfxapprentice.com/products/apprenticeship-level-3/categories/2152945612/posts/2167972650,,DISCOVERED,
post,Importing to UEFN,https://www.vfxapprentice.com/products/apprenticeship-level-3/categories/2152945612/posts/2167972654,,DISCOVERED,
post,Week 1: Introduction & Assignment,https://www.vfxapprentice.com/products/apprenticeship-level-3/categories/2150661743/posts/2160822354,,DISCOVERED,
post,Week 1: Introduction Q&A,https://www.vfxapprentice.com/products/apprenticeship-level-3/categories/2150661743/posts/2160822358,,DISCOVERED,
post,Week 2: Thumbnails & Concepts,https://www.vfxapprentice.com/products/apprenticeship-level-3/categories/2150661743/posts/2160822363,,DISCOVERED,
post,Week 2: Student Work,https://www.vfxapprentice.com/products/apprenticeship-level-3/categories/2150661743/posts/2160822380,,DISCOVERED,
post,Week 3: Block Out,https://www.vfxapprentice.com/products/apprenticeship-level-3/categories/2150661743/posts/2160822384,,DISCOVERED,
post,Week 4: First Pass,https://www.vfxapprentice.com/products/apprenticeship-level-3/categories/2150661743/posts/2160897721,,DISCOVERED,
post,Week 4: Feedback Deep Dive,https://www.vfxapprentice.com/products/apprenticeship-level-3/categories/2150661743/posts/2160897723,,DISCOVERED,
post,Week 5: First Pass Follow-up Review,https://www.vfxapprentice.com/products/apprenticeship-level-3/categories/2150661743/posts/2160897726,,DISCOVERED,
post,Week 5: Live Feedback,https://www.vfxapprentice.com/products/apprenticeship-level-3/categories/2150661743/posts/2160897729,,DISCOVERED,
post,Week 6: Second Pass,https://www.vfxapprentice.com/products/apprenticeship-level-3/categories/2150661743/posts/2160897738,,DISCOVERED,
post,Week 6: Live Feedback,https://www.vfxapprentice.com/products/apprenticeship-level-3/categories/2150661743/posts/2160897742,,DISCOVERED,
post,Week 7: Second Pass Follow-up Review,https://www.vfxapprentice.com/products/apprenticeship-level-3/categories/2150661743/posts/2160922461,,DISCOVERED,
post,Week 7: Live Feedback,https://www.vfxapprentice.com/products/apprenticeship-level-3/categories/2150661743/posts/2160922466,,DISCOVERED,
post,Week 8: Successful Polish,https://www.vfxapprentice.com/products/apprenticeship-level-3/categories/2150661743/posts/2160924272,,DISCOVERED,
post,Week 9: Final Pass,https://www.vfxapprentice.com/products/apprenticeship-level-3/categories/2150661743/posts/2162661757,,DISCOVERED,
post,Final Effect: Rowan Rees,https://www.vfxapprentice.com/products/apprenticeship-level-3/categories/2150661743/posts/2160924827,,DISCOVERED,
post,Great job!,https://www.vfxapprentice.com/products/apprenticeship-level-3/categories/2151090962/posts/2160776940,,DISCOVERED,
post,Survey,https://www.vfxapprentice.com/products/apprenticeship-level-3/categories/2151090962/posts/2160626508,,DISCOVERED,
post,Week 0: Bootcamp Structure,https://www.vfxapprentice.com/products/beginner-bootcamp/categories/2157737424/posts/2188003454,,DISCOVERED,
post,Week 0: How to join our Discord!,https://www.vfxapprentice.com/products/beginner-bootcamp/categories/2157737424/posts/2188003455,,DISCOVERED,
post,"Week 0: Tips, Tricks & Preparations",https://www.vfxapprentice.com/products/beginner-bootcamp/categories/2157737424/posts/2188003456,,DISCOVERED,
post,Start Animating!,https://www.vfxapprentice.com/products/beginner-bootcamp/categories/2157737795/posts/2188005007,,DISCOVERED,
post,Software Setup,https://www.vfxapprentice.com/products/beginner-bootcamp/categories/2157737795/posts/2188005010,,DISCOVERED,
post,The Drawing Tools,https://www.vfxapprentice.com/products/beginner-bootcamp/categories/2157737795/posts/2188005026,,DISCOVERED,
post,Timeline Controls,https://www.vfxapprentice.com/products/beginner-bootcamp/categories/2157737795/posts/2188005049,,DISCOVERED,
post,Creating Flipbooks,https://www.vfxapprentice.com/products/beginner-bootcamp/categories/2157737795/posts/2188005061,,DISCOVERED,
post,Creating Irregular Flipbooks,https://www.vfxapprentice.com/products/beginner-bootcamp/categories/2157737795/posts/2188005064,,DISCOVERED,
post,BONUS - Cleanup Animation,https://www.vfxapprentice.com/products/beginner-bootcamp/categories/2157737795/posts/2188005069,,DISCOVERED,
post,Begin to Animate!,https://www.vfxapprentice.com/products/beginner-bootcamp/categories/2157738419/posts/2188008360,,DISCOVERED,
post,Software Setup,https://www.vfxapprentice.com/products/beginner-bootcamp/categories/2157738419/posts/2188008364,,DISCOVERED,
post,Tools & Timeline,https://www.vfxapprentice.com/products/beginner-bootcamp/categories/2157738419/posts/2188008365,,DISCOVERED,
post,Node Setup & Compositing,https://www.vfxapprentice.com/products/beginner-bootcamp/categories/2157738419/posts/2188008382,,DISCOVERED,
post,Week 1: Kick-off & Orientation,https://www.vfxapprentice.com/products/beginner-bootcamp/categories/2157737425/posts/2188003458,,DISCOVERED,
post,Week 1: Session Recording,https://www.vfxapprentice.com/products/beginner-bootcamp/categories/2157737425/posts/2189335070,,DISCOVERED,
post,Week 1: Campfire Recording,https://www.vfxapprentice.com/products/beginner-bootcamp/categories/2157737425/posts/2189483334,,DISCOVERED,
post,Number of Frames,https://www.vfxapprentice.com/products/beginner-bootcamp/categories/2157738451/posts/2188009254,,DISCOVERED,
post,Straight-Ahead & Key Framing,https://www.vfxapprentice.com/products/beginner-bootcamp/categories/2157738451/posts/2188009258,,DISCOVERED,
post,Ease In & Ease Out,https://www.vfxapprentice.com/products/beginner-bootcamp/categories/2157738451/posts/2188009285,,DISCOVERED,
post,Anticipation,https://www.vfxapprentice.com/products/beginner-bootcamp/categories/2157738451/posts/2188009295,,DISCOVERED,
post,Impulse & Rhythm,https://www.vfxapprentice.com/products/beginner-bootcamp/categories/2157738451/posts/2188009292,,DISCOVERED,
post,Follow-through,https://www.vfxapprentice.com/products/beginner-bootcamp/categories/2157738451/posts/2188009301,,DISCOVERED,
post,Arcs,https://www.vfxapprentice.com/products/beginner-bootcamp/categories/2157738451/posts/2188009309,,DISCOVERED,
post,Stretch & Smear,https://www.vfxapprentice.com/products/beginner-bootcamp/categories/2157738451/posts/2188009313,,DISCOVERED,
post,Introduction & First Batch Animation,https://www.vfxapprentice.com/products/beginner-bootcamp/categories/2157738444/posts/2188008451,,DISCOVERED,
post,First Batch Cleanup,https://www.vfxapprentice.com/products/beginner-bootcamp/categories/2157738444/posts/2188008454,,DISCOVERED,
post,Small to Big - Intro Animation,https://www.vfxapprentice.com/products/beginner-bootcamp/categories/2157738772/posts/2188009673,,DISCOVERED,
post,Pop-up - Intro Animation,https://www.vfxapprentice.com/products/beginner-bootcamp/categories/2157738772/posts/2188009678,,DISCOVERED,
post,Squash & Stretch - Intro Animation,https://www.vfxapprentice.com/products/beginner-bootcamp/categories/2157738772/posts/2188009687,,DISCOVERED,
post,In-motion - Intro Animation,https://www.vfxapprentice.com/products/beginner-bootcamp/categories/2157738772/posts/2188009799,,DISCOVERED,
post,Big to Small - Outro Animation,https://www.vfxapprentice.com/products/beginner-bootcamp/categories/2157738772/posts/2188009865,,DISCOVERED,
post,Break into Pieces - Outro Animation,https://www.vfxapprentice.com/products/beginner-bootcamp/categories/2157738772/posts/2188009931,,DISCOVERED,
post,Carving out Shapes - Outro Animation,https://www.vfxapprentice.com/products/beginner-bootcamp/categories/2157738772/posts/2188009942,,DISCOVERED,
post,Week 2: FX Foundations,https://www.vfxapprentice.com/products/beginner-bootcamp/categories/2157737426/posts/2188003461,,DISCOVERED,
post,Lecture: Design & Motivation,https://www.vfxapprentice.com/products/beginner-bootcamp/categories/2157737426/posts/2188003462,,DISCOVERED,
post,Week 2: Session Recording,https://www.vfxapprentice.com/products/beginner-bootcamp/categories/2157737426/posts/2189533725,,DISCOVERED,
post,Intention,https://www.vfxapprentice.com/products/beginner-bootcamp/categories/2157739271/posts/2188011357,,DISCOVERED,
post,Physical Properties,https://www.vfxapprentice.com/products/beginner-bootcamp/categories/2157739271/posts/2188011362,,DISCOVERED,
post,Composition (Staging),https://www.vfxapprentice.com/products/beginner-bootcamp/categories/2157739271/posts/2188011368,,DISCOVERED,
post,Solid Drawing,https://www.vfxapprentice.com/products/beginner-bootcamp/categories/2157739271/posts/2188011374,,DISCOVERED,
post,Drawing with Confidence,https://www.vfxapprentice.com/products/beginner-bootcamp/categories/2157739359/posts/2188011913,,DISCOVERED,
post,Drawing From References,https://www.vfxapprentice.com/products/beginner-bootcamp/categories/2157739359/posts/2188011915,,DISCOVERED,
post,Sketch - Drawing with Confidence,https://www.vfxapprentice.com/products/beginner-bootcamp/categories/2157739359/posts/2188012005,,DISCOVERED,
post,Sketch - Thinking in 3D,https://www.vfxapprentice.com/products/beginner-bootcamp/categories/2157739359/posts/2188012008,,DISCOVERED,
post,Sketch - Drawing in Perspective,https://www.vfxapprentice.com/products/beginner-bootcamp/categories/2157739359/posts/2188012015,,DISCOVERED,
post,Sketch - Using Weighted Lines (Water Practice),https://www.vfxapprentice.com/products/beginner-bootcamp/categories/2157739359/posts/2188012019,,DISCOVERED,
post,Sketch - Drawing from a Reference,https://www.vfxapprentice.com/products/beginner-bootcamp/categories/2157739359/posts/2188012021,,DISCOVERED,
post,Thinking in 3D,https://www.vfxapprentice.com/products/beginner-bootcamp/categories/2157739503/posts/2188012131,,DISCOVERED,
post,Drawing in Perspective,https://www.vfxapprentice.com/products/beginner-bootcamp/categories/2157739503/posts/2188012133,,DISCOVERED,
post,Cylinders in Perspective,https://www.vfxapprentice.com/products/beginner-bootcamp/categories/2157739503/posts/2188012138,,DISCOVERED,
post,Finding the Right Perspective,https://www.vfxapprentice.com/products/beginner-bootcamp/categories/2157739503/posts/2188012143,,DISCOVERED,
post,Combining Shapes in Perspective,https://www.vfxapprentice.com/products/beginner-bootcamp/categories/2157739503/posts/2188012166,,DISCOVERED,
post,Rotating Shapes in Perspective,https://www.vfxapprentice.com/products/beginner-bootcamp/categories/2157739503/posts/2188012170,,DISCOVERED,
post,Using Weighted Lines,https://www.vfxapprentice.com/products/beginner-bootcamp/categories/2157739503/posts/2188012172,,DISCOVERED,
post,Week 3: FX Artistry,https://www.vfxapprentice.com/products/beginner-bootcamp/categories/2157737427/posts/2188003465,,DISCOVERED,
post,Week 3: Wave Principle Lecture,https://www.vfxapprentice.com/products/beginner-bootcamp/categories/2157737427/posts/2188003466,,DISCOVERED,
post,Week 3: Session Recording,https://www.vfxapprentice.com/products/beginner-bootcamp/categories/2157737427/posts/2188003467,,DISCOVERED,
post,Timing Offset - Looping Effects,https://www.vfxapprentice.com/products/beginner-bootcamp/categories/2157739524/posts/2188012247,,DISCOVERED,
post,Rotating Keys - Looping Effects,https://www.vfxapprentice.com/products/beginner-bootcamp/categories/2157739524/posts/2188012250,,DISCOVERED,
post,Wave Principle - Looping Effects,https://www.vfxapprentice.com/products/beginner-bootcamp/categories/2157739524/posts/2188012252,,DISCOVERED,
post,Linear Keyframes - Looping Effects,https://www.vfxapprentice.com/products/beginner-bootcamp/categories/2157739524/posts/2188012253,,DISCOVERED,
post,Effects in Motion - Overlapping Action,https://www.vfxapprentice.com/products/beginner-bootcamp/categories/2157739524/posts/2188012256,,DISCOVERED,
post,Photoshop for VFX Artists - 1: Tools,https://www.vfxapprentice.com/products/beginner-bootcamp/categories/2157739557/posts/2188012339,,DISCOVERED,
post,Photoshop for VFX Artists - 2: Layers,https://www.vfxapprentice.com/products/beginner-bootcamp/categories/2157739557/posts/2188012343,,DISCOVERED,
post,Photoshop for VFX Artists - 3: Adjustments,https://www.vfxapprentice.com/products/beginner-bootcamp/categories/2157739557/posts/2188012346,,DISCOVERED,
post,Photoshop for VFX Artists - 4: Pro Tips,https://www.vfxapprentice.com/products/beginner-bootcamp/categories/2157739557/posts/2188012349,,DISCOVERED,
post,Intro & Fire Techniques,https://www.vfxapprentice.com/products/beginner-bootcamp/categories/2157739602/posts/2188012447,,DISCOVERED,
post,Wisp Technique,https://www.vfxapprentice.com/products/beginner-bootcamp/categories/2157739602/posts/2188012449,,DISCOVERED,
post,Zap Technique,https://www.vfxapprentice.com/products/beginner-bootcamp/categories/2157739602/posts/2188012451,,DISCOVERED,
post,Goo Technique,https://www.vfxapprentice.com/products/beginner-bootcamp/categories/2157739602/posts/2188012453,,DISCOVERED,
post,Week 4: Advanced 2D Techniques,https://www.vfxapprentice.com/products/beginner-bootcamp/categories/2157737428/posts/2188003470,,DISCOVERED,
post,Week 4: Concept Art Lecture,https://www.vfxapprentice.com/products/beginner-bootcamp/categories/2157737428/posts/2188003471,,DISCOVERED,
post,Week 4: Session Recording,https://www.vfxapprentice.com/products/beginner-bootcamp/categories/2157737428/posts/2188003472,,DISCOVERED,
post,Week 4: Campfire Recording,https://www.vfxapprentice.com/products/beginner-bootcamp/categories/2157737428/posts/2188003473,,DISCOVERED,
post,Design Commentary,https://www.vfxapprentice.com/products/beginner-bootcamp/categories/2157739616/posts/2188012501,,DISCOVERED,
post,The Wave Principle,https://www.vfxapprentice.com/products/beginner-bootcamp/categories/2157739616/posts/2188012505,,DISCOVERED,
post,Creation & Dissipation,https://www.vfxapprentice.com/products/beginner-bootcamp/categories/2157739616/posts/2188012512,,DISCOVERED,
post,Cycles,https://www.vfxapprentice.com/products/beginner-bootcamp/categories/2157739616/posts/2188012514,,DISCOVERED,
post,Fire,https://www.vfxapprentice.com/products/beginner-bootcamp/categories/2157739616/posts/2188012516,,DISCOVERED,
post,Water,https://www.vfxapprentice.com/products/beginner-bootcamp/categories/2157739616/posts/2188012520,,DISCOVERED,
post,Smoke & Dust,https://www.vfxapprentice.com/products/beginner-bootcamp/categories/2157739616/posts/2188012524,,DISCOVERED,
post,Lightning & Flash Frames,https://www.vfxapprentice.com/products/beginner-bootcamp/categories/2157739616/posts/2188012530,,DISCOVERED,
post,Debris,https://www.vfxapprentice.com/products/beginner-bootcamp/categories/2157739616/posts/2188012539,,DISCOVERED,
post,Fire Explosion: Thumbnails,https://www.vfxapprentice.com/products/beginner-bootcamp/categories/2157739652/posts/2188012631,,DISCOVERED,
post,Fire Explosion: Painting & Commentary (version 1),https://www.vfxapprentice.com/products/beginner-bootcamp/categories/2157739652/posts/2188012635,,DISCOVERED,
post,Fire Explosion: Painting & Commentary (version 2),https://www.vfxapprentice.com/products/beginner-bootcamp/categories/2157739652/posts/2188012638,,DISCOVERED,
post,Fire Explosion: Paintover - Jeff Gates,https://www.vfxapprentice.com/products/beginner-bootcamp/categories/2157739652/posts/2188012639,,DISCOVERED,
post,Wispy Cloud - Painting & Commentary,https://www.vfxapprentice.com/products/beginner-bootcamp/categories/2157739652/posts/2188012643,,DISCOVERED,
post,Lightning Zap: Thumbnails,https://www.vfxapprentice.com/products/beginner-bootcamp/categories/2157739652/posts/2188012653,,DISCOVERED,
post,Lightning Zap: Painting & Commentary,https://www.vfxapprentice.com/products/beginner-bootcamp/categories/2157739652/posts/2188012657,,DISCOVERED,
post,Goo Splat: Thumbnails,https://www.vfxapprentice.com/products/beginner-bootcamp/categories/2157739652/posts/2188012658,,DISCOVERED,
post,Goo Splat: Painting & Commentary,https://www.vfxapprentice.com/products/beginner-bootcamp/categories/2157739652/posts/2188012661,,DISCOVERED,
post,Sparker & Aquanna Illustration: Painting & Commentary,https://www.vfxapprentice.com/products/beginner-bootcamp/categories/2157739652/posts/2188012680,,DISCOVERED,
post,Week 5: Intro to 3D VFX,https://www.vfxapprentice.com/products/beginner-bootcamp/categories/2157737429/posts/2188003474,,DISCOVERED,
post,Week 5: 3D Animation Lecture,https://www.vfxapprentice.com/products/beginner-bootcamp/categories/2157737429/posts/2188003475,,DISCOVERED,
post,Project Download,https://www.vfxapprentice.com/products/beginner-bootcamp/categories/2157737429/posts/2188372730,,DISCOVERED,
post,Block-in Overview,https://www.vfxapprentice.com/products/beginner-bootcamp/categories/2157737429/posts/2188032844,,DISCOVERED,
post,Week 5: Session Recording,https://www.vfxapprentice.com/products/beginner-bootcamp/categories/2157737429/posts/2188003476,,DISCOVERED,
post,Week 5: Campfire Recording,https://www.vfxapprentice.com/products/beginner-bootcamp/categories/2157737429/posts/2188003477,,DISCOVERED,
post,Intro to Niagara: Fire,https://www.vfxapprentice.com/products/beginner-bootcamp/categories/2157744625/posts/2188032831,,DISCOVERED,
post,Item Aura & Visual Hierarchy,https://www.vfxapprentice.com/products/beginner-bootcamp/categories/2157744625/posts/2188032841,,DISCOVERED,
post,Tech & Tools,https://www.vfxapprentice.com/products/beginner-bootcamp/categories/2157744625/posts/2188032842,,DISCOVERED,
post,Damage Impact - Timing & Punch,https://www.vfxapprentice.com/products/beginner-bootcamp/categories/2157744625/posts/2188032846,,DISCOVERED,
post,Heal Impacts - Arcs & Ease In/Out,https://www.vfxapprentice.com/products/beginner-bootcamp/categories/2157744625/posts/2188032847,,DISCOVERED,
post,Missile Wind-up & Impact,https://www.vfxapprentice.com/products/beginner-bootcamp/categories/2157744625/posts/2188032852,,DISCOVERED,
post,Sequencer Addendum - Projectile Setup for Games,https://www.vfxapprentice.com/products/beginner-bootcamp/categories/2157744625/posts/2188032856,,DISCOVERED,
post,"Explosion AoE - Anticipation, Impulse, & Rhythm",https://www.vfxapprentice.com/products/beginner-bootcamp/categories/2157744625/posts/2188032860,,DISCOVERED,
post,Intro to Unity: Fire,https://www.vfxapprentice.com/products/beginner-bootcamp/categories/2157744606/posts/2188032735,,DISCOVERED,
post,Hit Impact,https://www.vfxapprentice.com/products/beginner-bootcamp/categories/2157744606/posts/2188032740,,DISCOVERED,
post,Healing Loop,https://www.vfxapprentice.com/products/beginner-bootcamp/categories/2157744606/posts/2188032747,,DISCOVERED,
post,Explosion,https://www.vfxapprentice.com/products/beginner-bootcamp/categories/2157744606/posts/2188032755,,DISCOVERED,
post,Missile,https://www.vfxapprentice.com/products/beginner-bootcamp/categories/2157744606/posts/2188032761,,DISCOVERED,
post,Missile - Timeline Setup,https://www.vfxapprentice.com/products/beginner-bootcamp/categories/2157744606/posts/2188032762,,DISCOVERED,
post,Week 6: Composition Foundations,https://www.vfxapprentice.com/products/beginner-bootcamp/categories/2157737430/posts/2188003478,,DISCOVERED,
post,Week 6: Composition Lecture,https://www.vfxapprentice.com/products/beginner-bootcamp/categories/2157737430/posts/2188003479,,DISCOVERED,
post,Week 6: Session Recording,https://www.vfxapprentice.com/products/beginner-bootcamp/categories/2157737430/posts/2188003480,,DISCOVERED,
post,Intro to Blender,https://www.vfxapprentice.com/products/beginner-bootcamp/categories/2157744914/posts/2188034220,,DISCOVERED,
post,Dome & Tapered Cylinder,https://www.vfxapprentice.com/products/beginner-bootcamp/categories/2157744914/posts/2188034223,,DISCOVERED,
post,UVs in Blender,https://www.vfxapprentice.com/products/beginner-bootcamp/categories/2157744914/posts/2188034227,,DISCOVERED,
post,Vertex Colors,https://www.vfxapprentice.com/products/beginner-bootcamp/categories/2157744914/posts/2188034233,,DISCOVERED,
post,Modifiers,https://www.vfxapprentice.com/products/beginner-bootcamp/categories/2157744914/posts/2188034237,,DISCOVERED,
post,"Rings, Swipes, & Soulercoasters",https://www.vfxapprentice.com/products/beginner-bootcamp/categories/2157744914/posts/2188034238,,DISCOVERED,
post,Waterfall,https://www.vfxapprentice.com/products/beginner-bootcamp/categories/2157744914/posts/2188034243,,DISCOVERED,
post,Intro to Krita,https://www.vfxapprentice.com/products/beginner-bootcamp/categories/2157744917/posts/2188034340,,DISCOVERED,
post,Impact Flair,https://www.vfxapprentice.com/products/beginner-bootcamp/categories/2157744917/posts/2188034343,,DISCOVERED,
post,Ring,https://www.vfxapprentice.com/products/beginner-bootcamp/categories/2157744917/posts/2188034347,,DISCOVERED,
post,Embers Sprite Sheet,https://www.vfxapprentice.com/products/beginner-bootcamp/categories/2157744917/posts/2188034349,,DISCOVERED,
post,Zap Sprite Sheet,https://www.vfxapprentice.com/products/beginner-bootcamp/categories/2157744917/posts/2188034351,,DISCOVERED,
post,Wisp Sprite Sheet,https://www.vfxapprentice.com/products/beginner-bootcamp/categories/2157744917/posts/2188034354,,DISCOVERED,
post,Liquid Splatter,https://www.vfxapprentice.com/products/beginner-bootcamp/categories/2157744917/posts/2188034356,,DISCOVERED,
post,Tiling Noise,https://www.vfxapprentice.com/products/beginner-bootcamp/categories/2157744917/posts/2188034359,,DISCOVERED,
post,Tiling Trail,https://www.vfxapprentice.com/products/beginner-bootcamp/categories/2157744917/posts/2188034360,,DISCOVERED,
post,Intro to Procedural Thinking,https://www.vfxapprentice.com/products/beginner-bootcamp/categories/2157744921/posts/2188034365,,DISCOVERED,
post,Intro to Substance Designer - Fuzzball,https://www.vfxapprentice.com/products/beginner-bootcamp/categories/2157744921/posts/2188034366,,DISCOVERED,
post,Lens Flare,https://www.vfxapprentice.com/products/beginner-bootcamp/categories/2157744921/posts/2188034368,,DISCOVERED,
post,Ringburst,https://www.vfxapprentice.com/products/beginner-bootcamp/categories/2157744921/posts/2188034370,,DISCOVERED,
post,Embers - Spritesheet,https://www.vfxapprentice.com/products/beginner-bootcamp/categories/2157744921/posts/2188034374,,DISCOVERED,
post,Lightning - Spritesheet,https://www.vfxapprentice.com/products/beginner-bootcamp/categories/2157744921/posts/2188034375,,DISCOVERED,
post,Wisps - Spritesheet,https://www.vfxapprentice.com/products/beginner-bootcamp/categories/2157744921/posts/2188034390,,DISCOVERED,
post,Splash,https://www.vfxapprentice.com/products/beginner-bootcamp/categories/2157744921/posts/2188034396,,DISCOVERED,
post,Tiling Noise,https://www.vfxapprentice.com/products/beginner-bootcamp/categories/2157744921/posts/2188034398,,DISCOVERED,
post,Tiling Trail,https://www.vfxapprentice.com/products/beginner-bootcamp/categories/2157744921/posts/2188034482,,DISCOVERED,
post,Ground Crack,https://www.vfxapprentice.com/products/beginner-bootcamp/categories/2157744921/posts/2188034568,,DISCOVERED,
post,Week 7: Shader Foundations,https://www.vfxapprentice.com/products/beginner-bootcamp/categories/2157737431/posts/2188003482,,DISCOVERED,
post,Week 7: Session Recording,https://www.vfxapprentice.com/products/beginner-bootcamp/categories/2157737431/posts/2188003483,,DISCOVERED,
post,Week 7: Campfire Recording,https://www.vfxapprentice.com/products/beginner-bootcamp/categories/2157737431/posts/2188003484,,DISCOVERED,
post,Intro & Overview,https://www.vfxapprentice.com/products/beginner-bootcamp/categories/2157745020/posts/2188035025,,DISCOVERED,
post,Node-based Shader Interface,https://www.vfxapprentice.com/products/beginner-bootcamp/categories/2157745020/posts/2188035087,,DISCOVERED,
post,"Vector, UVs, & Texture Sampling",https://www.vfxapprentice.com/products/beginner-bootcamp/categories/2157745020/posts/2188035135,,DISCOVERED,
post,Add & Panning,https://www.vfxapprentice.com/products/beginner-bootcamp/categories/2157745020/posts/2188035194,,DISCOVERED,
post,Multiply & Scaling,https://www.vfxapprentice.com/products/beginner-bootcamp/categories/2157745020/posts/2188035233,,DISCOVERED,
post,Adjusting Textures,https://www.vfxapprentice.com/products/beginner-bootcamp/categories/2157745020/posts/2188035269,,DISCOVERED,
post,Combining Textures,https://www.vfxapprentice.com/products/beginner-bootcamp/categories/2157745020/posts/2188035314,,DISCOVERED,
post,Stepping,https://www.vfxapprentice.com/products/beginner-bootcamp/categories/2157745020/posts/2188035330,,DISCOVERED,
post,Lerp & Color,https://www.vfxapprentice.com/products/beginner-bootcamp/categories/2157745020/posts/2188035336,,DISCOVERED,
post,Distortion,https://www.vfxapprentice.com/products/beginner-bootcamp/categories/2157745020/posts/2188035340,,DISCOVERED,
post,Output Pipeline,https://www.vfxapprentice.com/products/beginner-bootcamp/categories/2157745020/posts/2188035354,,DISCOVERED,
post,Vectors & Fresnel,https://www.vfxapprentice.com/products/beginner-bootcamp/categories/2157745020/posts/2188035357,,DISCOVERED,
post,Positions & Distance Sampling,https://www.vfxapprentice.com/products/beginner-bootcamp/categories/2157745020/posts/2188035360,,DISCOVERED,
post,Vertex Offset,https://www.vfxapprentice.com/products/beginner-bootcamp/categories/2157745020/posts/2188035364,,DISCOVERED,
post,Depth Fade,https://www.vfxapprentice.com/products/beginner-bootcamp/categories/2157745020/posts/2188035368,,DISCOVERED,
post,Intro - Course Overview,https://www.vfxapprentice.com/products/beginner-bootcamp/categories/2157745014/posts/2188034850,,DISCOVERED,
post,How Do Shaders Work?,https://www.vfxapprentice.com/products/beginner-bootcamp/categories/2157745014/posts/2188034852,,DISCOVERED,
post,Node-based Shader Interface,https://www.vfxapprentice.com/products/beginner-bootcamp/categories/2157745014/posts/2188034856,,DISCOVERED,
post,Vector UVs - Texture Sampling,https://www.vfxapprentice.com/products/beginner-bootcamp/categories/2157745014/posts/2188034861,,DISCOVERED,
post,Adding & Panning,https://www.vfxapprentice.com/products/beginner-bootcamp/categories/2157745014/posts/2188034863,,DISCOVERED,
post,Multiply & Scaling,https://www.vfxapprentice.com/products/beginner-bootcamp/categories/2157745014/posts/2188034864,,DISCOVERED,
post,Adjusting Texture Intensity,https://www.vfxapprentice.com/products/beginner-bootcamp/categories/2157745014/posts/2188034866,,DISCOVERED,
post,Combining Textures,https://www.vfxapprentice.com/products/beginner-bootcamp/categories/2157745014/posts/2188034868,,DISCOVERED,
post,"Step, Smoothstep & Dissolve",https://www.vfxapprentice.com/products/beginner-bootcamp/categories/2157745014/posts/2188034871,,DISCOVERED,
post,Color Lerp & Gradients,https://www.vfxapprentice.com/products/beginner-bootcamp/categories/2157745014/posts/2188034885,,DISCOVERED,
post,Distortion,https://www.vfxapprentice.com/products/beginner-bootcamp/categories/2157745014/posts/2188034888,,DISCOVERED,
post,Creating a Full Shader,https://www.vfxapprentice.com/products/beginner-bootcamp/categories/2157745014/posts/2188034892,,DISCOVERED,
post,Properties & Shader Variants,https://www.vfxapprentice.com/products/beginner-bootcamp/categories/2157745014/posts/2188034895,,DISCOVERED,
post,Surface Direction Fresnel,https://www.vfxapprentice.com/products/beginner-bootcamp/categories/2157745014/posts/2188034897,,DISCOVERED,
post,Using Positions & Distance,https://www.vfxapprentice.com/products/beginner-bootcamp/categories/2157745014/posts/2188034902,,DISCOVERED,
post,Depth Fade,https://www.vfxapprentice.com/products/beginner-bootcamp/categories/2157745014/posts/2188034907,,DISCOVERED,
post,Vertex Offset,https://www.vfxapprentice.com/products/beginner-bootcamp/categories/2157745014/posts/2188034905,,DISCOVERED,
post,Shaders & Particle System,https://www.vfxapprentice.com/products/beginner-bootcamp/categories/2157745014/posts/2188034908,,DISCOVERED,
post,Week 8: Elemental Particle Systems,https://www.vfxapprentice.com/products/beginner-bootcamp/categories/2157737432/posts/2188003485,,DISCOVERED,
post,Week 8: Session Recording,https://www.vfxapprentice.com/products/beginner-bootcamp/categories/2157737432/posts/2188003486,,DISCOVERED,
post,Week 8: Campfire Recording,https://www.vfxapprentice.com/products/beginner-bootcamp/categories/2157737432/posts/2188003487,,DISCOVERED,
post,Week 9: Session Recording,https://www.vfxapprentice.com/products/beginner-bootcamp/categories/2157737432/posts/2188003488,,DISCOVERED,
post,Week 9: What's Next?,https://www.vfxapprentice.com/products/beginner-bootcamp/categories/2157737432/posts/2188003490,,DISCOVERED,
post,Guiding Principles Lecture,https://www.vfxapprentice.com/products/beginner-bootcamp/categories/2157745083/posts/2188035555,,DISCOVERED,
post,Gameplay Lecture,https://www.vfxapprentice.com/products/beginner-bootcamp/categories/2157745083/posts/2188035566,,DISCOVERED,
post,Shape Lecture,https://www.vfxapprentice.com/products/beginner-bootcamp/categories/2157745083/posts/2188035568,,DISCOVERED,
post,Value Lecture,https://www.vfxapprentice.com/products/beginner-bootcamp/categories/2157745083/posts/2188035569,,DISCOVERED,
post,Color Lecture,https://www.vfxapprentice.com/products/beginner-bootcamp/categories/2157745083/posts/2188035571,,DISCOVERED,
post,Timing Lecture,https://www.vfxapprentice.com/products/beginner-bootcamp/categories/2157745083/posts/2188035574,,DISCOVERED,
post,Composition Lecture,https://www.vfxapprentice.com/products/beginner-bootcamp/categories/2157745083/posts/2188035575,,DISCOVERED,
post,Unreal Scene Setup,https://www.vfxapprentice.com/products/beginner-bootcamp/categories/2157745092/posts/2188035696,,DISCOVERED,
post,Fog Breakdown,https://www.vfxapprentice.com/products/beginner-bootcamp/categories/2157745092/posts/2188035700,,DISCOVERED,
post,Informative Video - Fire,https://www.vfxapprentice.com/products/beginner-bootcamp/categories/2157745092/posts/2188035707,,DISCOVERED,
post,Hit Impact Breakdown,https://www.vfxapprentice.com/products/beginner-bootcamp/categories/2157745092/posts/2188035720,,DISCOVERED,
post,Campfire Breakdown,https://www.vfxapprentice.com/products/beginner-bootcamp/categories/2157745092/posts/2188035718,,DISCOVERED,
post,Informative Video - Lightning,https://www.vfxapprentice.com/products/beginner-bootcamp/categories/2157745092/posts/2188035722,,DISCOVERED,
post,Lightning Beam Breakdown,https://www.vfxapprentice.com/products/beginner-bootcamp/categories/2157745092/posts/2188035724,,DISCOVERED,
post,Sword Swipe Breakdown,https://www.vfxapprentice.com/products/beginner-bootcamp/categories/2157745092/posts/2188035727,,DISCOVERED,
post,Fireball Breakdown,https://www.vfxapprentice.com/products/beginner-bootcamp/categories/2157745092/posts/2188035730,,DISCOVERED,
post,Informative Video - Water,https://www.vfxapprentice.com/products/beginner-bootcamp/categories/2157745092/posts/2188035731,,DISCOVERED,
post,Waterfall Breakdown,https://www.vfxapprentice.com/products/beginner-bootcamp/categories/2157745092/posts/2188035735,,DISCOVERED,
post,Unity Scene Setup,https://www.vfxapprentice.com/products/beginner-bootcamp/categories/2157745087/posts/2188035610,,DISCOVERED,
post,Ambient Fog Breakdown,https://www.vfxapprentice.com/products/beginner-bootcamp/categories/2157745087/posts/2188035627,,DISCOVERED,
post,Informative Video - Fire,https://www.vfxapprentice.com/products/beginner-bootcamp/categories/2157745087/posts/2188035631,,DISCOVERED,
post,Campfire Breakdown,https://www.vfxapprentice.com/products/beginner-bootcamp/categories/2157745087/posts/2188035632,,DISCOVERED,
post,Hit Impact Breakdown,https://www.vfxapprentice.com/products/beginner-bootcamp/categories/2157745087/posts/2188035635,,DISCOVERED,
post,Informative Video - Lightning,https://www.vfxapprentice.com/products/beginner-bootcamp/categories/2157745087/posts/2188035636,,DISCOVERED,
post,Lightning Beam Breakdown,https://www.vfxapprentice.com/products/beginner-bootcamp/categories/2157745087/posts/2188035639,,DISCOVERED,
post,Sword Swipe Breakdown,https://www.vfxapprentice.com/products/beginner-bootcamp/categories/2157745087/posts/2188035643,,DISCOVERED,
post,Fireball Breakdown,https://www.vfxapprentice.com/products/beginner-bootcamp/categories/2157745087/posts/2188035648,,DISCOVERED,
post,Informative Video - Water,https://www.vfxapprentice.com/products/beginner-bootcamp/categories/2157745087/posts/2188035655,,DISCOVERED,
post,Waterfall Breakdown,https://www.vfxapprentice.com/products/beginner-bootcamp/categories/2157745087/posts/2188035679,,DISCOVERED,
post,Intro & Overview,https://www.vfxapprentice.com/products/vfxa-free-training/categories/2154108283/posts/2172567630,,DISCOVERED,
post,Departments,https://www.vfxapprentice.com/products/vfxa-free-training/categories/2154108283/posts/2172567634,,DISCOVERED,
post,Roles,https://www.vfxapprentice.com/products/vfxa-free-training/categories/2154108283/posts/2172567795,,DISCOVERED,
post,Style,https://www.vfxapprentice.com/products/vfxa-free-training/categories/2154108285/posts/2172568073,,DISCOVERED,
post,Gameplay,https://www.vfxapprentice.com/products/vfxa-free-training/categories/2154108285/posts/2172568078,,DISCOVERED,
post,Game Engines,https://www.vfxapprentice.com/products/vfxa-free-training/categories/2154108285/posts/2172568081,,DISCOVERED,
post,Platforms,https://www.vfxapprentice.com/products/vfxa-free-training/categories/2154108285/posts/2172568083,,DISCOVERED,
post,"Textures, Meshes, Shaders",https://www.vfxapprentice.com/products/vfxa-free-training/categories/2154108286/posts/2172568098,,DISCOVERED,
post,Particle Systems,https://www.vfxapprentice.com/products/vfxa-free-training/categories/2154108286/posts/2172568102,,DISCOVERED,
post,Pipeline,https://www.vfxapprentice.com/products/vfxa-free-training/categories/2154108286/posts/2172569323,,DISCOVERED,
post,Next Steps,https://www.vfxapprentice.com/products/vfxa-free-training/categories/2154108419/posts/2172569294,,DISCOVERED,
post,Sketch - Drawing with Confidence,https://www.vfxapprentice.com/products/hand-drawn-2d-fx-level-1/categories/2150627445/posts/2158960466,,DISCOVERED,
post,Sketch - Thinking in 3D,https://www.vfxapprentice.com/products/hand-drawn-2d-fx-level-1/categories/2150627445/posts/2158960470,,DISCOVERED,
post,Sketch - Drawing in Perspective,https://www.vfxapprentice.com/products/hand-drawn-2d-fx-level-1/categories/2150627445/posts/2158960472,,DISCOVERED,
post,Sketch - Using Weighted Lines (Water Practice),https://www.vfxapprentice.com/products/hand-drawn-2d-fx-level-1/categories/2150627445/posts/2158960475,,DISCOVERED,
post,Sketch - Drawing from a Reference,https://www.vfxapprentice.com/products/hand-drawn-2d-fx-level-1/categories/2150627445/posts/2158960476,,DISCOVERED,
post,Drawing Foundations Review,https://www.vfxapprentice.com/products/hand-drawn-2d-fx-level-1/categories/2150659699/posts/2159034240,,DISCOVERED,
post,Start Animating!,https://www.vfxapprentice.com/products/hand-drawn-2d-fx-level-1/categories/2150627208/posts/2158962118,,DISCOVERED,
post,Software Setup,https://www.vfxapprentice.com/products/hand-drawn-2d-fx-level-1/categories/2150627208/posts/2158962119,,DISCOVERED,
post,The Drawing Tools,https://www.vfxapprentice.com/products/hand-drawn-2d-fx-level-1/categories/2150627208/posts/2158962120,,DISCOVERED,
post,Timeline Controls,https://www.vfxapprentice.com/products/hand-drawn-2d-fx-level-1/categories/2150627208/posts/2158962123,,DISCOVERED,
post,Creating Flipbooks,https://www.vfxapprentice.com/products/hand-drawn-2d-fx-level-1/categories/2150627208/posts/2158962124,,DISCOVERED,
post,Creating Irregular Flipbooks,https://www.vfxapprentice.com/products/hand-drawn-2d-fx-level-1/categories/2150627208/posts/2158962126,,DISCOVERED,
post,BONUS - Cleanup Animation,https://www.vfxapprentice.com/products/hand-drawn-2d-fx-level-1/categories/2150627208/posts/2158962130,,DISCOVERED,
post,Begin to Animate!,https://www.vfxapprentice.com/products/hand-drawn-2d-fx-level-1/categories/2150627207/posts/2158962135,,DISCOVERED,
post,Software Setup,https://www.vfxapprentice.com/products/hand-drawn-2d-fx-level-1/categories/2150627207/posts/2158962142,,DISCOVERED,
post,Tools & Timeline,https://www.vfxapprentice.com/products/hand-drawn-2d-fx-level-1/categories/2150627207/posts/2158962143,,DISCOVERED,
post,Node Setup & Compositing,https://www.vfxapprentice.com/products/hand-drawn-2d-fx-level-1/categories/2150627207/posts/2158962146,,DISCOVERED,
post,Flipbook Creation,https://www.vfxapprentice.com/products/hand-drawn-2d-fx-level-1/categories/2150627207/posts/2158962150,,DISCOVERED,
post,Photoshop for VFX Artists - 1: Tools,https://www.vfxapprentice.com/products/hand-drawn-2d-fx-level-1/categories/2150627459/posts/2159032198,,DISCOVERED,
post,Photoshop for VFX Artists - 2: Layers,https://www.vfxapprentice.com/products/hand-drawn-2d-fx-level-1/categories/2150627459/posts/2159032201,,DISCOVERED,
post,Photoshop for VFX Artists - 3: Adjustments,https://www.vfxapprentice.com/products/hand-drawn-2d-fx-level-1/categories/2150627459/posts/2159032202,,DISCOVERED,
post,Photoshop for VFX Artists - 4: Pro Tips,https://www.vfxapprentice.com/products/hand-drawn-2d-fx-level-1/categories/2150627459/posts/2159032203,,DISCOVERED,
post,Photoshop For VFX Artists - 5: Animation,https://www.vfxapprentice.com/products/hand-drawn-2d-fx-level-1/categories/2150627459/posts/2170119553,,DISCOVERED,
post,2D Software Introduction Review,https://www.vfxapprentice.com/products/hand-drawn-2d-fx-level-1/categories/2150659703/posts/2159034276,,DISCOVERED,
post,Small to Big - Intro Animation,https://www.vfxapprentice.com/products/hand-drawn-2d-fx-level-1/categories/2151838203/posts/2163608805,,DISCOVERED,
post,Pop-up - Intro Animation,https://www.vfxapprentice.com/products/hand-drawn-2d-fx-level-1/categories/2151838203/posts/2163608808,,DISCOVERED,
post,Squash & Stretch - Intro Animation,https://www.vfxapprentice.com/products/hand-drawn-2d-fx-level-1/categories/2151838203/posts/2163608815,,DISCOVERED,
post,In-motion - Intro Animation,https://www.vfxapprentice.com/products/hand-drawn-2d-fx-level-1/categories/2151838203/posts/2163608825,,DISCOVERED,
post,Big to Small - Outro Animation,https://www.vfxapprentice.com/products/hand-drawn-2d-fx-level-1/categories/2151838203/posts/2163765364,,DISCOVERED,
post,Break into Pieces - Outro Animation,https://www.vfxapprentice.com/products/hand-drawn-2d-fx-level-1/categories/2151838203/posts/2163765366,,DISCOVERED,
post,Carving out Shapes - Outro Animation,https://www.vfxapprentice.com/products/hand-drawn-2d-fx-level-1/categories/2151838203/posts/2163765371,,DISCOVERED,
post,Timing Offset - Looping Effects,https://www.vfxapprentice.com/products/hand-drawn-2d-fx-level-1/categories/2151838203/posts/2171429855,,DISCOVERED,
post,Rotating Keys - Looping Effects,https://www.vfxapprentice.com/products/hand-drawn-2d-fx-level-1/categories/2151838203/posts/2171429904,,DISCOVERED,
post,Wave Principle - Looping Effects,https://www.vfxapprentice.com/products/hand-drawn-2d-fx-level-1/categories/2151838203/posts/2171429923,,DISCOVERED,
post,Linear Keyframes - Looping Effects,https://www.vfxapprentice.com/products/hand-drawn-2d-fx-level-1/categories/2151838203/posts/2171429925,,DISCOVERED,
post,Effects in Motion - Overlapping Action,https://www.vfxapprentice.com/products/hand-drawn-2d-fx-level-1/categories/2151838203/posts/2171429927,,DISCOVERED,
post,2D FX Basics Review,https://www.vfxapprentice.com/products/hand-drawn-2d-fx-level-1/categories/2153488366/posts/2170122606,,DISCOVERED,
post,Introduction & First Batch Animation,https://www.vfxapprentice.com/products/hand-drawn-2d-fx-level-1/categories/2150627214/posts/2158960251,,DISCOVERED,
post,First Batch Cleanup,https://www.vfxapprentice.com/products/hand-drawn-2d-fx-level-1/categories/2150627214/posts/2158960254,,DISCOVERED,
post,Second Batch Animation,https://www.vfxapprentice.com/products/hand-drawn-2d-fx-level-1/categories/2150627214/posts/2158960255,,DISCOVERED,
post,Second Batch Cleanup,https://www.vfxapprentice.com/products/hand-drawn-2d-fx-level-1/categories/2150627214/posts/2158960259,,DISCOVERED,
post,Straight-Ahead Approach,https://www.vfxapprentice.com/products/hand-drawn-2d-fx-level-1/categories/2150627215/posts/2158960241,,DISCOVERED,
post,Animation Cleanup,https://www.vfxapprentice.com/products/hand-drawn-2d-fx-level-1/categories/2150627215/posts/2158960242,,DISCOVERED,
post,Symbol Technique,https://www.vfxapprentice.com/products/hand-drawn-2d-fx-level-1/categories/2150627215/posts/2158960244,,DISCOVERED,
post,Animating Sparkles,https://www.vfxapprentice.com/products/hand-drawn-2d-fx-level-1/categories/2150627217/posts/2158960232,,DISCOVERED,
post,Cleanup Sparkle Animation,https://www.vfxapprentice.com/products/hand-drawn-2d-fx-level-1/categories/2150627217/posts/2158960234,,DISCOVERED,
post,Adding Glows,https://www.vfxapprentice.com/products/hand-drawn-2d-fx-level-1/categories/2150627217/posts/2158960236,,DISCOVERED,
post,BONUS -  Attempted Sparkle Animation,https://www.vfxapprentice.com/products/hand-drawn-2d-fx-level-1/categories/2150627217/posts/2158960237,,DISCOVERED,
post,Reference Review,https://www.vfxapprentice.com/products/hand-drawn-2d-fx-level-1/categories/2150627219/posts/2158960178,,DISCOVERED,
post,Final Lightning Review,https://www.vfxapprentice.com/products/hand-drawn-2d-fx-level-1/categories/2150627219/posts/2158960179,,DISCOVERED,
post,First Attempts,https://www.vfxapprentice.com/products/hand-drawn-2d-fx-level-1/categories/2150627219/posts/2158960181,,DISCOVERED,
post,Third Attempt,https://www.vfxapprentice.com/products/hand-drawn-2d-fx-level-1/categories/2150627219/posts/2158960183,,DISCOVERED,
post,Cleanup & Polish,https://www.vfxapprentice.com/products/hand-drawn-2d-fx-level-1/categories/2150627219/posts/2158960205,,DISCOVERED,
post,Concept Sketches & Timing Pass,https://www.vfxapprentice.com/products/hand-drawn-2d-fx-level-1/categories/2150627220/posts/2158960130,,DISCOVERED,
post,Rough Animation: Part 1,https://www.vfxapprentice.com/products/hand-drawn-2d-fx-level-1/categories/2150627220/posts/2158960132,,DISCOVERED,
post,Rough Animation: Part 2,https://www.vfxapprentice.com/products/hand-drawn-2d-fx-level-1/categories/2150627220/posts/2158960138,,DISCOVERED,
post,Rough Animation Revisions,https://www.vfxapprentice.com/products/hand-drawn-2d-fx-level-1/categories/2150627220/posts/2158960141,,DISCOVERED,
post,Rough Animation Touch Up,https://www.vfxapprentice.com/products/hand-drawn-2d-fx-level-1/categories/2150627220/posts/2158960144,,DISCOVERED,
post,Cleanup & First Color Pass,https://www.vfxapprentice.com/products/hand-drawn-2d-fx-level-1/categories/2150627220/posts/2158960145,,DISCOVERED,
post,Second Color Pass,https://www.vfxapprentice.com/products/hand-drawn-2d-fx-level-1/categories/2150627220/posts/2158960149,,DISCOVERED,
post,Final Steps (Unnarrated),https://www.vfxapprentice.com/products/hand-drawn-2d-fx-level-1/categories/2150627220/posts/2158960151,,DISCOVERED,
post,Applied Foundations Review,https://www.vfxapprentice.com/products/hand-drawn-2d-fx-level-1/categories/2150659705/posts/2159034317,,DISCOVERED,
post,Intro & Fire Techniques,https://www.vfxapprentice.com/products/hand-drawn-2d-fx-level-1/categories/2150627461/posts/2158960532,,DISCOVERED,
post,Wisp Technique,https://www.vfxapprentice.com/products/hand-drawn-2d-fx-level-1/categories/2150627461/posts/2158960533,,DISCOVERED,
post,Zap Technique,https://www.vfxapprentice.com/products/hand-drawn-2d-fx-level-1/categories/2150627461/posts/2158960535,,DISCOVERED,
post,Goo Technique,https://www.vfxapprentice.com/products/hand-drawn-2d-fx-level-1/categories/2150627461/posts/2158960538,,DISCOVERED,
post,Intro to FX Concept Painting Review,https://www.vfxapprentice.com/products/hand-drawn-2d-fx-level-1/categories/2150659772/posts/2159034812,,DISCOVERED,
post,Fire Explosion Thumbnails,https://www.vfxapprentice.com/products/hand-drawn-2d-fx-level-1/categories/2150627650/posts/2159032250,,DISCOVERED,
post,Painting & Commentary (version 1),https://www.vfxapprentice.com/products/hand-drawn-2d-fx-level-1/categories/2150627650/posts/2159032251,,DISCOVERED,
post,Painting & Commentary (version 2),https://www.vfxapprentice.com/products/hand-drawn-2d-fx-level-1/categories/2150627650/posts/2159032252,,DISCOVERED,
post,Fire Explosion Paintover - Jeff Gates,https://www.vfxapprentice.com/products/hand-drawn-2d-fx-level-1/categories/2150627650/posts/2159032253,,DISCOVERED,
post,Painting & Commentary,https://www.vfxapprentice.com/products/hand-drawn-2d-fx-level-1/categories/2150627651/posts/2159032254,,DISCOVERED,
post,Thumbnails,https://www.vfxapprentice.com/products/hand-drawn-2d-fx-level-1/categories/2150627652/posts/2159032255,,DISCOVERED,
post,Painting & Commentary,https://www.vfxapprentice.com/products/hand-drawn-2d-fx-level-1/categories/2150627652/posts/2159032257,,DISCOVERED,
post,Thumbnails,https://www.vfxapprentice.com/products/hand-drawn-2d-fx-level-1/categories/2150627654/posts/2159032258,,DISCOVERED,
post,Painting & Commentary,https://www.vfxapprentice.com/products/hand-drawn-2d-fx-level-1/categories/2150627654/posts/2159032259,,DISCOVERED,
post,Painting & Commentary,https://www.vfxapprentice.com/products/hand-drawn-2d-fx-level-1/categories/2150627655/posts/2159032261,,DISCOVERED,
post,FX Concept Painting Elemental Studies Review,https://www.vfxapprentice.com/products/hand-drawn-2d-fx-level-1/categories/2150659778/posts/2159034814,,DISCOVERED,
post,Corona Shine,https://www.vfxapprentice.com/products/hand-drawn-2d-fx-level-1/categories/2150627237/posts/2158959854,,DISCOVERED,
post,Dissipation,https://www.vfxapprentice.com/products/hand-drawn-2d-fx-level-1/categories/2150627237/posts/2158959876,,DISCOVERED,
post,Revisions,https://www.vfxapprentice.com/products/hand-drawn-2d-fx-level-1/categories/2150627237/posts/2158959893,,DISCOVERED,
post,Inner Shapes,https://www.vfxapprentice.com/products/hand-drawn-2d-fx-level-1/categories/2150627237/posts/2158959965,,DISCOVERED,
post,Color & Glow,https://www.vfxapprentice.com/products/hand-drawn-2d-fx-level-1/categories/2150627237/posts/2158959981,,DISCOVERED,
post,Flipbook Creation,https://www.vfxapprentice.com/products/hand-drawn-2d-fx-level-1/categories/2150627237/posts/2158959984,,DISCOVERED,
post,Primary Motion,https://www.vfxapprentice.com/products/hand-drawn-2d-fx-level-1/categories/2150627238/posts/2158960005,,DISCOVERED,
post,Secondary Bits,https://www.vfxapprentice.com/products/hand-drawn-2d-fx-level-1/categories/2150627238/posts/2158960006,,DISCOVERED,
post,Inner Shapes,https://www.vfxapprentice.com/products/hand-drawn-2d-fx-level-1/categories/2150627238/posts/2158960009,,DISCOVERED,
post,Inbetweens,https://www.vfxapprentice.com/products/hand-drawn-2d-fx-level-1/categories/2150627238/posts/2158960010,,DISCOVERED,
post,Flipbook Creation,https://www.vfxapprentice.com/products/hand-drawn-2d-fx-level-1/categories/2150627238/posts/2158960012,,DISCOVERED,
post,Primary Motion,https://www.vfxapprentice.com/products/hand-drawn-2d-fx-level-1/categories/2150627240/posts/2158960021,,DISCOVERED,
post,Retiming & Inbetweens,https://www.vfxapprentice.com/products/hand-drawn-2d-fx-level-1/categories/2150627240/posts/2158960023,,DISCOVERED,
post,Inner Shapes,https://www.vfxapprentice.com/products/hand-drawn-2d-fx-level-1/categories/2150627240/posts/2158960025,,DISCOVERED,
post,Highlights,https://www.vfxapprentice.com/products/hand-drawn-2d-fx-level-1/categories/2150627240/posts/2158960028,,DISCOVERED,
post,Color Adjustments & Glows,https://www.vfxapprentice.com/products/hand-drawn-2d-fx-level-1/categories/2150627240/posts/2158960043,,DISCOVERED,
post,Raw Time-lapse,https://www.vfxapprentice.com/products/hand-drawn-2d-fx-level-1/categories/2150627240/posts/2158960068,,DISCOVERED,
post,Straight-Ahead Silhouette,https://www.vfxapprentice.com/products/hand-drawn-2d-fx-level-1/categories/2150627241/posts/2158960071,,DISCOVERED,
post,Three-Dimensional Backside,https://www.vfxapprentice.com/products/hand-drawn-2d-fx-level-1/categories/2150627241/posts/2158960072,,DISCOVERED,
post,Edge Shadows,https://www.vfxapprentice.com/products/hand-drawn-2d-fx-level-1/categories/2150627241/posts/2158960075,,DISCOVERED,
post,"Color Adjustments, Glows, & Highlights",https://www.vfxapprentice.com/products/hand-drawn-2d-fx-level-1/categories/2150627241/posts/2158960078,,DISCOVERED,
post,Raw Time-lapse,https://www.vfxapprentice.com/products/hand-drawn-2d-fx-level-1/categories/2150627241/posts/2158960081,,DISCOVERED,
post,Primary Motion,https://www.vfxapprentice.com/products/hand-drawn-2d-fx-level-1/categories/2150627242/posts/2158960084,,DISCOVERED,
post,Secondary Shapes & Glow,https://www.vfxapprentice.com/products/hand-drawn-2d-fx-level-1/categories/2150627242/posts/2158960086,,DISCOVERED,
post,Raw Time-lapse,https://www.vfxapprentice.com/products/hand-drawn-2d-fx-level-1/categories/2150627242/posts/2158960089,,DISCOVERED,
post,Basic Motion Setup,https://www.vfxapprentice.com/products/hand-drawn-2d-fx-level-1/categories/2150627243/posts/2158960090,,DISCOVERED,
post,Motion Cleanup,https://www.vfxapprentice.com/products/hand-drawn-2d-fx-level-1/categories/2150627243/posts/2158960099,,DISCOVERED,
post,Shape Refinements,https://www.vfxapprentice.com/products/hand-drawn-2d-fx-level-1/categories/2150627243/posts/2158960100,,DISCOVERED,
post,Secondary Shapes,https://www.vfxapprentice.com/products/hand-drawn-2d-fx-level-1/categories/2150627243/posts/2158960101,,DISCOVERED,
post,Polish & Glow,https://www.vfxapprentice.com/products/hand-drawn-2d-fx-level-1/categories/2150627243/posts/2158960103,,DISCOVERED,
post,Raw Time-lapse,https://www.vfxapprentice.com/products/hand-drawn-2d-fx-level-1/categories/2150627243/posts/2158960105,,DISCOVERED,
post,Primary Motion,https://www.vfxapprentice.com/products/hand-drawn-2d-fx-level-1/categories/2150627244/posts/2158960108,,DISCOVERED,
post,Resolve Shapes,https://www.vfxapprentice.com/products/hand-drawn-2d-fx-level-1/categories/2150627244/posts/2158960110,,DISCOVERED,
post,Cleanup,https://www.vfxapprentice.com/products/hand-drawn-2d-fx-level-1/categories/2150627244/posts/2158960111,,DISCOVERED,
post,Secondary Shapes,https://www.vfxapprentice.com/products/hand-drawn-2d-fx-level-1/categories/2150627244/posts/2158960113,,DISCOVERED,
post,Accent Shapes & Color,https://www.vfxapprentice.com/products/hand-drawn-2d-fx-level-1/categories/2150627244/posts/2158960115,,DISCOVERED,
post,Gradient & Glow,https://www.vfxapprentice.com/products/hand-drawn-2d-fx-level-1/categories/2150627244/posts/2158960117,,DISCOVERED,
post,Raw Time-lapse,https://www.vfxapprentice.com/products/hand-drawn-2d-fx-level-1/categories/2150627244/posts/2158960119,,DISCOVERED,
post,Color Tweaks Raw Time-lapse,https://www.vfxapprentice.com/products/hand-drawn-2d-fx-level-1/categories/2150627244/posts/2158960120,,DISCOVERED,
post,Small 2D FX Studies Review,https://www.vfxapprentice.com/products/hand-drawn-2d-fx-level-1/categories/2150659779/posts/2159034804,,DISCOVERED,
post,Style-target,https://www.vfxapprentice.com/products/hand-drawn-2d-fx-level-1/categories/2150627658/posts/2158961148,,DISCOVERED,
post,Animation process,https://www.vfxapprentice.com/products/hand-drawn-2d-fx-level-1/categories/2150627658/posts/2158961150,,DISCOVERED,
post,Coloring,https://www.vfxapprentice.com/products/hand-drawn-2d-fx-level-1/categories/2150627658/posts/2158961159,,DISCOVERED,
post,Water Fling (Raw Video),https://www.vfxapprentice.com/products/hand-drawn-2d-fx-level-1/categories/2150627658/posts/2158961168,,DISCOVERED,
post,Base Animation,https://www.vfxapprentice.com/products/hand-drawn-2d-fx-level-1/categories/2150627660/posts/2158961170,,DISCOVERED,
post,Animation Finish & Coloring,https://www.vfxapprentice.com/products/hand-drawn-2d-fx-level-1/categories/2150627660/posts/2158961173,,DISCOVERED,
post,Animation (Raw Video),https://www.vfxapprentice.com/products/hand-drawn-2d-fx-level-1/categories/2150627660/posts/2158961175,,DISCOVERED,
post,Coloring (Raw Video),https://www.vfxapprentice.com/products/hand-drawn-2d-fx-level-1/categories/2150627660/posts/2158961176,,DISCOVERED,
post,Animation & Shading,https://www.vfxapprentice.com/products/hand-drawn-2d-fx-level-1/categories/2150627661/posts/2158961194,,DISCOVERED,
post,Animation (Raw Video),https://www.vfxapprentice.com/products/hand-drawn-2d-fx-level-1/categories/2150627661/posts/2158961197,,DISCOVERED,
post,Inner Shape & Shadows (Raw Video),https://www.vfxapprentice.com/products/hand-drawn-2d-fx-level-1/categories/2150627661/posts/2158961199,,DISCOVERED,
post,Animation & Color,https://www.vfxapprentice.com/products/hand-drawn-2d-fx-level-1/categories/2150627663/posts/2158961204,,DISCOVERED,
post,Animation (Raw Video),https://www.vfxapprentice.com/products/hand-drawn-2d-fx-level-1/categories/2150627663/posts/2158961206,,DISCOVERED,
post,Animation Breakdown,https://www.vfxapprentice.com/products/hand-drawn-2d-fx-level-1/categories/2150627664/posts/2158961212,,DISCOVERED,
post,Animation (Raw Video),https://www.vfxapprentice.com/products/hand-drawn-2d-fx-level-1/categories/2150627664/posts/2158961215,,DISCOVERED,
post,Main Spere Animation,https://www.vfxapprentice.com/products/hand-drawn-2d-fx-level-1/categories/2150627666/posts/2158961217,,DISCOVERED,
post,Windup & Dissolve,https://www.vfxapprentice.com/products/hand-drawn-2d-fx-level-1/categories/2150627666/posts/2158961220,,DISCOVERED,
post,Light Rays & Polish,https://www.vfxapprentice.com/products/hand-drawn-2d-fx-level-1/categories/2150627666/posts/2158961221,,DISCOVERED,
post,Medium 2D FX Elemental Studies Review,https://www.vfxapprentice.com/products/hand-drawn-2d-fx-level-1/categories/2150659780/posts/2159034806,,DISCOVERED,
post,Narrated Animation Process,https://www.vfxapprentice.com/products/hand-drawn-2d-fx-level-2/categories/2150659860/posts/2159084091,,DISCOVERED,
post,Full Animation Process (Raw Video),https://www.vfxapprentice.com/products/hand-drawn-2d-fx-level-2/categories/2150659860/posts/2159084092,,DISCOVERED,
post,Animating Light,https://www.vfxapprentice.com/products/hand-drawn-2d-fx-level-2/categories/2150659861/posts/2159084097,,DISCOVERED,
post,Full Animation Process (Raw Video),https://www.vfxapprentice.com/products/hand-drawn-2d-fx-level-2/categories/2150659861/posts/2159084099,,DISCOVERED,
post,First Animation Phase,https://www.vfxapprentice.com/products/hand-drawn-2d-fx-level-2/categories/2150659862/posts/2159084103,,DISCOVERED,
post,Shadow Block-in,https://www.vfxapprentice.com/products/hand-drawn-2d-fx-level-2/categories/2150659862/posts/2159084104,,DISCOVERED,
post,Smoke Dissipation,https://www.vfxapprentice.com/products/hand-drawn-2d-fx-level-2/categories/2150659862/posts/2159084106,,DISCOVERED,
post,Coloring,https://www.vfxapprentice.com/products/hand-drawn-2d-fx-level-2/categories/2150659862/posts/2159084117,,DISCOVERED,
post,Animation (Raw Video),https://www.vfxapprentice.com/products/hand-drawn-2d-fx-level-2/categories/2150659862/posts/2159084119,,DISCOVERED,
post,Shadow Pass (Raw Video),https://www.vfxapprentice.com/products/hand-drawn-2d-fx-level-2/categories/2150659862/posts/2159084120,,DISCOVERED,
post,Final Steps & Cleanup (Raw Video),https://www.vfxapprentice.com/products/hand-drawn-2d-fx-level-2/categories/2150659862/posts/2159084125,,DISCOVERED,
post,Coloring (Unnarrated),https://www.vfxapprentice.com/products/hand-drawn-2d-fx-level-2/categories/2150659862/posts/2159084126,,DISCOVERED,
post,Anticipation & Burst,https://www.vfxapprentice.com/products/hand-drawn-2d-fx-level-2/categories/2150659868/posts/2159084129,,DISCOVERED,
post,Inner Shapes & Color,https://www.vfxapprentice.com/products/hand-drawn-2d-fx-level-2/categories/2150659868/posts/2159084132,,DISCOVERED,
post,Animation Process (Raw Video),https://www.vfxapprentice.com/products/hand-drawn-2d-fx-level-2/categories/2150659868/posts/2159084134,,DISCOVERED,
post,Interior Color Shapes (Raw Video),https://www.vfxapprentice.com/products/hand-drawn-2d-fx-level-2/categories/2150659868/posts/2159084135,,DISCOVERED,
post,Lightning Anticipation,https://www.vfxapprentice.com/products/hand-drawn-2d-fx-level-2/categories/2150659869/posts/2159084143,,DISCOVERED,
post,Lightning Payoff & Expansion,https://www.vfxapprentice.com/products/hand-drawn-2d-fx-level-2/categories/2150659869/posts/2159084144,,DISCOVERED,
post,Full Animation Process (Raw Video),https://www.vfxapprentice.com/products/hand-drawn-2d-fx-level-2/categories/2150659869/posts/2159084146,,DISCOVERED,
post,Integrating FX With a Character Review,https://www.vfxapprentice.com/products/hand-drawn-2d-fx-level-2/categories/2150659871/posts/2159084021,,DISCOVERED,
post,Cursor Creation,https://www.vfxapprentice.com/products/hand-drawn-2d-fx-level-2/categories/2150660579/posts/2159086764,,DISCOVERED,
post,Shape Layers & Motion Paths,https://www.vfxapprentice.com/products/hand-drawn-2d-fx-level-2/categories/2150660580/posts/2159086768,,DISCOVERED,
post,Animated Text,https://www.vfxapprentice.com/products/hand-drawn-2d-fx-level-2/categories/2150660580/posts/2159086769,,DISCOVERED,
post,Impact Animations & Finishing Touches,https://www.vfxapprentice.com/products/hand-drawn-2d-fx-level-2/categories/2150660580/posts/2159086791,,DISCOVERED,
post,Card Design (Unnarrated),https://www.vfxapprentice.com/products/hand-drawn-2d-fx-level-2/categories/2150660582/posts/2159086793,,DISCOVERED,
post,Advanced Compositing,https://www.vfxapprentice.com/products/hand-drawn-2d-fx-level-2/categories/2150660582/posts/2159086794,,DISCOVERED,
post,Color & Compositing (Raw Video),https://www.vfxapprentice.com/products/hand-drawn-2d-fx-level-2/categories/2150660585/posts/2159086796,,DISCOVERED,
post,Advanced Compositing Tricks,https://www.vfxapprentice.com/products/hand-drawn-2d-fx-level-2/categories/2150660587/posts/2159086823,,DISCOVERED,
post,Simple Compositing (Raw Video),https://www.vfxapprentice.com/products/hand-drawn-2d-fx-level-2/categories/2150660588/posts/2159086814,,DISCOVERED,
post,Simple Motion Blur (Raw Video),https://www.vfxapprentice.com/products/hand-drawn-2d-fx-level-2/categories/2150660591/posts/2159086817,,DISCOVERED,
post,Simple Compositing for Big Animations (Raw Video),https://www.vfxapprentice.com/products/hand-drawn-2d-fx-level-2/categories/2150660592/posts/2159086820,,DISCOVERED,
post,Fire Compositing,https://www.vfxapprentice.com/products/hand-drawn-2d-fx-level-2/categories/2150660589/posts/2159086828,,DISCOVERED,
post,Magical Recolor,https://www.vfxapprentice.com/products/hand-drawn-2d-fx-level-2/categories/2150660589/posts/2159086830,,DISCOVERED,
post,Lense Flare & Glow (Raw Video),https://www.vfxapprentice.com/products/hand-drawn-2d-fx-level-2/categories/2150660595/posts/2159086832,,DISCOVERED,
post,Clean & Pixelated,https://www.vfxapprentice.com/products/hand-drawn-2d-fx-level-2/categories/2150660596/posts/2159086802,,DISCOVERED,
post,Scene Compositing (Raw Video),https://www.vfxapprentice.com/products/hand-drawn-2d-fx-level-2/categories/2150660597/posts/2159086835,,DISCOVERED,
post,Post-Process & Motion Graphics Review,https://www.vfxapprentice.com/products/hand-drawn-2d-fx-level-2/categories/2150660672/posts/2159086604,,DISCOVERED,
post,Overview & Introduction,https://www.vfxapprentice.com/products/hand-drawn-2d-fx-level-2/categories/2150660022/posts/2159084886,,DISCOVERED,
post,Logo Setup,https://www.vfxapprentice.com/products/hand-drawn-2d-fx-level-2/categories/2150660022/posts/2159084903,,DISCOVERED,
post,Anticipation Bump,https://www.vfxapprentice.com/products/hand-drawn-2d-fx-level-2/categories/2150660022/posts/2159084928,,DISCOVERED,
post,Color Shift,https://www.vfxapprentice.com/products/hand-drawn-2d-fx-level-2/categories/2150660022/posts/2159084942,,DISCOVERED,
post,Anticipation Distortion,https://www.vfxapprentice.com/products/hand-drawn-2d-fx-level-2/categories/2150660022/posts/2159084966,,DISCOVERED,
post,Radial Sparkle,https://www.vfxapprentice.com/products/hand-drawn-2d-fx-level-2/categories/2150660022/posts/2159084970,,DISCOVERED,
post,Additional Anticipation Effects,https://www.vfxapprentice.com/products/hand-drawn-2d-fx-level-2/categories/2150660022/posts/2159084979,,DISCOVERED,
post,Supporting Animation,https://www.vfxapprentice.com/products/hand-drawn-2d-fx-level-2/categories/2150660022/posts/2159084986,,DISCOVERED,
post,Anticipation Finish,https://www.vfxapprentice.com/products/hand-drawn-2d-fx-level-2/categories/2150660022/posts/2159084994,,DISCOVERED,
post,Fire Animation,https://www.vfxapprentice.com/products/hand-drawn-2d-fx-level-2/categories/2150660022/posts/2159085001,,DISCOVERED,
post,Additional Flames & Sparkles,https://www.vfxapprentice.com/products/hand-drawn-2d-fx-level-2/categories/2150660022/posts/2159085009,,DISCOVERED,
post,Lightning Effect,https://www.vfxapprentice.com/products/hand-drawn-2d-fx-level-2/categories/2150660022/posts/2159085018,,DISCOVERED,
post,Anticipation Lightning Breakdown,https://www.vfxapprentice.com/products/hand-drawn-2d-fx-level-2/categories/2150660022/posts/2159085026,,DISCOVERED,
post,Style Target,https://www.vfxapprentice.com/products/hand-drawn-2d-fx-level-2/categories/2150660027/posts/2159084552,,DISCOVERED,
post,Initial Rough Animation,https://www.vfxapprentice.com/products/hand-drawn-2d-fx-level-2/categories/2150660027/posts/2159084553,,DISCOVERED,
post,Rough Buildup & First Expansion,https://www.vfxapprentice.com/products/hand-drawn-2d-fx-level-2/categories/2150660027/posts/2159084557,,DISCOVERED,
post,Rough Animation Finish,https://www.vfxapprentice.com/products/hand-drawn-2d-fx-level-2/categories/2150660027/posts/2159084558,,DISCOVERED,
post,Anticipation Cleanup,https://www.vfxapprentice.com/products/hand-drawn-2d-fx-level-2/categories/2150660027/posts/2159084561,,DISCOVERED,
post,Expansion Cleanup: Part 1,https://www.vfxapprentice.com/products/hand-drawn-2d-fx-level-2/categories/2150660027/posts/2159084564,,DISCOVERED,
post,Expansion Cleanup: Part 2 (Unnarrated),https://www.vfxapprentice.com/products/hand-drawn-2d-fx-level-2/categories/2150660027/posts/2159084566,,DISCOVERED,
post,Expansion Cleanup: Part 3,https://www.vfxapprentice.com/products/hand-drawn-2d-fx-level-2/categories/2150660027/posts/2159084587,,DISCOVERED,
post,Feedback & Revisions,https://www.vfxapprentice.com/products/hand-drawn-2d-fx-level-2/categories/2150660027/posts/2159084633,,DISCOVERED,
post,Spiral Smoke Cleanup,https://www.vfxapprentice.com/products/hand-drawn-2d-fx-level-2/categories/2150660027/posts/2159084684,,DISCOVERED,
post,Cleanup Process: Part 1 (Unnarrated),https://www.vfxapprentice.com/products/hand-drawn-2d-fx-level-2/categories/2150660027/posts/2159084723,,DISCOVERED,
post,Cleanup Process: Part 2 (Unnarrated),https://www.vfxapprentice.com/products/hand-drawn-2d-fx-level-2/categories/2150660027/posts/2159084752,,DISCOVERED,
post,Dissipation Linework & Cleanup,https://www.vfxapprentice.com/products/hand-drawn-2d-fx-level-2/categories/2150660027/posts/2159084780,,DISCOVERED,
post,Final Cleanup (Unnarrated),https://www.vfxapprentice.com/products/hand-drawn-2d-fx-level-2/categories/2150660027/posts/2159084795,,DISCOVERED,
post,Outro,https://www.vfxapprentice.com/products/hand-drawn-2d-fx-level-2/categories/2150660027/posts/2159084814,,DISCOVERED,
post,Intro & Course Overview,https://www.vfxapprentice.com/products/hand-drawn-2d-fx-level-2/categories/2153161526/posts/2168823463,,DISCOVERED,
post,Idea Blockout & Animatic,https://www.vfxapprentice.com/products/hand-drawn-2d-fx-level-2/categories/2153161526/posts/2168823468,,DISCOVERED,
post,Rough Animation,https://www.vfxapprentice.com/products/hand-drawn-2d-fx-level-2/categories/2153161526/posts/2168823470,,DISCOVERED,
post,Refined Animation,https://www.vfxapprentice.com/products/hand-drawn-2d-fx-level-2/categories/2153161526/posts/2168823471,,DISCOVERED,
post,Backgrounds,https://www.vfxapprentice.com/products/hand-drawn-2d-fx-level-2/categories/2153161526/posts/2168823472,,DISCOVERED,
post,Compositing,https://www.vfxapprentice.com/products/hand-drawn-2d-fx-level-2/categories/2153161526/posts/2168823474,,DISCOVERED,
post,Complex 2D FX Composition Studies Review,https://www.vfxapprentice.com/products/hand-drawn-2d-fx-level-2/categories/2150660263/posts/2159085220,,DISCOVERED,
post,Intro & Overview,https://www.vfxapprentice.com/products/hand-crafted-3d-vfx-level-1/categories/2154198428/posts/2172935451,,DISCOVERED,
post,Departments,https://www.vfxapprentice.com/products/hand-crafted-3d-vfx-level-1/categories/2154198428/posts/2172935496,,DISCOVERED,
post,Roles,https://www.vfxapprentice.com/products/hand-crafted-3d-vfx-level-1/categories/2154198428/posts/2172935617,,DISCOVERED,
post,Style,https://www.vfxapprentice.com/products/hand-crafted-3d-vfx-level-1/categories/2154198483/posts/2172935706,,DISCOVERED,
post,Gameplay,https://www.vfxapprentice.com/products/hand-crafted-3d-vfx-level-1/categories/2154198483/posts/2172935707,,DISCOVERED,
post,Game Engines,https://www.vfxapprentice.com/products/hand-crafted-3d-vfx-level-1/categories/2154198483/posts/2172935709,,DISCOVERED,
post,Platforms,https://www.vfxapprentice.com/products/hand-crafted-3d-vfx-level-1/categories/2154198483/posts/2172935711,,DISCOVERED,
post,"Textures, Meshes, Shaders",https://www.vfxapprentice.com/products/hand-crafted-3d-vfx-level-1/categories/2154198485/posts/2172935735,,DISCOVERED,
post,Particle Systems,https://www.vfxapprentice.com/products/hand-crafted-3d-vfx-level-1/categories/2154198485/posts/2172935736,,DISCOVERED,
post,Pipeline,https://www.vfxapprentice.com/products/hand-crafted-3d-vfx-level-1/categories/2154198485/posts/2172935740,,DISCOVERED,
post,Next Steps,https://www.vfxapprentice.com/products/hand-crafted-3d-vfx-level-1/categories/2154198488/posts/2172935745,,DISCOVERED,
post,Tiling Fiery Noise,https://www.vfxapprentice.com/products/hand-crafted-3d-vfx-level-2/categories/2150613640/posts/2158905866,,DISCOVERED,
post,U&U Fire Explosion Breakdown,https://www.vfxapprentice.com/products/hand-crafted-3d-vfx-level-2/categories/2150613644/posts/2164336947,,DISCOVERED,
post,Sphere Meshes in Maya,https://www.vfxapprentice.com/products/hand-crafted-3d-vfx-level-2/categories/2150613649/posts/2158906063,,DISCOVERED,
post,Offset & Normal Map in Photoshop,https://www.vfxapprentice.com/products/hand-crafted-3d-vfx-level-2/categories/2150613649/posts/2158917899,,DISCOVERED,
post,Dissolve Map in Photoshop,https://www.vfxapprentice.com/products/hand-crafted-3d-vfx-level-2/categories/2150613649/posts/2158917904,,DISCOVERED,
post,U&U Wispy Cloud Breakdown,https://www.vfxapprentice.com/products/hand-crafted-3d-vfx-level-2/categories/2150613650/posts/2164336969,,DISCOVERED,
post,Lightning Design Phase,https://www.vfxapprentice.com/products/hand-crafted-3d-vfx-level-2/categories/2150771941/posts/2159506250,,DISCOVERED,
post,Lightning Animation Phase,https://www.vfxapprentice.com/products/hand-crafted-3d-vfx-level-2/categories/2150771941/posts/2159506252,,DISCOVERED,
post,Lightning Inbetween Phase,https://www.vfxapprentice.com/products/hand-crafted-3d-vfx-level-2/categories/2150771941/posts/2159506256,,DISCOVERED,
post,Burst Gradients,https://www.vfxapprentice.com/products/hand-crafted-3d-vfx-level-2/categories/2150771941/posts/2158917788,,DISCOVERED,
post,Burst Color Pass,https://www.vfxapprentice.com/products/hand-crafted-3d-vfx-level-2/categories/2150771941/posts/2158906047,,DISCOVERED,
post,U&U Lightning Zap Breakdown,https://www.vfxapprentice.com/products/hand-crafted-3d-vfx-level-2/categories/2150613646/posts/2164336967,,DISCOVERED,
post,Bowl Mesh in Maya,https://www.vfxapprentice.com/products/hand-crafted-3d-vfx-level-2/categories/2150613652/posts/2158906068,,DISCOVERED,
post,Gooey Shape Painting,https://www.vfxapprentice.com/products/hand-crafted-3d-vfx-level-2/categories/2150613652/posts/2158906067,,DISCOVERED,
post,Dissolve Map Photoshop Tricks,https://www.vfxapprentice.com/products/hand-crafted-3d-vfx-level-2/categories/2150613652/posts/2158917943,,DISCOVERED,
post,Normal Maps,https://www.vfxapprentice.com/products/hand-crafted-3d-vfx-level-2/categories/2150613652/posts/2158917944,,DISCOVERED,
post,U&U Goo Splat Breakdown,https://www.vfxapprentice.com/products/hand-crafted-3d-vfx-level-2/categories/2150613677/posts/2164342914,,DISCOVERED,
post,Portfolio - Tips & Tricks,https://www.vfxapprentice.com/products/apprenticeship-level-3/categories/2150661699/posts/2160576156,,DISCOVERED,
post,Portfolio - Professional Examples,https://www.vfxapprentice.com/products/apprenticeship-level-3/categories/2150661699/posts/2160576159,,DISCOVERED,
post,Portfolio - Student Review,https://www.vfxapprentice.com/products/apprenticeship-level-3/categories/2150661699/posts/2160576163,,DISCOVERED,
post,Portfolio - Student Review,https://www.vfxapprentice.com/products/apprenticeship-level-3/categories/2150661699/posts/2167480384,,DISCOVERED,
post,Portfolio - Student Review,https://www.vfxapprentice.com/products/apprenticeship-level-3/categories/2150661699/posts/2177007232,,DISCOVERED,
post,Portfolio - Student Review,https://www.vfxapprentice.com/products/apprenticeship-level-3/categories/2150661699/posts/2177827118,,DISCOVERED,
post,Portfolio - Student Review,https://www.vfxapprentice.com/products/apprenticeship-level-3/categories/2150661699/posts/2178731171,,DISCOVERED,
post,Portfolio - Student Review,https://www.vfxapprentice.com/products/apprenticeship-level-3/categories/2150661699/posts/2179656006,,DISCOVERED,
post,Portfolio - Student Review,https://www.vfxapprentice.com/products/apprenticeship-level-3/categories/2150661699/posts/2180554170,,DISCOVERED,
post,Portfolio - Student Review,https://www.vfxapprentice.com/products/apprenticeship-level-3/categories/2150661699/posts/2181491212,,DISCOVERED,
post,Portfolio - Student Review,https://www.vfxapprentice.com/products/apprenticeship-level-3/categories/2150661699/posts/2182158599,,DISCOVERED,
post,Portfolio - Student Review,https://www.vfxapprentice.com/products/apprenticeship-level-3/categories/2150661699/posts/2183004837,,DISCOVERED,
post,Soft Skills Review,https://www.vfxapprentice.com/products/apprenticeship-level-3/categories/2151085931/posts/2160576300,,DISCOVERED,
post,Light Magic Sword Trail - Unreal 4,https://www.vfxapprentice.com/products/apprenticeship-level-3/categories/2150661702/posts/2159090681,,DISCOVERED,
post,Melee Hit Effect - Unreal 4,https://www.vfxapprentice.com/products/apprenticeship-level-3/categories/2150661702/posts/2159090682,,DISCOVERED,
post,Windup Particle Setup - Unreal 4,https://www.vfxapprentice.com/products/apprenticeship-level-3/categories/2150661703/posts/2159090915,,DISCOVERED,
post,Windup Additional Textures - Unreal 4,https://www.vfxapprentice.com/products/apprenticeship-level-3/categories/2150661703/posts/2159090919,,DISCOVERED,
post,Windup Final Edit - Unreal 4,https://www.vfxapprentice.com/products/apprenticeship-level-3/categories/2150661703/posts/2159090921,,DISCOVERED,
post,Particle-Based Attempt - Unreal 4,https://www.vfxapprentice.com/products/apprenticeship-level-3/categories/2150661703/posts/2159090922,,DISCOVERED,
post,Cast Animation - Unreal 4,https://www.vfxapprentice.com/products/apprenticeship-level-3/categories/2150661703/posts/2159090923,,DISCOVERED,
post,Final Implementation - Unreal 4,https://www.vfxapprentice.com/products/apprenticeship-level-3/categories/2150661703/posts/2159090924,,DISCOVERED,
post,Animation & Unreal Setup - Unreal 4,https://www.vfxapprentice.com/products/apprenticeship-level-3/categories/2150661703/posts/2159090927,,DISCOVERED,
post,Flipbook Dissolve & Unreal Setup - Unreal 4,https://www.vfxapprentice.com/products/apprenticeship-level-3/categories/2150661703/posts/2159090928,,DISCOVERED,
post,Smoke Flibook & Unreal Setup - Unreal 4,https://www.vfxapprentice.com/products/apprenticeship-level-3/categories/2150661703/posts/2159090929,,DISCOVERED,
post,Base Smoke Animation - Unreal 4,https://www.vfxapprentice.com/products/apprenticeship-level-3/categories/2150661703/posts/2159090932,,DISCOVERED,
post,Niagara Smoke & Embers - Unreal 4,https://www.vfxapprentice.com/products/apprenticeship-level-3/categories/2150661703/posts/2159090949,,DISCOVERED,
post,Additional Textures & Meshes - Unreal 4,https://www.vfxapprentice.com/products/apprenticeship-level-3/categories/2150661703/posts/2159090950,,DISCOVERED,
post,Material & Niagara Particle Setup - Unreal 4,https://www.vfxapprentice.com/products/apprenticeship-level-3/categories/2150661703/posts/2159090956,,DISCOVERED,
post,Streamers & Finish - Unreal 4,https://www.vfxapprentice.com/products/apprenticeship-level-3/categories/2150661703/posts/2159090959,,DISCOVERED,
post,Introduction & Planning - Unreal 4,https://www.vfxapprentice.com/products/apprenticeship-level-3/categories/2150661704/posts/2159090963,,DISCOVERED,
post,Column Flipbook & Mesh - Unreal 4,https://www.vfxapprentice.com/products/apprenticeship-level-3/categories/2150661704/posts/2159090964,,DISCOVERED,
post,Hit Column Unreal Setup - Unreal 4,https://www.vfxapprentice.com/products/apprenticeship-level-3/categories/2150661704/posts/2159090966,,DISCOVERED,
post,Hit Dust Cloud Animation & Setup - Unreal 4,https://www.vfxapprentice.com/products/apprenticeship-level-3/categories/2150661704/posts/2159090968,,DISCOVERED,
post,Windup Unreal Setup: Part 1 - Unreal 4,https://www.vfxapprentice.com/products/apprenticeship-level-3/categories/2150661704/posts/2159090969,,DISCOVERED,
post,Windup Unreal Setup: Part 2 - Unreal 4,https://www.vfxapprentice.com/products/apprenticeship-level-3/categories/2150661704/posts/2159090971,,DISCOVERED,
post,Cast Flipbook Creation,https://www.vfxapprentice.com/products/apprenticeship-level-3/categories/2150661704/posts/2159090973,,DISCOVERED,
post,Cast Unreal Setup - Unreal 4,https://www.vfxapprentice.com/products/apprenticeship-level-3/categories/2150661704/posts/2159090976,,DISCOVERED,
post,Cleanup: Flipbooks (Unnarrated),https://www.vfxapprentice.com/products/apprenticeship-level-3/categories/2150661704/posts/2159090977,,DISCOVERED,
post,Cleanup: Unreal Implementation - Unreal 4,https://www.vfxapprentice.com/products/apprenticeship-level-3/categories/2150661704/posts/2159090978,,DISCOVERED,
post,Revision: Overview - Unreal 4,https://www.vfxapprentice.com/products/apprenticeship-level-3/categories/2150661704/posts/2159090980,,DISCOVERED,
post,Revision: Color Concept,https://www.vfxapprentice.com/products/apprenticeship-level-3/categories/2150661704/posts/2159090983,,DISCOVERED,
post,Revision: AOE Column - Unreal 4,https://www.vfxapprentice.com/products/apprenticeship-level-3/categories/2150661704/posts/2159090984,,DISCOVERED,
post,Revision: Windup - Unreal 4,https://www.vfxapprentice.com/products/apprenticeship-level-3/categories/2150661704/posts/2159090987,,DISCOVERED,
post,Revision: Cast Effect - Unreal 4,https://www.vfxapprentice.com/products/apprenticeship-level-3/categories/2150661704/posts/2159090990,,DISCOVERED,
post,Side Scroller Review,https://www.vfxapprentice.com/products/apprenticeship-level-3/categories/2151123941/posts/2160576309,,DISCOVERED,
