type,lesson,url,name,local_path,status,size_bytes
resource,Project Download,https://www.vfxapprentice.com/courses/downloads/2163830618/vfxa_clovis_lebret,VFXA_Clovis_Lebret,VFX Apprentice Asset Library/VFX by Clovis Lebret/VFXA_Clovis_Lebret.zip,ALREADY_EXISTS_ZIP,431090615
resource,Project Download,https://www.vfxapprentice.com/courses/downloads/2164229359/vfxa_can_bayar-sandbox,VFXA_Can_Bayar-Sandbox,VFX Apprentice Asset Library/VFX by Can Bayar/VFXA_Can_Bayar-Sandbox.zip,ALREADY_EXISTS_ZIP,750322608
resource,Project Download,https://www.vfxapprentice.com/courses/downloads/2162912952/vfxa_daryna_sandbox-zip,VFXA_Daryna_Sandbox.zip,VFX Apprentice Asset Library/VFX by Daryna-Vladyslava Masiahina/VFXA_Daryna_Sandbox.zip,ALREADY_EXISTS_ZIP,381884120
resource,Project Download,https://www.vfxapprentice.com/courses/downloads/2164356950/vfxa_sandbox_gustavo,VFXA_Sandbox_Gustavo,VFX Apprentice Asset Library/VFX by Gustavo Dresch Rosa/VFXA_Sandbox_Gustavo.zip,ALREADY_EXISTS_ZIP,372608704
resource,Project Download,https://www.vfxapprentice.com/courses/downloads/2164348099/vfxa_sandbox_unity_mario,VFXA_Sandbox_Unity_Mario,VFX Apprentice Asset Library/VFX by Mario Belén/VFXA_Sandbox_Unity_Mario.zip,ALREADY_EXISTS_ZIP,346267602
resource,Project Download,https://www.vfxapprentice.com/courses/downloads/2164347814/vfxa_mario_bel_n_unreal,VFXA_Mario_Belen_Unreal,VFX Apprentice Asset Library/VFX by Mario Belén/VFXA_Mario_Bel_n_Unreal.zip,ALREADY_EXISTS_ZIP,934251909
resource,Project Download,https://www.vfxapprentice.com/courses/downloads/2162904133/vfxa_renate-zip,VFXA_Renate.zip,VFX Apprentice Asset Library/VFX by Renate Noel-Tagoe (Insert Cat)/VFXA_Renate.zip,ALREADY_EXISTS_ZIP,156652043
resource,Project Download,https://www.vfxapprentice.com/courses/downloads/2162904020/vfxa_renate_sandbox-zip,VFXA_Renate_Sandbox.zip,VFX Apprentice Asset Library/VFX by Renate Noel-Tagoe (Insert Cat)/VFXA_Renate_Sandbox.zip,ALREADY_EXISTS_ZIP,488226816
resource,Project Download,https://www.vfxapprentice.com/courses/downloads/2162500809/vfx-a_harmonie_duquesne-zip,VFX-A_Harmonie_Duquesne.zip,VFX Apprentice Asset Library/VFX by Harmonie Duquesne/VFX-A_Harmonie_Duquesne.zip,ALREADY_EXISTS_ZIP,373174016
resource,Project Download,https://www.vfxapprentice.com/courses/downloads/2163153488/vfxa_jakub_tkac-zip,VFXA_Jakub_Tkac.zip,VFX Apprentice Asset Library/VFX by Jakub Tkáč/VFXA_Jakub_Tkac.zip,ALREADY_EXISTS_ZIP,354582856
resource,Project Download,https://www.vfxapprentice.com/courses/downloads/2162500820/vfxa-katie_stine-zip,VFXA-Katie_Stine.zip,VFX Apprentice Asset Library/VFX by Katie Stine/VFXA-Katie_Stine.zip,ALREADY_EXISTS_ZIP,553362903
resource,Project Download,https://www.vfxapprentice.com/courses/downloads/2163166595/vfxa_bruno_belicio-zip,VFXA_Bruno_Belicio.zip,VFX Apprentice Asset Library/VFX by Bruno Ferreira Belício/VFXA_Bruno_Belicio.zip,ALREADY_EXISTS_ZIP,385505277
resource,Project Download,https://www.vfxapprentice.com/courses/downloads/2162500797/vfxa_or_un_sar_-zip,VFXA_Orcun_Sarı.zip,VFX Apprentice Asset Library/VFX by Orçun Sarı/VFXA_Or_un_Sar_.zip,ALREADY_EXISTS_ZIP,378951023
resource,Project Download,https://www.vfxapprentice.com/courses/downloads/2163536322/vfxa_martin_blasina-zip,VFXA_Martin_Blasina.zip,VFX Apprentice Asset Library/VFX by Martin Blasina/VFXA_Martin_Blasina.zip,ALREADY_EXISTS_ZIP,393158198
resource,Project Download,https://www.vfxapprentice.com/courses/downloads/2162500837/vfx-a_deandremartin-zip,VFX-A_DeAndreMartin.zip,VFX Apprentice Asset Library/VFX by De Andre Martin/VFX-A_DeAndreMartin.zip,ALREADY_EXISTS_ZIP,383758814
video,Introduction - Dan Elder,https://embed-ssl.wistia.com/deliveries/22b529d7b01433ba4ccf5ab7f8ca46f5088ed307.bin,Introduction - Dan Elder.mp4,Hand-Drawn 2D FX_ Level 1/FX Design Principles - Explained/Introduction - Dan Elder.mp4,ALREADY_EXISTS_MP4,44716184
resource,Introduction - Dan Elder,https://www.vfxapprentice.com/courses/downloads/2151821089/1211-010_fx_design_prinicples_series-zip,1211-010_FX_Design_Prinicples_Series.zip,Hand-Drawn 2D FX_ Level 1/FX Design Principles - Explained/1211-010_FX_Design_Prinicples_Series.zip,ALREADY_EXISTS_ZIP,4325566
video,Physical Properties,https://embed-ssl.wistia.com/deliveries/ea98fdb1f8c396d581292e21dcd815f090120077.bin,Physical Properties.mp4,Hand-Drawn 2D FX_ Level 1/FX Design Principles - Explained/Physical Properties.mp4,ALREADY_EXISTS_MP4,33423493
resource,Physical Properties,https://www.vfxapprentice.com/courses/downloads/2151821126/1211-010_fx_design_prinicples_series-zip,1211-010_FX_Design_Prinicples_Series.zip,Hand-Drawn 2D FX_ Level 1/FX Design Principles - Explained/1211-010_FX_Design_Prinicples_Series.zip,ALREADY_EXISTS_ZIP,4325566
video,Intention,https://embed-ssl.wistia.com/deliveries/feaff53e937cd13c64f10b9b7c993520cfebaa5b.bin,Intention.mp4,Hand-Drawn 2D FX_ Level 1/FX Design Principles - Explained/Intention.mp4,ALREADY_EXISTS_MP4,43591120
resource,Intention,https://www.vfxapprentice.com/courses/downloads/2151821113/1211-010_fx_design_prinicples_series-zip,1211-010_FX_Design_Prinicples_Series.zip,Hand-Drawn 2D FX_ Level 1/FX Design Principles - Explained/1211-010_FX_Design_Prinicples_Series.zip,ALREADY_EXISTS_ZIP,4325566
video,Composition (Staging),https://embed-ssl.wistia.com/deliveries/2c48ac543f50b112971eb93d22238f43a5f4def7.bin,Composition (Staging).mp4,Hand-Drawn 2D FX_ Level 1/FX Design Principles - Explained/Composition (Staging).mp4,ALREADY_EXISTS_MP4,24417928
resource,Composition (Staging),https://www.vfxapprentice.com/courses/downloads/2151821128/1211-010_fx_design_prinicples_series-zip,1211-010_FX_Design_Prinicples_Series.zip,Hand-Drawn 2D FX_ Level 1/FX Design Principles - Explained/1211-010_FX_Design_Prinicples_Series.zip,ALREADY_EXISTS_ZIP,4325566
video,Solid Drawing,https://embed-ssl.wistia.com/deliveries/b9248555ff8de4fc8b495f1608e68a4c360071ad.bin,Solid Drawing.mp4,Hand-Drawn 2D FX_ Level 1/FX Design Principles - Explained/Solid Drawing.mp4,ALREADY_EXISTS_MP4,29268735
resource,Solid Drawing,https://www.vfxapprentice.com/courses/downloads/2151821129/1211-010_fx_design_prinicples_series-zip,1211-010_FX_Design_Prinicples_Series.zip,Hand-Drawn 2D FX_ Level 1/FX Design Principles - Explained/1211-010_FX_Design_Prinicples_Series.zip,ALREADY_EXISTS_ZIP,4325566
video,Number of Frames,https://embed-ssl.wistia.com/deliveries/7d663b36f013c1faacfe7903558c13141518416e.bin,Number of Frames.mp4,Hand-Drawn 2D FX_ Level 1/FX Timing Principles - Explained/Number of Frames.mp4,ALREADY_EXISTS_MP4,42688571
resource,Number of Frames,https://www.vfxapprentice.com/courses/downloads/2151821144/1212-010_fx_timing_prinicples_series-zip,1212-010_FX_Timing_Prinicples_Series.zip,Hand-Drawn 2D FX_ Level 1/FX Timing Principles - Explained/1212-010_FX_Timing_Prinicples_Series.zip,ALREADY_EXISTS_ZIP,10590533
video,Ease In & Ease Out,https://embed-ssl.wistia.com/deliveries/f70d97c69d5a175517b1026386ab76d6c984b7be.bin,Ease In & Ease Out.mp4,Hand-Drawn 2D FX_ Level 1/FX Timing Principles - Explained/Ease In & Ease Out.mp4,ALREADY_EXISTS_MP4,20346987
resource,Ease In & Ease Out,https://www.vfxapprentice.com/courses/downloads/2151821156/1212-010_fx_timing_prinicples_series-zip,1212-010_FX_Timing_Prinicples_Series.zip,Hand-Drawn 2D FX_ Level 1/FX Timing Principles - Explained/1212-010_FX_Timing_Prinicples_Series.zip,ALREADY_EXISTS_ZIP,10590533
video,Anticipation,https://embed-ssl.wistia.com/deliveries/16468ee32d74663524e682e8ae58685aae1d191b.bin,Anticipation.mp4,Hand-Drawn 2D FX_ Level 1/FX Timing Principles - Explained/Anticipation.mp4,ALREADY_EXISTS_MP4,15641128
resource,Anticipation,https://www.vfxapprentice.com/courses/downloads/2151821165/1212-010_fx_timing_prinicples_series-zip,1212-010_FX_Timing_Prinicples_Series.zip,Hand-Drawn 2D FX_ Level 1/FX Timing Principles - Explained/1212-010_FX_Timing_Prinicples_Series.zip,ALREADY_EXISTS_ZIP,10590533
video,Straight-Ahead & Key Framing,https://embed-ssl.wistia.com/deliveries/b7e758d55b56f985b6e050cd99b91f663fc6cfb5.bin,Straight-Ahead & Key Framing.mp4,Hand-Drawn 2D FX_ Level 1/FX Timing Principles - Explained/Straight-Ahead & Key Framing.mp4,ALREADY_EXISTS_MP4,32940815
resource,Straight-Ahead & Key Framing,https://www.vfxapprentice.com/courses/downloads/2151821146/1212-010_fx_timing_prinicples_series-zip,1212-010_FX_Timing_Prinicples_Series.zip,Hand-Drawn 2D FX_ Level 1/FX Timing Principles - Explained/1212-010_FX_Timing_Prinicples_Series.zip,ALREADY_EXISTS_ZIP,10590533
video,Impulse & Rhythm,https://embed-ssl.wistia.com/deliveries/ce299c9445a18f8327fd08666b12f0dda9d14c1d.bin,Impulse & Rhythm.mp4,Hand-Drawn 2D FX_ Level 1/FX Timing Principles - Explained/Impulse & Rhythm.mp4,ALREADY_EXISTS_MP4,19430898
resource,Impulse & Rhythm,https://www.vfxapprentice.com/courses/downloads/2151821169/1212-010_fx_timing_prinicples_series-zip,1212-010_FX_Timing_Prinicples_Series.zip,Hand-Drawn 2D FX_ Level 1/FX Timing Principles - Explained/1212-010_FX_Timing_Prinicples_Series.zip,ALREADY_EXISTS_ZIP,10590533
video,Follow-through,https://embed-ssl.wistia.com/deliveries/d86fe596378349a397f39f3475eea0c75473ac7e.bin,Follow-through.mp4,Hand-Drawn 2D FX_ Level 1/FX Timing Principles - Explained/Follow-through.mp4,ALREADY_EXISTS_MP4,26680491
resource,Follow-through,https://www.vfxapprentice.com/courses/downloads/2151821162/1212-010_fx_timing_prinicples_series-zip,1212-010_FX_Timing_Prinicples_Series.zip,Hand-Drawn 2D FX_ Level 1/FX Timing Principles - Explained/1212-010_FX_Timing_Prinicples_Series.zip,ALREADY_EXISTS_ZIP,10590533
video,Arcs,https://embed-ssl.wistia.com/deliveries/2c9b2af737f60b4d9080c1009e6bb5d8f90e478f.bin,Arcs.mp4,Hand-Drawn 2D FX_ Level 1/FX Timing Principles - Explained/Arcs.mp4,ALREADY_EXISTS_MP4,27142291
resource,Arcs,https://www.vfxapprentice.com/courses/downloads/2151821163/1212-010_fx_timing_prinicples_series-zip,1212-010_FX_Timing_Prinicples_Series.zip,Hand-Drawn 2D FX_ Level 1/FX Timing Principles - Explained/1212-010_FX_Timing_Prinicples_Series.zip,ALREADY_EXISTS_ZIP,10590533
video,Drawing with Confidence,https://embed-ssl.wistia.com/deliveries/48863f45717045d00276df91d97db909ed064059.bin,Drawing with Confidence.mp4,Hand-Drawn 2D FX_ Level 1/Drawing Foundations - Design/Drawing with Confidence.mp4,ALREADY_EXISTS_MP4,594860791
resource,Drawing with Confidence,https://www.vfxapprentice.com/courses/downloads/2151611871/1221-010_drawing_practice_assets-zip,1221-010_Drawing_Practice_Assets.zip,Hand-Drawn 2D FX_ Level 1/Drawing Foundations - Design/1221-010_Drawing_Practice_Assets.zip,ALREADY_EXISTS_ZIP,7867153
video,Stretch & Smear,https://embed-ssl.wistia.com/deliveries/9b5e8805f9ea7a785abe5bca93df561b0d521bf5.bin,Stretch & Smear.mp4,Hand-Drawn 2D FX_ Level 1/FX Timing Principles - Explained/Stretch & Smear.mp4,ALREADY_EXISTS_MP4,19122149
resource,Stretch & Smear,https://www.vfxapprentice.com/courses/downloads/2151821164/1212-010_fx_timing_prinicples_series-zip,1212-010_FX_Timing_Prinicples_Series.zip,Hand-Drawn 2D FX_ Level 1/FX Timing Principles - Explained/1212-010_FX_Timing_Prinicples_Series.zip,ALREADY_EXISTS_ZIP,10590533
video,Thinking in 3D,https://embed-ssl.wistia.com/deliveries/d8c359339ab19d90d31b0399ea01d6243893c242.bin,Thinking in 3D.mp4,Hand-Drawn 2D FX_ Level 1/Drawing Foundations - Design/Thinking in 3D.mp4,ALREADY_EXISTS_MP4,342264813
resource,Thinking in 3D,https://www.vfxapprentice.com/courses/downloads/2151611873/1221-010_drawing_practice_assets-zip,1221-010_Drawing_Practice_Assets.zip,Hand-Drawn 2D FX_ Level 1/Drawing Foundations - Design/1221-010_Drawing_Practice_Assets.zip,ALREADY_EXISTS_ZIP,7867153
video,Drawing in Perspective,https://embed-ssl.wistia.com/deliveries/95a97b14cde4bdb9ce63ce3471282bae219d7a0f.bin,Drawing in Perspective.mp4,Hand-Drawn 2D FX_ Level 1/Drawing Foundations - Design/Drawing in Perspective.mp4,ALREADY_EXISTS_MP4,889996793
resource,Drawing in Perspective,https://www.vfxapprentice.com/courses/downloads/2151611875/1221-010_drawing_practice_assets-zip,1221-010_Drawing_Practice_Assets.zip,Hand-Drawn 2D FX_ Level 1/Drawing Foundations - Design/1221-010_Drawing_Practice_Assets.zip,ALREADY_EXISTS_ZIP,7867153
video,Cylinders in Perspective,https://embed-ssl.wistia.com/deliveries/8f515909c6e2d3fdc5d5a26715cc1ce70463bce5.bin,Cylinders in Perspective.mp4,Hand-Drawn 2D FX_ Level 1/Drawing Foundations - Design/Cylinders in Perspective.mp4,ALREADY_EXISTS_MP4,359265114
resource,Cylinders in Perspective,https://www.vfxapprentice.com/courses/downloads/2151611876/1221-010_drawing_practice_assets-zip,1221-010_Drawing_Practice_Assets.zip,Hand-Drawn 2D FX_ Level 1/Drawing Foundations - Design/1221-010_Drawing_Practice_Assets.zip,ALREADY_EXISTS_ZIP,7867153
video,Finding the Right Perspective,https://embed-ssl.wistia.com/deliveries/9534a540d6ea35aa552bcc01310eb00b1b1d6dde.bin,Finding the Right Perspective.mp4,Hand-Drawn 2D FX_ Level 1/Drawing Foundations - Design/Finding the Right Perspective.mp4,ALREADY_EXISTS_MP4,386695701
resource,Finding the Right Perspective,https://www.vfxapprentice.com/courses/downloads/2151611878/1221-010_drawing_practice_assets-zip,1221-010_Drawing_Practice_Assets.zip,Hand-Drawn 2D FX_ Level 1/Drawing Foundations - Design/1221-010_Drawing_Practice_Assets.zip,ALREADY_EXISTS_ZIP,7867153
video,Combining Shapes in Perspective,https://embed-ssl.wistia.com/deliveries/31948d5c37fba98719da14add0aa3c2c63caf1da.bin,Combining Shapes in Perspective.mp4,Hand-Drawn 2D FX_ Level 1/Drawing Foundations - Design/Combining Shapes in Perspective.mp4,ALREADY_EXISTS_MP4,840387417
resource,Combining Shapes in Perspective,https://www.vfxapprentice.com/courses/downloads/2151611880/1221-010_drawing_practice_assets-zip,1221-010_Drawing_Practice_Assets.zip,Hand-Drawn 2D FX_ Level 1/Drawing Foundations - Design/1221-010_Drawing_Practice_Assets.zip,ALREADY_EXISTS_ZIP,7867153
video,Rotating Shapes in Perspective,https://embed-ssl.wistia.com/deliveries/fd5391d89680b4f76125f6a01aa0f25fb0843be8.bin,Rotating Shapes in Perspective.mp4,Hand-Drawn 2D FX_ Level 1/Drawing Foundations - Design/Rotating Shapes in Perspective.mp4,ALREADY_EXISTS_MP4,540216169
resource,Rotating Shapes in Perspective,https://www.vfxapprentice.com/courses/downloads/2151611881/1221-010_drawing_practice_assets-zip,1221-010_Drawing_Practice_Assets.zip,Hand-Drawn 2D FX_ Level 1/Drawing Foundations - Design/1221-010_Drawing_Practice_Assets.zip,ALREADY_EXISTS_ZIP,7867153
video,Using Weighted Lines,https://embed-ssl.wistia.com/deliveries/bd4ffb21e03c1fbdd7086e6bb3922ce97bb352c5.bin,Using Weighted Lines.mp4,Hand-Drawn 2D FX_ Level 1/Drawing Foundations - Design/Using Weighted Lines.mp4,ALREADY_EXISTS_MP4,819484162
resource,Using Weighted Lines,https://www.vfxapprentice.com/courses/downloads/2151611882/1221-010_drawing_practice_assets-zip,1221-010_Drawing_Practice_Assets.zip,Hand-Drawn 2D FX_ Level 1/Drawing Foundations - Design/1221-010_Drawing_Practice_Assets.zip,ALREADY_EXISTS_ZIP,7867153
video,Drawing From References,https://embed-ssl.wistia.com/deliveries/72a706f33dadc6ae24764a95b9ad5d85094cd567.bin,Drawing From References.mp4,Hand-Drawn 2D FX_ Level 1/Drawing Foundations - Design/Drawing From References.mp4,ALREADY_EXISTS_MP4,810877127
resource,Drawing From References,https://www.vfxapprentice.com/courses/downloads/2151611883/1221-010_drawing_practice_assets-zip,1221-010_Drawing_Practice_Assets.zip,Hand-Drawn 2D FX_ Level 1/Drawing Foundations - Design/1221-010_Drawing_Practice_Assets.zip,ALREADY_EXISTS_ZIP,7867153
video,Design Commentary,https://embed-ssl.wistia.com/deliveries/fd37d74ab3b75941ad07313b79dcea25f4f48f45.bin,Design Commentary.mp4,Hand-Drawn 2D FX_ Level 1/Elemental Foundations - Explained/Design Commentary.mp4,ALREADY_EXISTS_MP4,149814963
resource,Design Commentary,https://www.vfxapprentice.com/courses/downloads/2151612248/1240-010_elemental_foundation_assets-zip,1240-010_Elemental_Foundation_Assets.zip,Hand-Drawn 2D FX_ Level 1/Elemental Foundations - Explained/1240-010_Elemental_Foundation_Assets.zip,ALREADY_EXISTS_ZIP,16447499
video,The Wave Principle,https://embed-ssl.wistia.com/deliveries/61280f820401133ab93810d8987523389fbc26a3.bin,The Wave Principle.mp4,Hand-Drawn 2D FX_ Level 1/Elemental Foundations - Explained/The Wave Principle.mp4,ALREADY_EXISTS_MP4,98842960
resource,The Wave Principle,https://www.vfxapprentice.com/courses/downloads/2151612250/1240-010_elemental_foundation_assets-zip,1240-010_Elemental_Foundation_Assets.zip,Hand-Drawn 2D FX_ Level 1/Elemental Foundations - Explained/1240-010_Elemental_Foundation_Assets.zip,ALREADY_EXISTS_ZIP,16447499
video,Creation & Dissipation,https://embed-ssl.wistia.com/deliveries/5a0df15d2215b9c92c7119800db0f42cd30a5ab5.bin,Creation & Dissipation.mp4,Hand-Drawn 2D FX_ Level 1/Elemental Foundations - Explained/Creation & Dissipation.mp4,ALREADY_EXISTS_MP4,105293714
resource,Creation & Dissipation,https://www.vfxapprentice.com/courses/downloads/2151612251/1240-010_elemental_foundation_assets-zip,1240-010_Elemental_Foundation_Assets.zip,Hand-Drawn 2D FX_ Level 1/Elemental Foundations - Explained/1240-010_Elemental_Foundation_Assets.zip,ALREADY_EXISTS_ZIP,16447499
video,Cycles,https://embed-ssl.wistia.com/deliveries/3aa7b56ad3b5bf7b03ff689896a68fd5ea4b0a9e.bin,Cycles.mp4,Hand-Drawn 2D FX_ Level 1/Elemental Foundations - Explained/Cycles.mp4,ALREADY_EXISTS_MP4,71574034
resource,Cycles,https://www.vfxapprentice.com/courses/downloads/2151612252/1240-010_elemental_foundation_assets-zip,1240-010_Elemental_Foundation_Assets.zip,Hand-Drawn 2D FX_ Level 1/Elemental Foundations - Explained/1240-010_Elemental_Foundation_Assets.zip,ALREADY_EXISTS_ZIP,16447499
video,Fire,https://embed-ssl.wistia.com/deliveries/057c739af37d6f3d5b51069318619abf879438ab.bin,Fire.mp4,Hand-Drawn 2D FX_ Level 1/Elemental Foundations - Explained/Fire.mp4,ALREADY_EXISTS_MP4,144952444
resource,Fire,https://www.vfxapprentice.com/courses/downloads/2151612253/1240-010_elemental_foundation_assets-zip,1240-010_Elemental_Foundation_Assets.zip,Hand-Drawn 2D FX_ Level 1/Elemental Foundations - Explained/1240-010_Elemental_Foundation_Assets.zip,ALREADY_EXISTS_ZIP,16447499
video,Water,https://embed-ssl.wistia.com/deliveries/7286256bfa1a08e8f385d7d0ad5217ebba7c0dc0.bin,Water.mp4,Hand-Drawn 2D FX_ Level 1/Elemental Foundations - Explained/Water.mp4,ALREADY_EXISTS_MP4,99837598
resource,Water,https://www.vfxapprentice.com/courses/downloads/2151612254/1240-010_elemental_foundation_assets-zip,1240-010_Elemental_Foundation_Assets.zip,Hand-Drawn 2D FX_ Level 1/Elemental Foundations - Explained/1240-010_Elemental_Foundation_Assets.zip,ALREADY_EXISTS_ZIP,16447499
video,Smoke & Dust,https://embed-ssl.wistia.com/deliveries/098fb297444e1bb5237f4777d61552f6fedc30ce.bin,Smoke & Dust.mp4,Hand-Drawn 2D FX_ Level 1/Elemental Foundations - Explained/Smoke & Dust.mp4,ALREADY_EXISTS_MP4,116260158
resource,Smoke & Dust,https://www.vfxapprentice.com/courses/downloads/2151612255/1240-010_elemental_foundation_assets-zip,1240-010_Elemental_Foundation_Assets.zip,Hand-Drawn 2D FX_ Level 1/Elemental Foundations - Explained/1240-010_Elemental_Foundation_Assets.zip,ALREADY_EXISTS_ZIP,16447499
video,Color Foundations Lecture,https://embed-ssl.wistia.com/deliveries/2ea17d8b77740eebcb25dfdfe7cef716c6245cb0.bin,Color Foundations Lecture.mp4,Hand-Drawn 2D FX_ Level 1/Intro to FX Concept Painting - Design/Color Foundations Lecture.mp4,ALREADY_EXISTS_MP4,118999551
video,Lightning & Flash Frames,https://embed-ssl.wistia.com/deliveries/31d01c82a0c8350fd0bbc99199dfab806402f969.bin,Lightning & Flash Frames.mp4,Hand-Drawn 2D FX_ Level 1/Elemental Foundations - Explained/Lightning & Flash Frames.mp4,ALREADY_EXISTS_MP4,66077574
resource,Lightning & Flash Frames,https://www.vfxapprentice.com/courses/downloads/2151612257/1240-010_elemental_foundation_assets-zip,1240-010_Elemental_Foundation_Assets.zip,Hand-Drawn 2D FX_ Level 1/Elemental Foundations - Explained/1240-010_Elemental_Foundation_Assets.zip,ALREADY_EXISTS_ZIP,16447499
video,Debris,https://embed-ssl.wistia.com/deliveries/4ea48034fa5b380722d388cf4aa2868ef1ddf7d1.bin,Debris.mp4,Hand-Drawn 2D FX_ Level 1/Elemental Foundations - Explained/Debris.mp4,ALREADY_EXISTS_MP4,94943934
resource,Debris,https://www.vfxapprentice.com/courses/downloads/2151612256/1240-010_elemental_foundation_assets-zip,1240-010_Elemental_Foundation_Assets.zip,Hand-Drawn 2D FX_ Level 1/Elemental Foundations - Explained/1240-010_Elemental_Foundation_Assets.zip,ALREADY_EXISTS_ZIP,16447499
video,Anthea Zammit - Paintover,https://embed-ssl.wistia.com/deliveries/73586ffff63ea631ad5daa4219e2a574bab49948.bin,Anthea Zammit - Paintover.mp4,Hand-Drawn 2D FX_ Level 2/Paintover Series - Explained/Anthea Zammit - Paintover.mp4,ALREADY_EXISTS_MP4,57058985
video,Luke Kimball - Paintover,https://embed-ssl.wistia.com/deliveries/7260105be9c447e24ebcdfa55594909a7b5089b1.bin,Luke Kimball - Paintover.mp4,Hand-Drawn 2D FX_ Level 2/Paintover Series - Explained/Luke Kimball - Paintover.mp4,ALREADY_EXISTS_MP4,113930066
video,Sandra Femenía  - Paintover,https://embed-ssl.wistia.com/deliveries/fc5116b805c6a0180c8b5e64c118616a9d44131d.bin,Sandra Femenía  - Paintover.mp4,Hand-Drawn 2D FX_ Level 2/Paintover Series - Explained/Sandra Femenía  - Paintover.mp4,ALREADY_EXISTS_MP4,158284394
video,"Lee ""Zeph"" Parks - Paintover",https://embed-ssl.wistia.com/deliveries/47e2435b3b319bb5218fab4274a122f9604a99e5.bin,Lee _Zeph_ Parks - Paintover.mp4,Hand-Drawn 2D FX_ Level 2/Paintover Series - Explained/Lee _Zeph_ Parks - Paintover.mp4,ALREADY_EXISTS_MP4,98478115
video,Ethan Wesley Maddix - Paintover,https://embed-ssl.wistia.com/deliveries/c24c490c2b2f5a54352ec39be2deadeb4601bc16.bin,Ethan Wesley Maddix - Paintover.mp4,Hand-Drawn 2D FX_ Level 2/Paintover Series - Explained/Ethan Wesley Maddix - Paintover.mp4,ALREADY_EXISTS_MP4,112208389
video,TV Show: Low Fire,https://embed-ssl.wistia.com/deliveries/e0bac04f2ab860039f464d2af87a94aee0898608.bin,TV Show_ Low Fire.mp4,Hand-Drawn 2D FX_ Level 2/2D FX Meme Lab - Production Styles/TV Show_ Low Fire.mp4,ALREADY_EXISTS_MP4,79238723
video,TV Show: Head Fire,https://embed-ssl.wistia.com/deliveries/dfd762ec085294965800055245953d97d7d255c6.bin,TV Show_ Head Fire.mp4,Hand-Drawn 2D FX_ Level 2/2D FX Meme Lab - Production Styles/TV Show_ Head Fire.mp4,ALREADY_EXISTS_MP4,73300976
video,TV Show: Explosion,https://embed-ssl.wistia.com/deliveries/a965467e04a0b34f228302754414aca2c7949073.bin,TV Show_ Explosion.mp4,Hand-Drawn 2D FX_ Level 2/2D FX Meme Lab - Production Styles/TV Show_ Explosion.mp4,ALREADY_EXISTS_MP4,86971244
video,High-Budget Fire,https://embed-ssl.wistia.com/deliveries/237aec3c01c6ea586c98c2ebc415893a56b24ab6.bin,High-Budget Fire.mp4,Hand-Drawn 2D FX_ Level 2/2D FX Meme Lab - Production Styles/High-Budget Fire.mp4,ALREADY_EXISTS_MP4,114301931
video,Intro,https://embed-ssl.wistia.com/deliveries/0bfc1d95ff86106e86c0e893ae07c7308982a1c8.bin,Intro.mp4,Hand-Drawn 2D FX_ Level 2/2D FX Meme Lab - Production Styles/Intro.mp4,ALREADY_EXISTS_MP4,65137903
resource,Intro,https://www.vfxapprentice.com/courses/downloads/2154130355/fx_gif_harmony-project-zip,FX_gif_Harmony-project.zip,Hand-Drawn 2D FX_ Level 2/2D FX Meme Lab - Production Styles/FX_gif_Harmony-project.zip,ALREADY_EXISTS_ZIP,419812191
video,Budget Shot,https://embed-ssl.wistia.com/deliveries/8917d5e65d2e269af9eb49518f8ec57166097ec2.bin,Budget Shot.mp4,Hand-Drawn 2D FX_ Level 2/2D FX Meme Lab - Production Styles/Budget Shot.mp4,ALREADY_EXISTS_MP4,104154890
resource,Budget Shot,https://www.vfxapprentice.com/courses/downloads/2154130362/fx_gif_harmony-project-zip,FX_gif_Harmony-project.zip,Hand-Drawn 2D FX_ Level 2/2D FX Meme Lab - Production Styles/FX_gif_Harmony-project.zip,ALREADY_EXISTS_ZIP,419812191
video,Polish and Closure,https://embed-ssl.wistia.com/deliveries/5d90c4ef84e769c5fd6c4eb96a9d4f90820ea54f.bin,Polish and Closure.mp4,Hand-Drawn 2D FX_ Level 2/2D FX Meme Lab - Production Styles/Polish and Closure.mp4,ALREADY_EXISTS_MP4,39477612
video,Summary,https://embed-ssl.wistia.com/deliveries/5ed051be041a4ca688c7c94a2f5c318c0dd5843c.bin,Summary.mp4,Hand-Drawn 2D FX_ Level 2/2D FX Meme Lab - Production Styles/Summary.mp4,ALREADY_EXISTS_MP4,28939958
video,Intro to Unity: Fire,https://embed-ssl.wistia.com/deliveries/79d15b9cc680f7eb4fbc77d04a5c826dceb9a532.bin,Intro to Unity_ Fire.mp4,Hand-Crafted 3D VFX_ Level 1/Block-in VFX - Unity/Intro to Unity_ Fire.mp4,ALREADY_EXISTS_MP4,327507828
video,Hit Impact,https://embed-ssl.wistia.com/deliveries/86dcef9c9b564138e418226f53894833a43435c4.bin,Hit Impact.mp4,Hand-Crafted 3D VFX_ Level 1/Block-in VFX - Unity/Hit Impact.mp4,ALREADY_EXISTS_MP4,132558067
video,Healing Loop,https://embed-ssl.wistia.com/deliveries/4e37f021e31b7ec015b4f7bab7c57f6e2f6bdf1c.bin,Healing Loop.mp4,Hand-Crafted 3D VFX_ Level 1/Block-in VFX - Unity/Healing Loop.mp4,ALREADY_EXISTS_MP4,265336673
video,Explosion,https://embed-ssl.wistia.com/deliveries/c6b02e3011dbe2b694685c7153c2dc4a443514c6.bin,Explosion.mp4,Hand-Crafted 3D VFX_ Level 1/Block-in VFX - Unity/Explosion.mp4,ALREADY_EXISTS_MP4,426031788
video,Missile,https://embed-ssl.wistia.com/deliveries/2f2d9f95a4a266e63e4db4f56f33aeb0d1778c0b.bin,Missile.mp4,Hand-Crafted 3D VFX_ Level 1/Block-in VFX - Unity/Missile.mp4,ALREADY_EXISTS_MP4,305534887
resource,Project Download,https://www.vfxapprentice.com/courses/downloads/2156276815/vfxa_foundations_es_ue5-zip,VFXA_Foundations_UE5.zip,Hand-Crafted 3D VFX_ Level 1/Project - Download/VFXA_Foundations_ES_UE5.zip,ALREADY_EXISTS_ZIP,67197300
resource,Project Download,https://www.vfxapprentice.com/courses/downloads/2156139679/vfxa_foundations_unity-zip,VFXA_Foundations_Unity.zip,Hand-Crafted 3D VFX_ Level 1/Project - Download/VFXA_Foundations_Unity.zip,ALREADY_EXISTS_ZIP,35463197
video,Missile - Timeline Setup,https://embed-ssl.wistia.com/deliveries/046b52712c686b7c77498319aea281f48934a5d9.bin,Missile - Timeline Setup.mp4,Hand-Crafted 3D VFX_ Level 1/Block-in VFX - Unity/Missile - Timeline Setup.mp4,ALREADY_EXISTS_MP4,122934396
video,Intro to Niagara: Fire,https://embed-ssl.wistia.com/deliveries/42391f722c5c1302aaf3ea718f2e231cea4925fa.bin,Intro to Niagara_ Fire.mp4,Hand-Crafted 3D VFX_ Level 1/Niagara Block-in VFX - Unreal 5/Intro to Niagara_ Fire.mp4,ALREADY_EXISTS_MP4,437430691
video,Item Aura & Visual Hierarchy,https://embed-ssl.wistia.com/deliveries/d4e55e566a830d0f05053fae26ece32732d59b08.bin,Item Aura & Visual Hierarchy.mp4,Hand-Crafted 3D VFX_ Level 1/Niagara Block-in VFX - Unreal 5/Item Aura & Visual Hierarchy.mp4,ALREADY_EXISTS_MP4,286626817
video,Tech & Tools,https://embed-ssl.wistia.com/deliveries/10d572876524384095b74c813eac9d80be9804c2.bin,Tech & Tools.mp4,Hand-Crafted 3D VFX_ Level 1/Niagara Block-in VFX - Unreal 5/Tech & Tools.mp4,ALREADY_EXISTS_MP4,140679850
video,Damage Impact - Timing & Punch,https://embed-ssl.wistia.com/deliveries/b21c53a947f6ca004a7c3a37b61d8b3c317be06f.bin,Damage Impact - Timing & Punch.mp4,Hand-Crafted 3D VFX_ Level 1/Niagara Block-in VFX - Unreal 5/Damage Impact - Timing & Punch.mp4,ALREADY_EXISTS_MP4,166352240
video,Block-in Overview,https://embed-ssl.wistia.com/deliveries/746302e55be8a62d99af4538a003d620e47fbf07.bin,Block-in Overview.mp4,Hand-Crafted 3D VFX_ Level 1/Niagara Block-in VFX - Unreal 5/Block-in Overview.mp4,ALREADY_EXISTS_MP4,70365040
video,Heal Impacts - Arcs & Ease In/Out,https://embed-ssl.wistia.com/deliveries/1202beb16885dcc4c87a75873a5e6e2875d2bf8f.bin,Heal Impacts - Arcs & Ease In_Out.mp4,Hand-Crafted 3D VFX_ Level 1/Niagara Block-in VFX - Unreal 5/Heal Impacts - Arcs & Ease In_Out.mp4,ALREADY_EXISTS_MP4,452093132
video,Missile Wind-up & Impact,https://embed-ssl.wistia.com/deliveries/07b897e40f5a9905cc3cdaabeba93d4e03bfa05f.bin,Missile Wind-up & Impact.mp4,Hand-Crafted 3D VFX_ Level 1/Niagara Block-in VFX - Unreal 5/Missile Wind-up & Impact.mp4,ALREADY_EXISTS_MP4,351294303
video,"Explosion AoE - Anticipation, Impulse, & Rhythm",https://embed-ssl.wistia.com/deliveries/e43daac5dc2c93ca73608d21d37b817de78acfa2.bin,"Explosion AoE - Anticipation, Impulse, & Rhythm.mp4","Hand-Crafted 3D VFX_ Level 1/Niagara Block-in VFX - Unreal 5/Explosion AoE - Anticipation, Impulse, & Rhythm.mp4",ALREADY_EXISTS_MP4,545735201
video,Sequencer Addendum - Projectile Setup for Games,https://embed-ssl.wistia.com/deliveries/643fbded253c6f687c6a740368fcbad77b02a001.bin,Sequencer Addendum - Projectile Setup for Games.mp4,Hand-Crafted 3D VFX_ Level 1/Niagara Block-in VFX - Unreal 5/Sequencer Addendum - Projectile Setup for Games.mp4,ALREADY_EXISTS_MP4,112409266
video,Intro & RGB Color Wheel,https://embed-ssl.wistia.com/deliveries/dd6032b16a09417b104f2864367bca97c0bdf1e8.bin,Intro & RGB Color Wheel.mp4,Hand-Crafted 3D VFX_ Level 1/Color Theory for VFX/Intro & RGB Color Wheel.mp4,ALREADY_EXISTS_MP4,22120423
video,Saturation & Hue,https://embed-ssl.wistia.com/deliveries/68c7e407feecea3ff47649a5936c8b136825d959.bin,Saturation & Hue.mp4,Hand-Crafted 3D VFX_ Level 1/Color Theory for VFX/Saturation & Hue.mp4,ALREADY_EXISTS_MP4,58729455
video,Color Value,https://embed-ssl.wistia.com/deliveries/d47bd658e5f5d4685b9bef8be105d6b10da1514e.bin,Color Value.mp4,Hand-Crafted 3D VFX_ Level 1/Color Theory for VFX/Color Value.mp4,ALREADY_EXISTS_MP4,118034755
video,Addition,https://embed-ssl.wistia.com/deliveries/3b5ea2ff75e27f9e9b0a6db9cd12dc9a8c46ab87.bin,Addition.mp4,Hand-Crafted 3D VFX_ Level 1/Color Theory for VFX/Addition.mp4,ALREADY_EXISTS_MP4,166633661
video,Temperature & Palettes,https://embed-ssl.wistia.com/deliveries/8441d338c9085034dbc3d38e63411c392601c910.bin,Temperature & Palettes.mp4,Hand-Crafted 3D VFX_ Level 1/Color Theory for VFX/Temperature & Palettes.mp4,ALREADY_EXISTS_MP4,92006897
video,Restraint & Readability,https://embed-ssl.wistia.com/deliveries/44074c12a5041b123d02f800c2930f59bdb9eb06.bin,Restraint & Readability.mp4,Hand-Crafted 3D VFX_ Level 1/Color Theory for VFX/Restraint & Readability.mp4,ALREADY_EXISTS_MP4,264354093
video,Intro to Krita,https://embed-ssl.wistia.com/deliveries/25dbc3df9b32394872e22992eff5581a36bf0f5f.bin,Intro to Krita.mp4,Hand-Crafted 3D VFX_ Level 1/Intro to Hand-Painted Textures - Krita/Intro to Krita.mp4,ALREADY_EXISTS_MP4,69766451
resource,Intro to Krita,https://www.vfxapprentice.com/courses/downloads/2151611805/1331-010_krita_texture_painting_assets-zip,1331-010_Krita_Texture_Painting_Assets.zip,Hand-Crafted 3D VFX_ Level 1/Intro to Hand-Painted Textures - Krita/1331-010_Krita_Texture_Painting_Assets.zip,ALREADY_EXISTS_ZIP,31508556
video,Impact Flair,https://embed-ssl.wistia.com/deliveries/6701ce2febad692790bdd30d2f5a077fe2871e65.bin,Impact Flair.mp4,Hand-Crafted 3D VFX_ Level 1/Intro to Hand-Painted Textures - Krita/Impact Flair.mp4,ALREADY_EXISTS_MP4,84146564
resource,Impact Flair,https://www.vfxapprentice.com/courses/downloads/2151611806/1331-010_krita_texture_painting_assets-zip,1331-010_Krita_Texture_Painting_Assets.zip,Hand-Crafted 3D VFX_ Level 1/Intro to Hand-Painted Textures - Krita/1331-010_Krita_Texture_Painting_Assets.zip,ALREADY_EXISTS_ZIP,31508556
video,Ring,https://embed-ssl.wistia.com/deliveries/dbcb472e5dadc7fc145668c94897e4203b34f17e.bin,Ring.mp4,Hand-Crafted 3D VFX_ Level 1/Intro to Hand-Painted Textures - Krita/Ring.mp4,ALREADY_EXISTS_MP4,110980042
resource,Ring,https://www.vfxapprentice.com/courses/downloads/2151611808/1331-010_krita_texture_painting_assets-zip,1331-010_Krita_Texture_Painting_Assets.zip,Hand-Crafted 3D VFX_ Level 1/Intro to Hand-Painted Textures - Krita/1331-010_Krita_Texture_Painting_Assets.zip,ALREADY_EXISTS_ZIP,31508556
video,Embers Sprite Sheet,https://embed-ssl.wistia.com/deliveries/17640e6df9e821b02b117c2fb26b7fd132c125d5.bin,Embers Sprite Sheet.mp4,Hand-Crafted 3D VFX_ Level 1/Intro to Hand-Painted Textures - Krita/Embers Sprite Sheet.mp4,ALREADY_EXISTS_MP4,121209637
resource,Embers Sprite Sheet,https://www.vfxapprentice.com/courses/downloads/2151611810/1331-010_krita_texture_painting_assets-zip,1331-010_Krita_Texture_Painting_Assets.zip,Hand-Crafted 3D VFX_ Level 1/Intro to Hand-Painted Textures - Krita/1331-010_Krita_Texture_Painting_Assets.zip,ALREADY_EXISTS_ZIP,31508556
video,Zap Sprite Sheet,https://embed-ssl.wistia.com/deliveries/021df8fd057d644368c7ef573820cbc82669ba42.bin,Zap Sprite Sheet.mp4,Hand-Crafted 3D VFX_ Level 1/Intro to Hand-Painted Textures - Krita/Zap Sprite Sheet.mp4,ALREADY_EXISTS_MP4,81967035
resource,Zap Sprite Sheet,https://www.vfxapprentice.com/courses/downloads/2151611811/1331-010_krita_texture_painting_assets-zip,1331-010_Krita_Texture_Painting_Assets.zip,Hand-Crafted 3D VFX_ Level 1/Intro to Hand-Painted Textures - Krita/1331-010_Krita_Texture_Painting_Assets.zip,ALREADY_EXISTS_ZIP,31508556
video,Wisp Sprite Sheet,https://embed-ssl.wistia.com/deliveries/76a4ef091c77a541c938638ba1a2492b4e6977fb.bin,Wisp Sprite Sheet.mp4,Hand-Crafted 3D VFX_ Level 1/Intro to Hand-Painted Textures - Krita/Wisp Sprite Sheet.mp4,ALREADY_EXISTS_MP4,147513384
resource,Wisp Sprite Sheet,https://www.vfxapprentice.com/courses/downloads/2151611813/1331-010_krita_texture_painting_assets-zip,1331-010_Krita_Texture_Painting_Assets.zip,Hand-Crafted 3D VFX_ Level 1/Intro to Hand-Painted Textures - Krita/1331-010_Krita_Texture_Painting_Assets.zip,ALREADY_EXISTS_ZIP,31508556
video,Liquid Splatter,https://embed-ssl.wistia.com/deliveries/626db9dc6f36959d492a53c669d382dfb9a5a91a.bin,Liquid Splatter.mp4,Hand-Crafted 3D VFX_ Level 1/Intro to Hand-Painted Textures - Krita/Liquid Splatter.mp4,ALREADY_EXISTS_MP4,129871395
resource,Liquid Splatter,https://www.vfxapprentice.com/courses/downloads/2151611814/1331-010_krita_texture_painting_assets-zip,1331-010_Krita_Texture_Painting_Assets.zip,Hand-Crafted 3D VFX_ Level 1/Intro to Hand-Painted Textures - Krita/1331-010_Krita_Texture_Painting_Assets.zip,ALREADY_EXISTS_ZIP,31508556
video,Tiling Noise,https://embed-ssl.wistia.com/deliveries/17762d49eaba6d3656dd968ff1b0b43301ee6f36.bin,Tiling Noise.mp4,Hand-Crafted 3D VFX_ Level 1/Intro to Hand-Painted Textures - Krita/Tiling Noise.mp4,ALREADY_EXISTS_MP4,211181016
resource,Tiling Noise,https://www.vfxapprentice.com/courses/downloads/2151611817/1331-010_krita_texture_painting_assets-zip,1331-010_Krita_Texture_Painting_Assets.zip,Hand-Crafted 3D VFX_ Level 1/Intro to Hand-Painted Textures - Krita/1331-010_Krita_Texture_Painting_Assets.zip,ALREADY_EXISTS_ZIP,31508556
video,Tiling Trail,https://embed-ssl.wistia.com/deliveries/6e4ba3f3f35c6803a7a915fe6aca529103ac9b26.bin,Tiling Trail.mp4,Hand-Crafted 3D VFX_ Level 1/Intro to Hand-Painted Textures - Krita/Tiling Trail.mp4,ALREADY_EXISTS_MP4,133143785
resource,Tiling Trail,https://www.vfxapprentice.com/courses/downloads/2151611816/1331-010_krita_texture_painting_assets-zip,1331-010_Krita_Texture_Painting_Assets.zip,Hand-Crafted 3D VFX_ Level 1/Intro to Hand-Painted Textures - Krita/1331-010_Krita_Texture_Painting_Assets.zip,ALREADY_EXISTS_ZIP,31508556
video,Intro to Procedural Thinking,https://embed-ssl.wistia.com/deliveries/d4e2aad0cb64f2833b4caeb974b549b91bc43978.bin,Intro to Procedural Thinking.mp4,Hand-Crafted 3D VFX_ Level 1/Intro to Procedural Textures - Substance Designer/Intro to Procedural Thinking.mp4,ALREADY_EXISTS_MP4,40199159
resource,Intro to Procedural Thinking,https://www.vfxapprentice.com/courses/downloads/2155773431/source_assets-substance_designer-zip,Source_Assets-Substance_Designer.zip,Hand-Crafted 3D VFX_ Level 1/Intro to Procedural Textures - Substance Designer/Source_Assets-Substance_Designer.zip,ALREADY_EXISTS_ZIP,51674
video,Intro to Substance Designer - Fuzzball,https://embed-ssl.wistia.com/deliveries/d48dca516c6ec7b556ac43704217edcd5c8f8ed3.bin,Intro to Substance Designer - Fuzzball.mp4,Hand-Crafted 3D VFX_ Level 1/Intro to Procedural Textures - Substance Designer/Intro to Substance Designer - Fuzzball.mp4,ALREADY_EXISTS_MP4,61914406
resource,Intro to Substance Designer - Fuzzball,https://www.vfxapprentice.com/courses/downloads/2155773430/source_assets-substance_designer-zip,Source_Assets-Substance_Designer.zip,Hand-Crafted 3D VFX_ Level 1/Intro to Procedural Textures - Substance Designer/Source_Assets-Substance_Designer.zip,ALREADY_EXISTS_ZIP,51674
video,Lens Flare,https://embed-ssl.wistia.com/deliveries/294116605d4c33df031586cf88cc57581c5a39bb.bin,Lens Flare.mp4,Hand-Crafted 3D VFX_ Level 1/Intro to Procedural Textures - Substance Designer/Lens Flare.mp4,ALREADY_EXISTS_MP4,77796204
resource,Lens Flare,https://www.vfxapprentice.com/courses/downloads/2155773429/source_assets-substance_designer-zip,Source_Assets-Substance_Designer.zip,Hand-Crafted 3D VFX_ Level 1/Intro to Procedural Textures - Substance Designer/Source_Assets-Substance_Designer.zip,ALREADY_EXISTS_ZIP,51674
video,Ringburst,https://embed-ssl.wistia.com/deliveries/c6efd40ba18dd2ba54e0300ed68a469f31fdcb75.bin,Ringburst.mp4,Hand-Crafted 3D VFX_ Level 1/Intro to Procedural Textures - Substance Designer/Ringburst.mp4,ALREADY_EXISTS_MP4,73492438
resource,Ringburst,https://www.vfxapprentice.com/courses/downloads/2155773428/source_assets-substance_designer-zip,Source_Assets-Substance_Designer.zip,Hand-Crafted 3D VFX_ Level 1/Intro to Procedural Textures - Substance Designer/Source_Assets-Substance_Designer.zip,ALREADY_EXISTS_ZIP,51674
video,Embers - Spritesheet,https://embed-ssl.wistia.com/deliveries/72b31140511d3977416965c21a1cff85825a6316.bin,Embers - Spritesheet.mp4,Hand-Crafted 3D VFX_ Level 1/Intro to Procedural Textures - Substance Designer/Embers - Spritesheet.mp4,ALREADY_EXISTS_MP4,98706016
resource,Embers - Spritesheet,https://www.vfxapprentice.com/courses/downloads/2155773427/source_assets-substance_designer-zip,Source_Assets-Substance_Designer.zip,Hand-Crafted 3D VFX_ Level 1/Intro to Procedural Textures - Substance Designer/Source_Assets-Substance_Designer.zip,ALREADY_EXISTS_ZIP,51674
video,Lightning - Spritesheet,https://embed-ssl.wistia.com/deliveries/c5d38a0a242a684624659c33c09bcd32b1bd6f53.bin,Lightning - Spritesheet.mp4,Hand-Crafted 3D VFX_ Level 1/Intro to Procedural Textures - Substance Designer/Lightning - Spritesheet.mp4,ALREADY_EXISTS_MP4,80150624
resource,Lightning - Spritesheet,https://www.vfxapprentice.com/courses/downloads/2155773426/source_assets-substance_designer-zip,Source_Assets-Substance_Designer.zip,Hand-Crafted 3D VFX_ Level 1/Intro to Procedural Textures - Substance Designer/Source_Assets-Substance_Designer.zip,ALREADY_EXISTS_ZIP,51674
video,Wisps - Spritesheet,https://embed-ssl.wistia.com/deliveries/a5abe1eb5bd28b7480757d9c0abd0fb2d3b4cd0b.bin,Wisps - Spritesheet.mp4,Hand-Crafted 3D VFX_ Level 1/Intro to Procedural Textures - Substance Designer/Wisps - Spritesheet.mp4,ALREADY_EXISTS_MP4,61694199
resource,Wisps - Spritesheet,https://www.vfxapprentice.com/courses/downloads/2155773425/source_assets-substance_designer-zip,Source_Assets-Substance_Designer.zip,Hand-Crafted 3D VFX_ Level 1/Intro to Procedural Textures - Substance Designer/Source_Assets-Substance_Designer.zip,ALREADY_EXISTS_ZIP,51674
video,Splash,https://embed-ssl.wistia.com/deliveries/4b989aa88f9aa76b3627db2df7fc49662d9c9858.bin,Splash.mp4,Hand-Crafted 3D VFX_ Level 1/Intro to Procedural Textures - Substance Designer/Splash.mp4,ALREADY_EXISTS_MP4,86796472
resource,Splash,https://www.vfxapprentice.com/courses/downloads/2155773424/source_assets-substance_designer-zip,Source_Assets-Substance_Designer.zip,Hand-Crafted 3D VFX_ Level 1/Intro to Procedural Textures - Substance Designer/Source_Assets-Substance_Designer.zip,ALREADY_EXISTS_ZIP,51674
video,Tiling Trail,https://embed-ssl.wistia.com/deliveries/b0de8fe1bc9b67beeec3891d6c03abd4f6cb3a32.bin,Tiling Trail.mp4,Hand-Crafted 3D VFX_ Level 1/Intro to Procedural Textures - Substance Designer/Tiling Trail.mp4,ALREADY_EXISTS_MP4,95472585
resource,Tiling Trail,https://www.vfxapprentice.com/courses/downloads/2155773421/source_assets-substance_designer-zip,Source_Assets-Substance_Designer.zip,Hand-Crafted 3D VFX_ Level 1/Intro to Procedural Textures - Substance Designer/Source_Assets-Substance_Designer.zip,ALREADY_EXISTS_ZIP,51674
video,Tiling Noise,https://embed-ssl.wistia.com/deliveries/d308aee7b575d0e9cd2ef4d2bec5f2ca9c8d854a.bin,Tiling Noise.mp4,Hand-Crafted 3D VFX_ Level 1/Intro to Procedural Textures - Substance Designer/Tiling Noise.mp4,ALREADY_EXISTS_MP4,76156877
resource,Tiling Noise,https://www.vfxapprentice.com/courses/downloads/2155773423/source_assets-substance_designer-zip,Source_Assets-Substance_Designer.zip,Hand-Crafted 3D VFX_ Level 1/Intro to Procedural Textures - Substance Designer/Source_Assets-Substance_Designer.zip,ALREADY_EXISTS_ZIP,51674
video,Intro to Blender,https://embed-ssl.wistia.com/deliveries/986ae70f95f10d202dc4cad143dd5606f44e0fc4.bin,Intro to Blender.mp4,Hand-Crafted 3D VFX_ Level 1/Intro to Modeling for VFX - Blender & Maya/Intro to Blender.mp4,ALREADY_EXISTS_MP4,76132002
video,Dome & Tapered Cylinder,https://embed-ssl.wistia.com/deliveries/c0500889551ef9ae077f47fbe88157f290268365.bin,Dome & Tapered Cylinder.mp4,Hand-Crafted 3D VFX_ Level 1/Intro to Modeling for VFX - Blender & Maya/Dome & Tapered Cylinder.mp4,ALREADY_EXISTS_MP4,64497607
video,Ground Crack,https://embed-ssl.wistia.com/deliveries/5d22533629b67a865161aba1b9e31900ba48d40c.bin,Ground Crack.mp4,Hand-Crafted 3D VFX_ Level 1/Intro to Procedural Textures - Substance Designer/Ground Crack.mp4,ALREADY_EXISTS_MP4,77489174
resource,Ground Crack,https://www.vfxapprentice.com/courses/downloads/2155773420/source_assets-substance_designer-zip,Source_Assets-Substance_Designer.zip,Hand-Crafted 3D VFX_ Level 1/Intro to Procedural Textures - Substance Designer/Source_Assets-Substance_Designer.zip,ALREADY_EXISTS_ZIP,51674
video,UVs in Blender,https://embed-ssl.wistia.com/deliveries/10ac3039c4b20157e8f9a8135059fd0ca590d2ac.bin,UVs in Blender.mp4,Hand-Crafted 3D VFX_ Level 1/Intro to Modeling for VFX - Blender & Maya/UVs in Blender.mp4,ALREADY_EXISTS_MP4,207285721
video,Modifiers,https://embed-ssl.wistia.com/deliveries/a2d144a07aacb53e64a8e056eeb3f36084d2bbc7.bin,Modifiers.mp4,Hand-Crafted 3D VFX_ Level 1/Intro to Modeling for VFX - Blender & Maya/Modifiers.mp4,ALREADY_EXISTS_MP4,132628355
video,Vertex Colors,https://embed-ssl.wistia.com/deliveries/8cd3a1b1a042a06a1b7f595b87fa77aadb476bd9.bin,Vertex Colors.mp4,Hand-Crafted 3D VFX_ Level 1/Intro to Modeling for VFX - Blender & Maya/Vertex Colors.mp4,ALREADY_EXISTS_MP4,65702658
video,"Rings, Swipes, & Soulercoasters",https://embed-ssl.wistia.com/deliveries/d2960360ee07e7144fbd8f0530a03c99ad4cd50d.bin,"Rings, Swipes, & Soulercoasters.mp4","Hand-Crafted 3D VFX_ Level 1/Intro to Modeling for VFX - Blender & Maya/Rings, Swipes, & Soulercoasters.mp4",ALREADY_EXISTS_MP4,130797843
video,Maya Basics,https://embed-ssl.wistia.com/deliveries/2f19eb4e57ac8e613227969c17759e91faa3b5bd.bin,Maya Basics.mp4,Hand-Crafted 3D VFX_ Level 1/Intro to Modeling for VFX - Blender & Maya/Maya Basics.mp4,ALREADY_EXISTS_MP4,215968336
video,Waterfall,https://embed-ssl.wistia.com/deliveries/f29db2e67d483a895c4e230d5c583409bcffb54a.bin,Waterfall.mp4,Hand-Crafted 3D VFX_ Level 1/Intro to Modeling for VFX - Blender & Maya/Waterfall.mp4,ALREADY_EXISTS_MP4,256880962
resource,Waterfall,https://www.vfxapprentice.com/courses/downloads/2152362863/vfxa_foundations_ue5-zip,VFXA_Foundations_UE5.zip,Hand-Crafted 3D VFX_ Level 1/Intro to Modeling for VFX - Blender & Maya/VFXA_Foundations_UE5.zip,ALREADY_EXISTS_ZIP,56406482
video,Intro - Course Overview,https://embed-ssl.wistia.com/deliveries/ff5406d4291967a443cb4f45de432962802f69d5.bin,Intro - Course Overview.mp4,Hand-Crafted 3D VFX_ Level 1/Intro to Shaders - Unity/Intro - Course Overview.mp4,ALREADY_EXISTS_MP4,31813124
video,How Do Shaders Work?,https://embed-ssl.wistia.com/deliveries/eb55ba44dbc79c386888ef9216295cdc7fbb1b01.bin,How Do Shaders Work_.mp4,Hand-Crafted 3D VFX_ Level 1/Intro to Shaders - Unity/How Do Shaders Work_.mp4,ALREADY_EXISTS_MP4,28595371
video,Node-based Shader Interface,https://embed-ssl.wistia.com/deliveries/0cdffbce1d1369c30452e4a3e7c4d86f359ac2c4.bin,Node-based Shader Interface.mp4,Hand-Crafted 3D VFX_ Level 1/Intro to Shaders - Unity/Node-based Shader Interface.mp4,ALREADY_EXISTS_MP4,31996410
video,Adding & Panning,https://embed-ssl.wistia.com/deliveries/aa2b4c972e4ee7bf259dd20cd167a0c110e7d7fd.bin,Adding & Panning.mp4,Hand-Crafted 3D VFX_ Level 1/Intro to Shaders - Unity/Adding & Panning.mp4,ALREADY_EXISTS_MP4,31344418
video,Vector UVs - Texture Sampling,https://embed-ssl.wistia.com/deliveries/ee9cf9de410373b2130b647930d02b9d7eb70fd8.bin,Vector UVs - Texture Sampling.mp4,Hand-Crafted 3D VFX_ Level 1/Intro to Shaders - Unity/Vector UVs - Texture Sampling.mp4,ALREADY_EXISTS_MP4,25310211
video,Adjusting Texture Intensity,https://embed-ssl.wistia.com/deliveries/23f93b3dd0bb826400b44b449e51ebb5e01c7882.bin,Adjusting Texture Intensity.mp4,Hand-Crafted 3D VFX_ Level 1/Intro to Shaders - Unity/Adjusting Texture Intensity.mp4,ALREADY_EXISTS_MP4,28960065
video,Combining Textures,https://embed-ssl.wistia.com/deliveries/a2beeef78a9951ead002071936843809deb7c20d.bin,Combining Textures.mp4,Hand-Crafted 3D VFX_ Level 1/Intro to Shaders - Unity/Combining Textures.mp4,ALREADY_EXISTS_MP4,20607210
video,Multiply & Scaling,https://embed-ssl.wistia.com/deliveries/a83fb727804c8648fa892b594fd7a6e7c7d68028.bin,Multiply & Scaling.mp4,Hand-Crafted 3D VFX_ Level 1/Intro to Shaders - Unity/Multiply & Scaling.mp4,ALREADY_EXISTS_MP4,32423871
video,Color Lerp & Gradients,https://embed-ssl.wistia.com/deliveries/1d9077152bfa48bbe662c2c6de4b00a91be7d33d.bin,Color Lerp & Gradients.mp4,Hand-Crafted 3D VFX_ Level 1/Intro to Shaders - Unity/Color Lerp & Gradients.mp4,ALREADY_EXISTS_MP4,21307263
video,"Step, Smoothstep & Dissolve",https://embed-ssl.wistia.com/deliveries/80caaf4c41dbf2292c18b8d81f616bbc253e7d1f.bin,"Step, Smoothstep & Dissolve.mp4","Hand-Crafted 3D VFX_ Level 1/Intro to Shaders - Unity/Step, Smoothstep & Dissolve.mp4",ALREADY_EXISTS_MP4,30947436
video,Distortion,https://embed-ssl.wistia.com/deliveries/d27b5e5558c4705b84bde7c7bb569bd35351c5be.bin,Distortion.mp4,Hand-Crafted 3D VFX_ Level 1/Intro to Shaders - Unity/Distortion.mp4,ALREADY_EXISTS_MP4,34762612
video,Surface Direction Fresnel,https://embed-ssl.wistia.com/deliveries/258c9ffb6d8532b37bd720cff59bf7519eeef3fc.bin,Surface Direction Fresnel.mp4,Hand-Crafted 3D VFX_ Level 1/Intro to Shaders - Unity/Surface Direction Fresnel.mp4,ALREADY_EXISTS_MP4,51611945
video,Creating a Full Shader,https://embed-ssl.wistia.com/deliveries/1ba216b9ff34b3734f70ae00573f31e5c3339cf1.bin,Creating a Full Shader.mp4,Hand-Crafted 3D VFX_ Level 1/Intro to Shaders - Unity/Creating a Full Shader.mp4,ALREADY_EXISTS_MP4,49456488
video,Properties & Shader Variants,https://embed-ssl.wistia.com/deliveries/8de26cee211fb769ec734287a46e0f40613bf9ce.bin,Properties & Shader Variants.mp4,Hand-Crafted 3D VFX_ Level 1/Intro to Shaders - Unity/Properties & Shader Variants.mp4,ALREADY_EXISTS_MP4,91173291
video,Using Positions & Distance,https://embed-ssl.wistia.com/deliveries/aeb9fef97d8a9f6fab218d6891a86fc10a683235.bin,Using Positions & Distance.mp4,Hand-Crafted 3D VFX_ Level 1/Intro to Shaders - Unity/Using Positions & Distance.mp4,ALREADY_EXISTS_MP4,38095362
video,Vertex Offset,https://embed-ssl.wistia.com/deliveries/40cfbf0f27c5fe2db92e217e325aa311f761ef15.bin,Vertex Offset.mp4,Hand-Crafted 3D VFX_ Level 1/Intro to Shaders - Unity/Vertex Offset.mp4,ALREADY_EXISTS_MP4,80332803
video,Intro & Overview,https://embed-ssl.wistia.com/deliveries/4d7851cffdff1cf4531a086726114fe31003a69c.bin,Intro & Overview.mp4,Hand-Crafted 3D VFX_ Level 1/Intro to Materials - Unreal 5/Intro & Overview.mp4,ALREADY_EXISTS_MP4,22252097
video,Shaders & Particle System,https://embed-ssl.wistia.com/deliveries/a81a82e63e2b32b24d3c91bf6f82620a8aeb71cd.bin,Shaders & Particle System.mp4,Hand-Crafted 3D VFX_ Level 1/Intro to Shaders - Unity/Shaders & Particle System.mp4,ALREADY_EXISTS_MP4,82351875
video,Depth Fade,https://embed-ssl.wistia.com/deliveries/c70b25b1aa222213a2dcc9610a686fdf54ce68fa.bin,Depth Fade.mp4,Hand-Crafted 3D VFX_ Level 1/Intro to Shaders - Unity/Depth Fade.mp4,ALREADY_EXISTS_MP4,67912230
video,Node-based Shader Interface,https://embed-ssl.wistia.com/deliveries/7901382dcb66177a555e01f39338afa4399800ae.bin,Node-based Shader Interface.mp4,Hand-Crafted 3D VFX_ Level 1/Intro to Materials - Unreal 5/Node-based Shader Interface.mp4,ALREADY_EXISTS_MP4,37675703
video,Adjusting Textures,https://embed-ssl.wistia.com/deliveries/7327a23f66f1d64ecec48d1880b03e5983faef2d.bin,Adjusting Textures.mp4,Hand-Crafted 3D VFX_ Level 1/Intro to Materials - Unreal 5/Adjusting Textures.mp4,ALREADY_EXISTS_MP4,58557600
video,Add & Panning,https://embed-ssl.wistia.com/deliveries/25132d72677255d75166958fa994250eb2f361b3.bin,Add & Panning.mp4,Hand-Crafted 3D VFX_ Level 1/Intro to Materials - Unreal 5/Add & Panning.mp4,ALREADY_EXISTS_MP4,33251252
video,Multiply & Scaling,https://embed-ssl.wistia.com/deliveries/b82b28445ebe71920931488867c63c8b01f63816.bin,Multiply & Scaling.mp4,Hand-Crafted 3D VFX_ Level 1/Intro to Materials - Unreal 5/Multiply & Scaling.mp4,ALREADY_EXISTS_MP4,28169883
video,"Vector, UVs, & Texture Sampling",https://embed-ssl.wistia.com/deliveries/3ad737faa4071917308513144eb25610cd3d22a0.bin,"Vector, UVs, & Texture Sampling.mp4","Hand-Crafted 3D VFX_ Level 1/Intro to Materials - Unreal 5/Vector, UVs, & Texture Sampling.mp4",ALREADY_EXISTS_MP4,28778357
video,Combining Textures,https://embed-ssl.wistia.com/deliveries/f381060186bed20c1eb9b1ca3781ed120d440933.bin,Combining Textures.mp4,Hand-Crafted 3D VFX_ Level 1/Intro to Materials - Unreal 5/Combining Textures.mp4,ALREADY_EXISTS_MP4,63612550
video,Stepping,https://embed-ssl.wistia.com/deliveries/4665c1b2a56e718f7312e487fb97162421db4906.bin,Stepping.mp4,Hand-Crafted 3D VFX_ Level 1/Intro to Materials - Unreal 5/Stepping.mp4,ALREADY_EXISTS_MP4,30722366
video,Distortion,https://embed-ssl.wistia.com/deliveries/b67588aae301c679483a7cd02785c80787a1eec8.bin,Distortion.mp4,Hand-Crafted 3D VFX_ Level 1/Intro to Materials - Unreal 5/Distortion.mp4,ALREADY_EXISTS_MP4,58116720
video,Output Pipeline,https://embed-ssl.wistia.com/deliveries/0a13dee761ac3d882cc7eee794a50bf776bd2bc8.bin,Output Pipeline.mp4,Hand-Crafted 3D VFX_ Level 1/Intro to Materials - Unreal 5/Output Pipeline.mp4,ALREADY_EXISTS_MP4,120433392
video,Positions & Distance Sampling,https://embed-ssl.wistia.com/deliveries/c60ece6b41ea6d3bce4c142dd5fe4c8934424328.bin,Positions & Distance Sampling.mp4,Hand-Crafted 3D VFX_ Level 1/Intro to Materials - Unreal 5/Positions & Distance Sampling.mp4,ALREADY_EXISTS_MP4,115306735
video,Lerp & Color,https://embed-ssl.wistia.com/deliveries/80d501506c07561e20e5170692d1b8e9953d3998.bin,Lerp & Color.mp4,Hand-Crafted 3D VFX_ Level 1/Intro to Materials - Unreal 5/Lerp & Color.mp4,ALREADY_EXISTS_MP4,40208259
video,Vertex Offset,https://embed-ssl.wistia.com/deliveries/13f1bef911ed9807ac61d3192bc3b2b8e2296209.bin,Vertex Offset.mp4,Hand-Crafted 3D VFX_ Level 1/Intro to Materials - Unreal 5/Vertex Offset.mp4,ALREADY_EXISTS_MP4,85414378
video,Vectors & Fresnel,https://embed-ssl.wistia.com/deliveries/74187d2703a88cc1f45cab0a0c1cb0d88675dbe2.bin,Vectors & Fresnel.mp4,Hand-Crafted 3D VFX_ Level 1/Intro to Materials - Unreal 5/Vectors & Fresnel.mp4,ALREADY_EXISTS_MP4,107696898
video,Depth Fade,https://embed-ssl.wistia.com/deliveries/645ac7e280c57f65f3cb07dddaa4567eead1d023.bin,Depth Fade.mp4,Hand-Crafted 3D VFX_ Level 1/Intro to Materials - Unreal 5/Depth Fade.mp4,ALREADY_EXISTS_MP4,99771168
video,Gameplay Lecture,https://embed-ssl.wistia.com/deliveries/53a5ac1870f191a1b4e64e98d844697e5faef0e9.bin,Gameplay Lecture.mp4,Hand-Crafted 3D VFX_ Level 1/Art Foundational Lectures - Explained/Gameplay Lecture.mp4,ALREADY_EXISTS_MP4,107039780
video,Guiding Principles Lecture,https://embed-ssl.wistia.com/deliveries/27b0fab187a4731372b399ac7554608ce3fa0a0b.bin,Guiding Principles Lecture.mp4,Hand-Crafted 3D VFX_ Level 1/Art Foundational Lectures - Explained/Guiding Principles Lecture.mp4,ALREADY_EXISTS_MP4,175720569
video,Shape Lecture,https://embed-ssl.wistia.com/deliveries/a5cf37ed91aa010b1d2cf9be6c1f159d30c66bf1.bin,Shape Lecture.mp4,Hand-Crafted 3D VFX_ Level 1/Art Foundational Lectures - Explained/Shape Lecture.mp4,ALREADY_EXISTS_MP4,70353511
video,Color Lecture,https://embed-ssl.wistia.com/deliveries/a6014c02f456672e17b5eabc3b2e0e7acec2835e.bin,Color Lecture.mp4,Hand-Crafted 3D VFX_ Level 1/Art Foundational Lectures - Explained/Color Lecture.mp4,ALREADY_EXISTS_MP4,114947180
video,Value Lecture,https://embed-ssl.wistia.com/deliveries/230b115caf2776ef247955fcc0c2f490631b0ff6.bin,Value Lecture.mp4,Hand-Crafted 3D VFX_ Level 1/Art Foundational Lectures - Explained/Value Lecture.mp4,ALREADY_EXISTS_MP4,87920570
video,Timing Lecture,https://embed-ssl.wistia.com/deliveries/5d855568faaea06b7a948e5dbd5b9e6acc44c7c6.bin,Timing Lecture.mp4,Hand-Crafted 3D VFX_ Level 1/Art Foundational Lectures - Explained/Timing Lecture.mp4,ALREADY_EXISTS_MP4,118341241
video,Composition Lecture,https://embed-ssl.wistia.com/deliveries/745a5c4007a9e612a54b545d2ec0504ef200d6fe.bin,Composition Lecture.mp4,Hand-Crafted 3D VFX_ Level 1/Art Foundational Lectures - Explained/Composition Lecture.mp4,ALREADY_EXISTS_MP4,118387390
video,Introduction,https://embed-ssl.wistia.com/deliveries/041b447acac67286daf7f36c29b96f148594821e.bin,Introduction.mp4,Hand-Crafted 3D VFX_ Level 1/League of Effects (Fan Art) Breakdowns/Introduction.mp4,ALREADY_EXISTS_MP4,31019760
video,QbieShay's Godot Curve Mesh,https://embed-ssl.wistia.com/deliveries/e702f520180c7722b9df7ef24e9d1ea17209af54.bin,QbieShay's Godot Curve Mesh.mp4,Hand-Crafted 3D VFX_ Level 1/Particle Practices - Community Recordings/QbieShay's Godot Curve Mesh.mp4,ALREADY_EXISTS_MP4,335952273
video,Breakdown: Super Mega Death Rocket (Fan Art),https://embed-ssl.wistia.com/deliveries/1ba7e4d09512667dd789ec0b3355ef4ffbeee1e4.bin,Breakdown_ Super Mega Death Rocket (Fan Art).mp4,Hand-Crafted 3D VFX_ Level 1/League of Effects (Fan Art) Breakdowns/Breakdown_ Super Mega Death Rocket (Fan Art).mp4,ALREADY_EXISTS_MP4,101816925
resource,Breakdown: Super Mega Death Rocket (Fan Art),https://www.vfxapprentice.com/courses/downloads/2156041757/league_of_legends_vfx_fan_art_v0-1-zip,League_of_Legends_VFX_Fan_Art_v0.1.zip,Hand-Crafted 3D VFX_ Level 1/League of Effects (Fan Art) Breakdowns/League_of_Legends_VFX_Fan_Art_v0.1.zip,ALREADY_EXISTS_ZIP,9841726
video,Nibilli's Muzzle Flash,https://embed-ssl.wistia.com/deliveries/7c05a85155625f5bf876240fad6973c679e76fe9.bin,Nibilli's Muzzle Flash.mp4,Hand-Crafted 3D VFX_ Level 1/Particle Practices - Community Recordings/Nibilli's Muzzle Flash.mp4,ALREADY_EXISTS_MP4,482670656
resource,Nibilli's Muzzle Flash,https://www.vfxapprentice.com/courses/downloads/2154012314/2323-120_nibili_s_follow_along_muzzle_flash-zip,2323-120_Nibili_s_Follow_Along_Muzzle_Flash.zip,Hand-Crafted 3D VFX_ Level 1/Particle Practices - Community Recordings/2323-120_Nibili_s_Follow_Along_Muzzle_Flash.zip,ALREADY_EXISTS_ZIP,3840213
video,Nibilli's Curve Mesh,https://embed-ssl.wistia.com/deliveries/683fbd8385ffe19c83ff3bc9bca198ff333360d8.bin,Nibilli's Curve Mesh.mp4,Hand-Crafted 3D VFX_ Level 1/Particle Practices - Community Recordings/Nibilli's Curve Mesh.mp4,ALREADY_EXISTS_MP4,496595762
resource,Nibilli's Curve Mesh,https://www.vfxapprentice.com/courses/downloads/2154012316/2323-130_nibili_s_follow_along_curve_mesh-zip,2323-130_Nibili_s_Follow_Along_Curve_Mesh.zip,Hand-Crafted 3D VFX_ Level 1/Particle Practices - Community Recordings/2323-130_Nibili_s_Follow_Along_Curve_Mesh.zip,ALREADY_EXISTS_ZIP,487649
video,Nibilli's Explosion,https://embed-ssl.wistia.com/deliveries/8442b101b18d8ced66f5512ea6c3a65dafe1913d.bin,Nibilli's Explosion.mp4,Hand-Crafted 3D VFX_ Level 1/Particle Practices - Community Recordings/Nibilli's Explosion.mp4,ALREADY_EXISTS_MP4,748386893
resource,Nibilli's Explosion,https://www.vfxapprentice.com/courses/downloads/2154012312/2323-110-nibili_s_follow_along_explosion-zip,2323-110-Nibili_s_Follow_Along_Explosion.zip,Hand-Crafted 3D VFX_ Level 1/Particle Practices - Community Recordings/2323-110-Nibili_s_Follow_Along_Explosion.zip,ALREADY_EXISTS_ZIP,2798047
video,Nibilli's Aura Effect,https://embed-ssl.wistia.com/deliveries/085b79e4204fa8f4a4e1934a3e03c3d21b78c24b.bin,Nibilli's Aura Effect.mp4,Hand-Crafted 3D VFX_ Level 1/Particle Practices - Community Recordings/Nibilli's Aura Effect.mp4,ALREADY_EXISTS_MP4,662347912
resource,Nibilli's Aura Effect,https://www.vfxapprentice.com/courses/downloads/2154012318/2323-150_nibili_s_follow_along_aura_effect-zip,2323-150_Nibili_s_Follow_Along_Aura_Effect.zip,Hand-Crafted 3D VFX_ Level 1/Particle Practices - Community Recordings/2323-150_Nibili_s_Follow_Along_Aura_Effect.zip,ALREADY_EXISTS_ZIP,663354
video,Nibilli's Shield Effect,https://embed-ssl.wistia.com/deliveries/3da428fc83eeac5fc641b1774176d44dcc7f3626.bin,Nibilli's Shield Effect.mp4,Hand-Crafted 3D VFX_ Level 1/Particle Practices - Community Recordings/Nibilli's Shield Effect.mp4,ALREADY_EXISTS_MP4,751325416
resource,Nibilli's Shield Effect,https://www.vfxapprentice.com/courses/downloads/2154012320/2323-160_nibili_s_follow_along_shield_effect-zip,2323-160_Nibili_s_Follow_Along_Shield_Effect.zip,Hand-Crafted 3D VFX_ Level 1/Particle Practices - Community Recordings/2323-160_Nibili_s_Follow_Along_Shield_Effect.zip,ALREADY_EXISTS_ZIP,3700764
video,Nibilli's Anime Flare,https://embed-ssl.wistia.com/deliveries/321f3f339ff8d6673906005d0216554b1f6fe823.bin,Nibilli's Anime Flare.mp4,Hand-Crafted 3D VFX_ Level 1/Particle Practices - Community Recordings/Nibilli's Anime Flare.mp4,ALREADY_EXISTS_MP4,626026163
video,Nibilli's Magic Orb,https://embed-ssl.wistia.com/deliveries/f685aad57cd2ee14401a9836e4db66422bc5e268.bin,Nibilli's Magic Orb.mp4,Hand-Crafted 3D VFX_ Level 1/Particle Practices - Community Recordings/Nibilli's Magic Orb.mp4,ALREADY_EXISTS_MP4,610049608
resource,Nibilli's Magic Orb,https://www.vfxapprentice.com/courses/downloads/2154074893/vfxaorb-zip,VFXAOrb.zip,Hand-Crafted 3D VFX_ Level 1/Particle Practices - Community Recordings/VFXAOrb.zip,ALREADY_EXISTS_ZIP,10347666
video,Nibilli's Beam,https://embed-ssl.wistia.com/deliveries/317d0e1a2de2c8b3256f3ed87f247c5bdf20cb6c.bin,Nibilli's Beam.mp4,Hand-Crafted 3D VFX_ Level 1/Particle Practices - Community Recordings/Nibilli's Beam.mp4,ALREADY_EXISTS_MP4,522560870
resource,Nibilli's Beam,https://www.vfxapprentice.com/courses/downloads/2154012322/beamvrfxa-zip,BeamVRFXA.zip,Hand-Crafted 3D VFX_ Level 1/Particle Practices - Community Recordings/BeamVRFXA.zip,ALREADY_EXISTS_ZIP,4090063
video,Ben's Fire Flippbook,https://embed-ssl.wistia.com/deliveries/883e237221b5230184f74084d0c18ed59909e681.bin,Ben's Fire Flippbook.mp4,Hand-Crafted 3D VFX_ Level 1/Particle Practices - Community Recordings/Ben's Fire Flippbook.mp4,ALREADY_EXISTS_MP4,436067972
video,Unity Scene Setup,https://embed-ssl.wistia.com/deliveries/a92388c17446ecf168dc6e2fbc5acfd222f80c20.bin,Unity Scene Setup.mp4,Hand-Crafted 3D VFX_ Level 1/Elemental Studies - Unity/Unity Scene Setup.mp4,ALREADY_EXISTS_MP4,22753302
video,Nibilli's & QbieShay's Slash,https://embed-ssl.wistia.com/deliveries/61e93a1aad50a259d31d98475da4a42cad04151f.bin,Nibilli's & QbieShay's Slash.mp4,Hand-Crafted 3D VFX_ Level 1/Particle Practices - Community Recordings/Nibilli's & QbieShay's Slash.mp4,ALREADY_EXISTS_MP4,511329757
resource,Nibilli's & QbieShay's Slash,https://www.vfxapprentice.com/courses/downloads/2155168166/slash-source-files-zip,Slash-Source-Files.zip,Hand-Crafted 3D VFX_ Level 1/Particle Practices - Community Recordings/Slash-Source-Files.zip,ALREADY_EXISTS_ZIP,268925
video,Series Introduction,https://embed-ssl.wistia.com/deliveries/8a62c6354aba4b1c9d50dec9fb783eb82dc250ed.bin,Series Introduction.mp4,Hand-Crafted 3D VFX_ Level 1/Elemental Studies - Unity/Series Introduction.mp4,ALREADY_EXISTS_MP4,16662927
video,Ambient Fog Breakdown,https://embed-ssl.wistia.com/deliveries/57392ad2876c7199f90ff6cac9531691c13cba6f.bin,Ambient Fog Breakdown.mp4,Hand-Crafted 3D VFX_ Level 1/Elemental Studies - Unity/Ambient Fog Breakdown.mp4,ALREADY_EXISTS_MP4,75739234
video,Informative Video - Fire,https://embed-ssl.wistia.com/deliveries/54fc888712a0df51cd780b5d7c101de644c43d71.bin,Informative Video - Fire.mp4,Hand-Crafted 3D VFX_ Level 1/Elemental Studies - Unity/Informative Video - Fire.mp4,ALREADY_EXISTS_MP4,52387783
video,Campfire Breakdown,https://embed-ssl.wistia.com/deliveries/ddb84f68269059f3f77f122374f2092b62c28616.bin,Campfire Breakdown.mp4,Hand-Crafted 3D VFX_ Level 1/Elemental Studies - Unity/Campfire Breakdown.mp4,ALREADY_EXISTS_MP4,213988908
video,Hit Impact Breakdown,https://embed-ssl.wistia.com/deliveries/b931f55efca7a1fe75a27afb794f70aa6f038a89.bin,Hit Impact Breakdown.mp4,Hand-Crafted 3D VFX_ Level 1/Elemental Studies - Unity/Hit Impact Breakdown.mp4,ALREADY_EXISTS_MP4,126778516
video,Informative Video - Lightning,https://embed-ssl.wistia.com/deliveries/63000c31817ee11a03360f6f8e7d1b6de83ae276.bin,Informative Video - Lightning.mp4,Hand-Crafted 3D VFX_ Level 1/Elemental Studies - Unity/Informative Video - Lightning.mp4,ALREADY_EXISTS_MP4,36559863
video,Lightning Beam Breakdown,https://embed-ssl.wistia.com/deliveries/5396971dcd41c8f8b8afc4cdca6246aff06d306f.bin,Lightning Beam Breakdown.mp4,Hand-Crafted 3D VFX_ Level 1/Elemental Studies - Unity/Lightning Beam Breakdown.mp4,ALREADY_EXISTS_MP4,118527102
video,Sword Swipe Breakdown,https://embed-ssl.wistia.com/deliveries/3b0ca82976066f4d94cb01dce7cd03bdb85e5890.bin,Sword Swipe Breakdown.mp4,Hand-Crafted 3D VFX_ Level 1/Elemental Studies - Unity/Sword Swipe Breakdown.mp4,ALREADY_EXISTS_MP4,45861971
video,Informative Video - Water,https://embed-ssl.wistia.com/deliveries/1eb52423624434c2855e252bc712a254da4080e2.bin,Informative Video - Water.mp4,Hand-Crafted 3D VFX_ Level 1/Elemental Studies - Unity/Informative Video - Water.mp4,ALREADY_EXISTS_MP4,77846424
video,Series Introduction,https://embed-ssl.wistia.com/deliveries/4ef9e938b09982acaf1d46565ea507dac74748f8.bin,Series Introduction.mp4,Hand-Crafted 3D VFX_ Level 1/Elemental Studies - Unreal/Series Introduction.mp4,ALREADY_EXISTS_MP4,21199839
video,Fireball Breakdown,https://embed-ssl.wistia.com/deliveries/40e7632d98b088b61a3ee47a3327ed9842f5b612.bin,Fireball Breakdown.mp4,Hand-Crafted 3D VFX_ Level 1/Elemental Studies - Unity/Fireball Breakdown.mp4,ALREADY_EXISTS_MP4,96490587
video,Waterfall Breakdown,https://embed-ssl.wistia.com/deliveries/1a64cb45b927d353f1543295e81324740c6d2d2e.bin,Waterfall Breakdown.mp4,Hand-Crafted 3D VFX_ Level 1/Elemental Studies - Unity/Waterfall Breakdown.mp4,ALREADY_EXISTS_MP4,166451159
video,Unreal Scene Setup,https://embed-ssl.wistia.com/deliveries/7e30d158c6b4458ab3e281d2359a01d2d3dc8c4e.bin,Unreal Scene Setup.mp4,Hand-Crafted 3D VFX_ Level 1/Elemental Studies - Unreal/Unreal Scene Setup.mp4,ALREADY_EXISTS_MP4,42828378
video,Fog Breakdown,https://embed-ssl.wistia.com/deliveries/b2284b2f494b7b11eea8e9849864836ae16b0a91.bin,Fog Breakdown.mp4,Hand-Crafted 3D VFX_ Level 1/Elemental Studies - Unreal/Fog Breakdown.mp4,ALREADY_EXISTS_MP4,114991545
video,Informative Video - Fire,https://embed-ssl.wistia.com/deliveries/54fc888712a0df51cd780b5d7c101de644c43d71.bin,Informative Video - Fire.mp4,Hand-Crafted 3D VFX_ Level 1/Elemental Studies - Unreal/Informative Video - Fire.mp4,ALREADY_EXISTS_MP4,52387783
video,Hit Impact Breakdown,https://embed-ssl.wistia.com/deliveries/ab6d2844322a246d0c92d68a56a826b96d682d60.bin,Hit Impact Breakdown.mp4,Hand-Crafted 3D VFX_ Level 1/Elemental Studies - Unreal/Hit Impact Breakdown.mp4,ALREADY_EXISTS_MP4,182115740
video,Campfire Breakdown,https://embed-ssl.wistia.com/deliveries/b440b70a633460ac8c91094730b818d8f893caca.bin,Campfire Breakdown.mp4,Hand-Crafted 3D VFX_ Level 1/Elemental Studies - Unreal/Campfire Breakdown.mp4,ALREADY_EXISTS_MP4,331325364
video,Informative Video - Lightning,https://embed-ssl.wistia.com/deliveries/63000c31817ee11a03360f6f8e7d1b6de83ae276.bin,Informative Video - Lightning.mp4,Hand-Crafted 3D VFX_ Level 1/Elemental Studies - Unreal/Informative Video - Lightning.mp4,ALREADY_EXISTS_MP4,36559863
video,Lightning Beam Breakdown,https://embed-ssl.wistia.com/deliveries/930fc67c6367765e5200b1c07b898f1e0ea2b595.bin,Lightning Beam Breakdown.mp4,Hand-Crafted 3D VFX_ Level 1/Elemental Studies - Unreal/Lightning Beam Breakdown.mp4,ALREADY_EXISTS_MP4,184989652
video,Sword Swipe Breakdown,https://embed-ssl.wistia.com/deliveries/531e6f09fea8e14269d150a9efa1815c31b51abc.bin,Sword Swipe Breakdown.mp4,Hand-Crafted 3D VFX_ Level 1/Elemental Studies - Unreal/Sword Swipe Breakdown.mp4,ALREADY_EXISTS_MP4,132552590
video,Fireball Breakdown,https://embed-ssl.wistia.com/deliveries/23e0c2292d9f309a0c8c8a89a344769f95c4d08b.bin,Fireball Breakdown.mp4,Hand-Crafted 3D VFX_ Level 1/Elemental Studies - Unreal/Fireball Breakdown.mp4,ALREADY_EXISTS_MP4,203138088
video,Informative Video - Water,https://embed-ssl.wistia.com/deliveries/1eb52423624434c2855e252bc712a254da4080e2.bin,Informative Video - Water.mp4,Hand-Crafted 3D VFX_ Level 1/Elemental Studies - Unreal/Informative Video - Water.mp4,ALREADY_EXISTS_MP4,77846424
video,Waterfall Breakdown,https://embed-ssl.wistia.com/deliveries/be88d0a48b3e865bec9c6cafa513e19dd2ae372d.bin,Waterfall Breakdown.mp4,Hand-Crafted 3D VFX_ Level 1/Elemental Studies - Unreal/Waterfall Breakdown.mp4,ALREADY_EXISTS_MP4,302482591
video,Unity Project Overview,https://embed-ssl.wistia.com/deliveries/babd6e9059cc574c4bedef985abae9fd3c754f43.bin,Unity Project Overview.mp4,Hand-Crafted 3D VFX_ Level 2/Project - Download/Unity Project Overview.mp4,ALREADY_EXISTS_MP4,37147486
video,Unreal 5 Project Overview,https://embed-ssl.wistia.com/deliveries/601fcdd8047b8048d326eeb0f4afc60fecb8f2a3.bin,Unreal 5 Project Overview.mp4,Hand-Crafted 3D VFX_ Level 2/Project - Download/Unreal 5 Project Overview.mp4,ALREADY_EXISTS_MP4,67420307
video,Introduction Navigation & Project Overview - Unity,https://embed-ssl.wistia.com/deliveries/0a0a76f3ec580034c6c80b46b2ab3b73c58d264c.bin,Introduction Navigation & Project Overview - Unity.mp4,Hand-Crafted 3D VFX_ Level 2/Unity Booms & Blasts - Legacy/Introduction Navigation & Project Overview - Unity.mp4,ALREADY_EXISTS_MP4,32696087
video,Particle Animation Lecture,https://embed-ssl.wistia.com/deliveries/ffa153938b899f2124869a5d5bfc5dc1a12cb558.bin,Particle Animation Lecture.mp4,Hand-Crafted 3D VFX_ Level 2/Particle Animation - Explained/Particle Animation Lecture.mp4,ALREADY_EXISTS_MP4,438181645
video,Kitbashing - Unity,https://embed-ssl.wistia.com/deliveries/b710cc8df3dfb0dabb194f935bfa1ce659a1e48c.bin,Kitbashing - Unity.mp4,Hand-Crafted 3D VFX_ Level 2/Unity Booms & Blasts - Legacy/Kitbashing - Unity.mp4,ALREADY_EXISTS_MP4,39242223
video,Particle Systems Overview - Unity,https://embed-ssl.wistia.com/deliveries/b934c26ecb7f164d62b86db0280b4b0cef76f450.bin,Particle Systems Overview - Unity.mp4,Hand-Crafted 3D VFX_ Level 2/Unity Booms & Blasts - Legacy/Particle Systems Overview - Unity.mp4,ALREADY_EXISTS_MP4,317237659
video,Fire Explosion Breakdown - Unity,https://embed-ssl.wistia.com/deliveries/59655fbad2f1219775b41593b8bed331d02ed7ac.bin,Fire Explosion Breakdown - Unity.mp4,Hand-Crafted 3D VFX_ Level 2/Unity Booms & Blasts - Legacy/Fire Explosion Breakdown - Unity.mp4,ALREADY_EXISTS_MP4,187153226
video,Lightning Zap Breakdown - Unity,https://embed-ssl.wistia.com/deliveries/051a17c8ab0c5622d08ac6057b15ed311c6add7d.bin,Lightning Zap Breakdown - Unity.mp4,Hand-Crafted 3D VFX_ Level 2/Unity Booms & Blasts - Legacy/Lightning Zap Breakdown - Unity.mp4,ALREADY_EXISTS_MP4,99583466
video,Wispy Cloud Breakdown - Unity,https://embed-ssl.wistia.com/deliveries/526dc41931d52287a1498438617152a1894ee3f4.bin,Wispy Cloud Breakdown - Unity.mp4,Hand-Crafted 3D VFX_ Level 2/Unity Booms & Blasts - Legacy/Wispy Cloud Breakdown - Unity.mp4,ALREADY_EXISTS_MP4,121474710
video,Goo Splat Breakdown - Unity,https://embed-ssl.wistia.com/deliveries/ab8cd97416fd13521b46b7c44c64a9c32604177b.bin,Goo Splat Breakdown - Unity.mp4,Hand-Crafted 3D VFX_ Level 2/Unity Booms & Blasts - Legacy/Goo Splat Breakdown - Unity.mp4,ALREADY_EXISTS_MP4,83163104
video,Intro to Unreal - Unreal 4,https://embed-ssl.wistia.com/deliveries/72e9c07c02fadcd731ac81f3b936c55a811861ad.bin,Intro to Unreal - Unreal 4.mp4,Hand-Crafted 3D VFX_ Level 2/Unreal Cascade Booms & Blasts - Legacy/Intro to Unreal - Unreal 4.mp4,ALREADY_EXISTS_MP4,220662332
video,Intro to Cascade - Unreal 4,https://embed-ssl.wistia.com/deliveries/2b3f1f5d155199303af0a56d2722c55c4a54b14d.bin,Intro to Cascade - Unreal 4.mp4,Hand-Crafted 3D VFX_ Level 2/Unreal Cascade Booms & Blasts - Legacy/Intro to Cascade - Unreal 4.mp4,ALREADY_EXISTS_MP4,204724599
video,Project Walkthrough - Unreal 4,https://embed-ssl.wistia.com/deliveries/dcee7ff8187e6a9f634106ed6c8330ddea90283a.bin,Project Walkthrough - Unreal 4.mp4,Hand-Crafted 3D VFX_ Level 2/Unreal Cascade Booms & Blasts - Legacy/Project Walkthrough - Unreal 4.mp4,ALREADY_EXISTS_MP4,429969888
video,Intro to Materials - Unreal 4,https://embed-ssl.wistia.com/deliveries/d4fb35cf121f6febaab9d56ba697fc75b6ae6b5e.bin,Intro to Materials - Unreal 4.mp4,Hand-Crafted 3D VFX_ Level 2/Unreal Cascade Booms & Blasts - Legacy/Intro to Materials - Unreal 4.mp4,ALREADY_EXISTS_MP4,268785556
video,Intro to Kit Bashing - Unreal 4,https://embed-ssl.wistia.com/deliveries/5af0a4eb1eae519292d703a07ad22456ca4a859e.bin,Intro to Kit Bashing - Unreal 4.mp4,Hand-Crafted 3D VFX_ Level 2/Unreal Cascade Booms & Blasts - Legacy/Intro to Kit Bashing - Unreal 4.mp4,ALREADY_EXISTS_MP4,308314894
video,Fire Explosion Breakdown - Unreal 4,https://embed-ssl.wistia.com/deliveries/4006dea31eac9dfb3bd2487ca224c63b5c45781c.bin,Fire Explosion Breakdown - Unreal 4.mp4,Hand-Crafted 3D VFX_ Level 2/Unreal Cascade Booms & Blasts - Legacy/Fire Explosion Breakdown - Unreal 4.mp4,ALREADY_EXISTS_MP4,568348891
resource,Project Download,https://www.vfxapprentice.com/courses/downloads/2154998897/vfxa_unreal-5_sandbox_plus_07-21-23-zip,VFXA_Unreal-5_Sandbox_Plus,Hand-Crafted 3D VFX_ Level 2/Project - Download/VFXA_Unreal-5_Sandbox_Plus_07-21-23.zip,ALREADY_EXISTS_ZIP,354190456
resource,Project Download,https://www.vfxapprentice.com/courses/downloads/2152599284/vfxa_unity_sandbox_plus-zip,VFXA_Unity_Sandbox_plus.zip,Hand-Crafted 3D VFX_ Level 2/Project - Download/VFXA_Unity_Sandbox_plus.zip,ALREADY_EXISTS_ZIP,341107312
resource,Project Download,https://www.vfxapprentice.com/courses/downloads/2152021134/exported_textures_meshes-zip,Exported_Textures_Meshes.zip,Hand-Crafted 3D VFX_ Level 2/Project - Download/Exported_Textures_Meshes.zip,ALREADY_EXISTS_ZIP,68966730
resource,Project Download,https://www.vfxapprentice.com/courses/downloads/2152006844/vfxa_4-27-2_sandbox_beta_04-zip,VFXA_4.27.2_Legacy_Sandbox_Beta_04,Hand-Crafted 3D VFX_ Level 2/Project - Download/VFXA_4.27.2_Sandbox_Beta_04.zip,ALREADY_EXISTS_ZIP,881927626
resource,Project Download,https://www.vfxapprentice.com/courses/downloads/2152006819/unreal_cascade_booms_blasts_legacy-zip,Unreal_Cascade_Booms_Blasts_Legacy.zip,Hand-Crafted 3D VFX_ Level 2/Project - Download/Unreal_Cascade_Booms_Blasts_Legacy.zip,ALREADY_EXISTS_ZIP,218874013
resource,Project Download,https://www.vfxapprentice.com/courses/downloads/2152006806/unity_booms_blasts_legacy-zip,Unity_Booms_Blasts_Legacy.zip,,FAILED_HTTP_429,0
lesson,Goo Splat Material Setup - Unreal 4,https://www.vfxapprentice.com/products/hand-crafted-3d-vfx-level-2/categories/2150613360/posts/2158908536,,,FAILED_PAGE_429,0
lesson,Goo Splat Particle Setup - Unreal 4,https://www.vfxapprentice.com/products/hand-crafted-3d-vfx-level-2/categories/2150613360/posts/2158906070,,,FAILED_PAGE_429,0
video,Lightning Zap Breakdown - Unreal 4,https://embed-ssl.wistia.com/deliveries/763c22c6519548f990de89cc7d2ab1afaa262d63.bin,Lightning Zap Breakdown - Unreal 4.mp4,Hand-Crafted 3D VFX_ Level 2/Unreal Cascade Booms & Blasts - Legacy/Lightning Zap Breakdown - Unreal 4.mp4,ALREADY_EXISTS_MP4,410168690
video,Wispy Cloud Particle System - Unreal 4,https://embed-ssl.wistia.com/deliveries/61911db4d4f4df3eb5f34d113fe640a152a76c48.bin,Wispy Cloud Particle System - Unreal 4.mp4,Hand-Crafted 3D VFX_ Level 2/Unreal Cascade Booms & Blasts - Legacy/Wispy Cloud Particle System - Unreal 4.mp4,ALREADY_EXISTS_MP4,440944463
lesson,Goo Splat Particle Refinement - Unreal 4,https://www.vfxapprentice.com/products/hand-crafted-3d-vfx-level-2/categories/2150613360/posts/2158908543,,,FAILED_PAGE_429,0
lesson,Unreal Cascade B&B Legacy Review,https://www.vfxapprentice.com/products/hand-crafted-3d-vfx-level-2/categories/2150613360/posts/2159191863,,,FAILED_PAGE_429,0
lesson,Lesson Survey,https://www.vfxapprentice.com/products/hand-crafted-3d-vfx-level-2/categories/2150613450/posts/2160626434,,,FAILED_PAGE_429,0
lesson,Great Job!,https://www.vfxapprentice.com/products/hand-crafted-3d-vfx-level-2/categories/2150613450/posts/2158907080,,,FAILED_PAGE_429,0
video,Wispy Dissolve & Fresnel Shader Setup - Unreal 4,https://embed-ssl.wistia.com/deliveries/9e8b1e6bc6e8c29fe5827e6667c2c31714635fbb.bin,Wispy Dissolve & Fresnel Shader Setup - Unreal 4.mp4,Hand-Crafted 3D VFX_ Level 2/Unreal Cascade Booms & Blasts - Legacy/Wispy Dissolve & Fresnel Shader Setup - Unreal 4.mp4,ALREADY_EXISTS_MP4,167130206
lesson,Project Download,https://www.vfxapprentice.com/products/apprenticeship-level-3/categories/2151531420/posts/2160809235,,,FAILED_PAGE_429,0
lesson,Unity Project Walkthrough,https://www.vfxapprentice.com/products/apprenticeship-level-3/categories/2151531420/posts/2162489428,,,FAILED_PAGE_429,0
lesson,Western Projectile,https://www.vfxapprentice.com/products/apprenticeship-level-3/categories/2152376030/posts/2165719282,,,FAILED_PAGE_429,0
lesson,Electric Beam,https://www.vfxapprentice.com/products/apprenticeship-level-3/categories/2152376030/posts/2165719285,,,FAILED_PAGE_429,0
lesson,Water Shield,https://www.vfxapprentice.com/products/apprenticeship-level-3/categories/2152376030/posts/2166259881,,,FAILED_PAGE_429,0
lesson,Vertical Explosion,https://www.vfxapprentice.com/products/apprenticeship-level-3/categories/2152376030/posts/2166362222,,,FAILED_PAGE_429,0
lesson,Slash Combo,https://www.vfxapprentice.com/products/apprenticeship-level-3/categories/2152376030/posts/2168023414,,,FAILED_PAGE_429,0
lesson,Production Level Effects Review,https://www.vfxapprentice.com/products/apprenticeship-level-3/categories/2152376030/posts/2165764366,,,FAILED_PAGE_429,0
lesson,Intro,https://www.vfxapprentice.com/products/apprenticeship-level-3/categories/2152945612/posts/2167972642,,,FAILED_PAGE_429,0
lesson,Artistic Choices,https://www.vfxapprentice.com/products/apprenticeship-level-3/categories/2152945612/posts/2167972646,,,FAILED_PAGE_429,0
lesson,Production & Optimization,https://www.vfxapprentice.com/products/apprenticeship-level-3/categories/2152945612/posts/2167972650,,,FAILED_PAGE_429,0
lesson,Breakdown,https://www.vfxapprentice.com/products/apprenticeship-level-3/categories/2152945612/posts/2167972644,,,FAILED_PAGE_429,0
lesson,Importing to UEFN,https://www.vfxapprentice.com/products/apprenticeship-level-3/categories/2152945612/posts/2167972654,,,FAILED_PAGE_429,0
lesson,Week 1: Introduction & Assignment,https://www.vfxapprentice.com/products/apprenticeship-level-3/categories/2150661743/posts/2160822354,,,FAILED_PAGE_429,0
lesson,Week 1: Introduction Q&A,https://www.vfxapprentice.com/products/apprenticeship-level-3/categories/2150661743/posts/2160822358,,,FAILED_PAGE_429,0
lesson,Week 2: Thumbnails & Concepts,https://www.vfxapprentice.com/products/apprenticeship-level-3/categories/2150661743/posts/2160822363,,,FAILED_PAGE_429,0
lesson,Week 2: Student Work,https://www.vfxapprentice.com/products/apprenticeship-level-3/categories/2150661743/posts/2160822380,,,FAILED_PAGE_429,0
lesson,Week 3: Block Out,https://www.vfxapprentice.com/products/apprenticeship-level-3/categories/2150661743/posts/2160822384,,,FAILED_PAGE_429,0
lesson,Week 4: Feedback Deep Dive,https://www.vfxapprentice.com/products/apprenticeship-level-3/categories/2150661743/posts/2160897723,,,FAILED_PAGE_429,0
lesson,Week 4: First Pass,https://www.vfxapprentice.com/products/apprenticeship-level-3/categories/2150661743/posts/2160897721,,,FAILED_PAGE_429,0
lesson,Week 5: First Pass Follow-up Review,https://www.vfxapprentice.com/products/apprenticeship-level-3/categories/2150661743/posts/2160897726,,,FAILED_PAGE_429,0
lesson,Week 5: Live Feedback,https://www.vfxapprentice.com/products/apprenticeship-level-3/categories/2150661743/posts/2160897729,,,FAILED_PAGE_429,0
lesson,Week 6: Second Pass,https://www.vfxapprentice.com/products/apprenticeship-level-3/categories/2150661743/posts/2160897738,,,FAILED_PAGE_429,0
lesson,Week 6: Live Feedback,https://www.vfxapprentice.com/products/apprenticeship-level-3/categories/2150661743/posts/2160897742,,,FAILED_PAGE_429,0
lesson,Week 7: Second Pass Follow-up Review,https://www.vfxapprentice.com/products/apprenticeship-level-3/categories/2150661743/posts/2160922461,,,FAILED_PAGE_429,0
lesson,Week 7: Live Feedback,https://www.vfxapprentice.com/products/apprenticeship-level-3/categories/2150661743/posts/2160922466,,,FAILED_PAGE_429,0
lesson,Week 8: Successful Polish,https://www.vfxapprentice.com/products/apprenticeship-level-3/categories/2150661743/posts/2160924272,,,FAILED_PAGE_429,0
lesson,Week 9: Final Pass,https://www.vfxapprentice.com/products/apprenticeship-level-3/categories/2150661743/posts/2162661757,,,FAILED_PAGE_429,0
lesson,Final Effect: Rowan Rees,https://www.vfxapprentice.com/products/apprenticeship-level-3/categories/2150661743/posts/2160924827,,,FAILED_PAGE_429,0
lesson,Great job!,https://www.vfxapprentice.com/products/apprenticeship-level-3/categories/2151090962/posts/2160776940,,,FAILED_PAGE_429,0
lesson,Survey,https://www.vfxapprentice.com/products/apprenticeship-level-3/categories/2151090962/posts/2160626508,,,FAILED_PAGE_429,0
lesson,Sketch - Drawing with Confidence,https://www.vfxapprentice.com/products/hand-drawn-2d-fx-level-1/categories/2150627445/posts/2158960466,,,FAILED_PAGE_429,0
lesson,Sketch - Thinking in 3D,https://www.vfxapprentice.com/products/hand-drawn-2d-fx-level-1/categories/2150627445/posts/2158960470,,,FAILED_PAGE_429,0
lesson,Sketch - Drawing in Perspective,https://www.vfxapprentice.com/products/hand-drawn-2d-fx-level-1/categories/2150627445/posts/2158960472,,,FAILED_PAGE_429,0
lesson,Sketch - Using Weighted Lines (Water Practice),https://www.vfxapprentice.com/products/hand-drawn-2d-fx-level-1/categories/2150627445/posts/2158960475,,,FAILED_PAGE_429,0
lesson,Sketch - Drawing from a Reference,https://www.vfxapprentice.com/products/hand-drawn-2d-fx-level-1/categories/2150627445/posts/2158960476,,,FAILED_PAGE_429,0
lesson,Drawing Foundations Review,https://www.vfxapprentice.com/products/hand-drawn-2d-fx-level-1/categories/2150659699/posts/2159034240,,,FAILED_PAGE_429,0
lesson,Start Animating!,https://www.vfxapprentice.com/products/hand-drawn-2d-fx-level-1/categories/2150627208/posts/2158962118,,,FAILED_PAGE_429,0
lesson,Software Setup,https://www.vfxapprentice.com/products/hand-drawn-2d-fx-level-1/categories/2150627208/posts/2158962119,,,FAILED_PAGE_429,0
lesson,The Drawing Tools,https://www.vfxapprentice.com/products/hand-drawn-2d-fx-level-1/categories/2150627208/posts/2158962120,,,FAILED_PAGE_429,0
lesson,Timeline Controls,https://www.vfxapprentice.com/products/hand-drawn-2d-fx-level-1/categories/2150627208/posts/2158962123,,,FAILED_PAGE_429,0
lesson,Creating Flipbooks,https://www.vfxapprentice.com/products/hand-drawn-2d-fx-level-1/categories/2150627208/posts/2158962124,,,FAILED_PAGE_429,0
lesson,Creating Irregular Flipbooks,https://www.vfxapprentice.com/products/hand-drawn-2d-fx-level-1/categories/2150627208/posts/2158962126,,,FAILED_PAGE_429,0
lesson,BONUS - Cleanup Animation,https://www.vfxapprentice.com/products/hand-drawn-2d-fx-level-1/categories/2150627208/posts/2158962130,,,FAILED_PAGE_429,0
video,Photoshop for VFX Artists - 1: Tools,https://embed-ssl.wistia.com/deliveries/c2c60736f1401a1e713c7c5a97350293c267d8fc.bin,Photoshop for VFX Artists - 1_ Tools.mp4,Hand-Drawn 2D FX_ Level 1/2D Software Introduction - Explained/Intro to Photoshop/Photoshop for VFX Artists - 1_ Tools.mp4,ALREADY_EXISTS_MP4,169072352
video,Begin to Animate!,https://embed-ssl.wistia.com/deliveries/4099782d4b6dcd92b34128dab8407e1309b67a7d.bin,Begin to Animate!.mp4,Hand-Drawn 2D FX_ Level 1/2D Software Introduction - Explained/Intro to Harmony/Begin to Animate!.mp4,ALREADY_EXISTS_MP4,82614048
resource,Begin to Animate!,https://www.vfxapprentice.com/courses/downloads/2151612079/1235-010_intro_to_toon_boom_harmony_assets-zip,1235-010_Intro_to_Toon_Boom_Harmony_Assets.zip,Hand-Drawn 2D FX_ Level 1/2D Software Introduction - Explained/Intro to Harmony/1235-010_Intro_to_Toon_Boom_Harmony_Assets.zip,ALREADY_EXISTS_ZIP,1237076
video,Tools & Timeline,https://embed-ssl.wistia.com/deliveries/93cc70c9b38a09d8dd17520fd65087d9f56a6fbc.bin,Tools & Timeline.mp4,Hand-Drawn 2D FX_ Level 1/2D Software Introduction - Explained/Intro to Harmony/Tools & Timeline.mp4,ALREADY_EXISTS_MP4,93651877
resource,Tools & Timeline,https://www.vfxapprentice.com/courses/downloads/2151612083/1235-010_intro_to_toon_boom_harmony_assets-zip,1235-010_Intro_to_Toon_Boom_Harmony_Assets.zip,Hand-Drawn 2D FX_ Level 1/2D Software Introduction - Explained/Intro to Harmony/1235-010_Intro_to_Toon_Boom_Harmony_Assets.zip,ALREADY_EXISTS_ZIP,1237076
video,Node Setup & Compositing,https://embed-ssl.wistia.com/deliveries/455adfa04ae28164b09dbb39bfbe977df5d9a9f6.bin,Node Setup & Compositing.mp4,Hand-Drawn 2D FX_ Level 1/2D Software Introduction - Explained/Intro to Harmony/Node Setup & Compositing.mp4,ALREADY_EXISTS_MP4,117324007
resource,Node Setup & Compositing,https://www.vfxapprentice.com/courses/downloads/2151612084/1235-010_intro_to_toon_boom_harmony_assets-zip,1235-010_Intro_to_Toon_Boom_Harmony_Assets.zip,Hand-Drawn 2D FX_ Level 1/2D Software Introduction - Explained/Intro to Harmony/1235-010_Intro_to_Toon_Boom_Harmony_Assets.zip,ALREADY_EXISTS_ZIP,1237076
video,Software Setup,https://embed-ssl.wistia.com/deliveries/8d6235add68427e8a6ff10c8817d64f1eb7066a1.bin,Software Setup.mp4,Hand-Drawn 2D FX_ Level 1/2D Software Introduction - Explained/Intro to Harmony/Software Setup.mp4,ALREADY_EXISTS_MP4,39921727
resource,Software Setup,https://www.vfxapprentice.com/courses/downloads/2151612081/1235-010_intro_to_toon_boom_harmony_assets-zip,1235-010_Intro_to_Toon_Boom_Harmony_Assets.zip,Hand-Drawn 2D FX_ Level 1/2D Software Introduction - Explained/Intro to Harmony/1235-010_Intro_to_Toon_Boom_Harmony_Assets.zip,ALREADY_EXISTS_ZIP,1237076
video,Flipbook Creation,https://embed-ssl.wistia.com/deliveries/c4f6e291b3241fe109d1be2d92b739fae2c9b27f.bin,Flipbook Creation.mp4,Hand-Drawn 2D FX_ Level 1/2D Software Introduction - Explained/Intro to Harmony/Flipbook Creation.mp4,ALREADY_EXISTS_MP4,109021439
resource,Flipbook Creation,https://www.vfxapprentice.com/courses/downloads/2151612085/1235-010_intro_to_toon_boom_harmony_assets-zip,1235-010_Intro_to_Toon_Boom_Harmony_Assets.zip,Hand-Drawn 2D FX_ Level 1/2D Software Introduction - Explained/Intro to Harmony/1235-010_Intro_to_Toon_Boom_Harmony_Assets.zip,ALREADY_EXISTS_ZIP,1237076
video,Photoshop for VFX Artists - 2: Layers,https://embed-ssl.wistia.com/deliveries/4876a85ca9010a07db260e2d4d5b0ccfc08896b9.bin,Photoshop for VFX Artists - 2_ Layers.mp4,Hand-Drawn 2D FX_ Level 1/2D Software Introduction - Explained/Intro to Photoshop/Photoshop for VFX Artists - 2_ Layers.mp4,ALREADY_EXISTS_MP4,108553963
video,Photoshop for VFX Artists - 3: Adjustments,https://embed-ssl.wistia.com/deliveries/5ab0315e2bd1a74917d7e07152e012cd50b01a3a.bin,Photoshop for VFX Artists - 3_ Adjustments.mp4,Hand-Drawn 2D FX_ Level 1/2D Software Introduction - Explained/Intro to Photoshop/Photoshop for VFX Artists - 3_ Adjustments.mp4,ALREADY_EXISTS_MP4,163354061
video,Photoshop for VFX Artists - 4: Pro Tips,https://embed-ssl.wistia.com/deliveries/b46969b694a66b057e5ce9e4a35ed0cbcde6d7d5.bin,Photoshop for VFX Artists - 4_ Pro Tips.mp4,Hand-Drawn 2D FX_ Level 1/2D Software Introduction - Explained/Intro to Photoshop/Photoshop for VFX Artists - 4_ Pro Tips.mp4,ALREADY_EXISTS_MP4,58220092
video,Photoshop For VFX Artists - 5: Animation,https://embed-ssl.wistia.com/deliveries/e29e9a133060727f09fe3de029c5fb98bede9b5e.bin,Photoshop For VFX Artists - 5_ Animation.mp4,Hand-Drawn 2D FX_ Level 1/2D Software Introduction - Explained/Intro to Photoshop/Photoshop For VFX Artists - 5_ Animation.mp4,ALREADY_EXISTS_MP4,133951158
resource,Photoshop For VFX Artists - 5: Animation,https://www.vfxapprentice.com/courses/downloads/2155247864/animating_in_photoshop-zip,Animating_in_Photoshop.zip,Hand-Drawn 2D FX_ Level 1/2D Software Introduction - Explained/Intro to Photoshop/Animating_in_Photoshop.zip,ALREADY_EXISTS_ZIP,3372464
video,Small to Big - Intro Animation,https://embed-ssl.wistia.com/deliveries/9a19c0a4f500c36ed80d4032067cd8f4efb136f3.bin,Small to Big - Intro Animation.mp4,Hand-Drawn 2D FX_ Level 1/2D FX Basics - Animation/2D FX Playbook/Small to Big - Intro Animation.mp4,ALREADY_EXISTS_MP4,56643976
resource,Small to Big - Intro Animation,https://www.vfxapprentice.com/courses/downloads/2155650373/2d_fx_playbook_source_files-zip,2D_FX_Playbook_source_files.zip,Hand-Drawn 2D FX_ Level 1/2D FX Basics - Animation/2D FX Playbook/2D_FX_Playbook_source_files.zip,ALREADY_EXISTS_ZIP,590548140
video,Pop-up - Intro Animation,https://embed-ssl.wistia.com/deliveries/da9ea0dd06e2086e9d0772620a3982f4ce41a57b.bin,Pop-up - Intro Animation.mp4,Hand-Drawn 2D FX_ Level 1/2D FX Basics - Animation/2D FX Playbook/Pop-up - Intro Animation.mp4,ALREADY_EXISTS_MP4,80215406
resource,Pop-up - Intro Animation,https://www.vfxapprentice.com/courses/downloads/2153161390/2d_fx_playbook_source_files-zip,2D_FX_Playbook_source_files.zip,Hand-Drawn 2D FX_ Level 1/2D FX Basics - Animation/2D FX Playbook/2D_FX_Playbook_source_files.zip,ALREADY_EXISTS_ZIP,590548140
video,Squash & Stretch - Intro Animation,https://embed-ssl.wistia.com/deliveries/922472c2b3afdec1df350f2f9aa8bb5292d7a54b.bin,Squash & Stretch - Intro Animation.mp4,Hand-Drawn 2D FX_ Level 1/2D FX Basics - Animation/2D FX Playbook/Squash & Stretch - Intro Animation.mp4,ALREADY_EXISTS_MP4,78917763
resource,Squash & Stretch - Intro Animation,https://www.vfxapprentice.com/courses/downloads/2155650705/2d_fx_playbook_source_files-zip,2D_FX_Playbook_source_files.zip,Hand-Drawn 2D FX_ Level 1/2D FX Basics - Animation/2D FX Playbook/2D_FX_Playbook_source_files.zip,ALREADY_EXISTS_ZIP,590548140
video,In-motion - Intro Animation,https://embed-ssl.wistia.com/deliveries/5a9a6f0b9c4bfabf48eeaee2990963ab81c7585b.bin,In-motion - Intro Animation.mp4,Hand-Drawn 2D FX_ Level 1/2D FX Basics - Animation/2D FX Playbook/In-motion - Intro Animation.mp4,ALREADY_EXISTS_MP4,120987403
resource,In-motion - Intro Animation,https://www.vfxapprentice.com/courses/downloads/2155650709/2d_fx_playbook_source_files-zip,2D_FX_Playbook_source_files.zip,Hand-Drawn 2D FX_ Level 1/2D FX Basics - Animation/2D FX Playbook/2D_FX_Playbook_source_files.zip,ALREADY_EXISTS_ZIP,590548140
video,Big to Small - Outro Animation,https://embed-ssl.wistia.com/deliveries/f69201b1db54a57158bc882120c1af55f099b9bd.bin,Big to Small - Outro Animation.mp4,Hand-Drawn 2D FX_ Level 1/2D FX Basics - Animation/2D FX Playbook/Big to Small - Outro Animation.mp4,ALREADY_EXISTS_MP4,84115647
resource,Big to Small - Outro Animation,https://www.vfxapprentice.com/courses/downloads/2155650712/2d_fx_playbook_source_files-zip,2D_FX_Playbook_source_files.zip,Hand-Drawn 2D FX_ Level 1/2D FX Basics - Animation/2D FX Playbook/2D_FX_Playbook_source_files.zip,ALREADY_EXISTS_ZIP,590548140
video,Break into Pieces - Outro Animation,https://embed-ssl.wistia.com/deliveries/a76386bee93eeaeb8b8b4cb848ad493d873ab745.bin,Break into Pieces - Outro Animation.mp4,Hand-Drawn 2D FX_ Level 1/2D FX Basics - Animation/2D FX Playbook/Break into Pieces - Outro Animation.mp4,ALREADY_EXISTS_MP4,73103628
resource,Break into Pieces - Outro Animation,https://www.vfxapprentice.com/courses/downloads/2155650722/2d_fx_playbook_source_files-zip,2D_FX_Playbook_source_files.zip,Hand-Drawn 2D FX_ Level 1/2D FX Basics - Animation/2D FX Playbook/2D_FX_Playbook_source_files.zip,ALREADY_EXISTS_ZIP,590548140
video,Carving out Shapes - Outro Animation,https://embed-ssl.wistia.com/deliveries/ca676089699ca52aa9af935653496c14601a94be.bin,Carving out Shapes - Outro Animation.mp4,Hand-Drawn 2D FX_ Level 1/2D FX Basics - Animation/2D FX Playbook/Carving out Shapes - Outro Animation.mp4,ALREADY_EXISTS_MP4,130897252
resource,Carving out Shapes - Outro Animation,https://www.vfxapprentice.com/courses/downloads/2155650734/2d_fx_playbook_source_files-zip,2D_FX_Playbook_source_files.zip,Hand-Drawn 2D FX_ Level 1/2D FX Basics - Animation/2D FX Playbook/2D_FX_Playbook_source_files.zip,ALREADY_EXISTS_ZIP,590548140
video,Timing Offset - Looping Effects,https://embed-ssl.wistia.com/deliveries/535e7f9f6bb844ac4578a403f2bd621a584b949e.bin,Timing Offset - Looping Effects.mp4,Hand-Drawn 2D FX_ Level 1/2D FX Basics - Animation/2D FX Playbook/Timing Offset - Looping Effects.mp4,ALREADY_EXISTS_MP4,62850003
resource,Timing Offset - Looping Effects,https://www.vfxapprentice.com/courses/downloads/2155650461/2d_fx_playbook_source_files-zip,2D_FX_Playbook_source_files.zip,Hand-Drawn 2D FX_ Level 1/2D FX Basics - Animation/2D FX Playbook/2D_FX_Playbook_source_files.zip,ALREADY_EXISTS_ZIP,590548140
video,Rotating Keys - Looping Effects,https://embed-ssl.wistia.com/deliveries/81cdd4fb628387ab2944390e93e3aee0d60b4059.bin,Rotating Keys - Looping Effects.mp4,Hand-Drawn 2D FX_ Level 1/2D FX Basics - Animation/2D FX Playbook/Rotating Keys - Looping Effects.mp4,ALREADY_EXISTS_MP4,144033811
resource,Rotating Keys - Looping Effects,https://www.vfxapprentice.com/courses/downloads/2155650504/2d_fx_playbook_source_files-zip,2D_FX_Playbook_source_files.zip,Hand-Drawn 2D FX_ Level 1/2D FX Basics - Animation/2D FX Playbook/2D_FX_Playbook_source_files.zip,ALREADY_EXISTS_ZIP,590548140
video,Wave Principle - Looping Effects,https://embed-ssl.wistia.com/deliveries/26e7f44586c0e123afa4c571218358e3d2e56571.bin,Wave Principle - Looping Effects.mp4,Hand-Drawn 2D FX_ Level 1/2D FX Basics - Animation/2D FX Playbook/Wave Principle - Looping Effects.mp4,ALREADY_EXISTS_MP4,81184064
resource,Wave Principle - Looping Effects,https://www.vfxapprentice.com/courses/downloads/2155650630/2d_fx_playbook_source_files-zip,2D_FX_Playbook_source_files.zip,Hand-Drawn 2D FX_ Level 1/2D FX Basics - Animation/2D FX Playbook/2D_FX_Playbook_source_files.zip,ALREADY_EXISTS_ZIP,590548140
video,Linear Keyframes - Looping Effects,https://embed-ssl.wistia.com/deliveries/529aa202ff79e0a02b1ec9d35bfd4e39b96fbe11.bin,Linear Keyframes - Looping Effects.mp4,Hand-Drawn 2D FX_ Level 1/2D FX Basics - Animation/2D FX Playbook/Linear Keyframes - Looping Effects.mp4,ALREADY_EXISTS_MP4,139884842
resource,Linear Keyframes - Looping Effects,https://www.vfxapprentice.com/courses/downloads/2155650661/2d_fx_playbook_source_files-zip,2D_FX_Playbook_source_files.zip,Hand-Drawn 2D FX_ Level 1/2D FX Basics - Animation/2D FX Playbook/2D_FX_Playbook_source_files.zip,ALREADY_EXISTS_ZIP,590548140
video,Effects in Motion - Overlapping Action,https://embed-ssl.wistia.com/deliveries/1e5307b1c15a3d3086afd1200785a9f78580a97b.bin,Effects in Motion - Overlapping Action.mp4,Hand-Drawn 2D FX_ Level 1/2D FX Basics - Animation/2D FX Playbook/Effects in Motion - Overlapping Action.mp4,ALREADY_EXISTS_MP4,192139526
resource,Effects in Motion - Overlapping Action,https://www.vfxapprentice.com/courses/downloads/2155650669/2d_fx_playbook_source_files-zip,2D_FX_Playbook_source_files.zip,Hand-Drawn 2D FX_ Level 1/2D FX Basics - Animation/2D FX Playbook/2D_FX_Playbook_source_files.zip,ALREADY_EXISTS_ZIP,590548140
video,Introduction & First Batch Animation,https://embed-ssl.wistia.com/deliveries/2ac26db2acd81c7b01a691d1b33caa37be08d418.bin,Introduction & First Batch Animation.mp4,Hand-Drawn 2D FX_ Level 1/Applied Foundations - Animation/Line Wiggle Warmup/Introduction & First Batch Animation.mp4,ALREADY_EXISTS_MP4,145728520
resource,Introduction & First Batch Animation,https://www.vfxapprentice.com/courses/downloads/2151612147/1235-030_warmup_line_wiggle_assets-zip,1235-030_Warmup_Line_Wiggle_Assets.zip,Hand-Drawn 2D FX_ Level 1/Applied Foundations - Animation/Line Wiggle Warmup/1235-030_Warmup_Line_Wiggle_Assets.zip,ALREADY_EXISTS_ZIP,652804
video,Second Batch Animation,https://embed-ssl.wistia.com/deliveries/da5891bf3afe9b4cdd54956eacfb3d400c955c62.bin,Second Batch Animation.mp4,Hand-Drawn 2D FX_ Level 1/Applied Foundations - Animation/Line Wiggle Warmup/Second Batch Animation.mp4,ALREADY_EXISTS_MP4,177632334
resource,Second Batch Animation,https://www.vfxapprentice.com/courses/downloads/2151612150/1235-030_warmup_line_wiggle_assets-zip,1235-030_Warmup_Line_Wiggle_Assets.zip,Hand-Drawn 2D FX_ Level 1/Applied Foundations - Animation/Line Wiggle Warmup/1235-030_Warmup_Line_Wiggle_Assets.zip,ALREADY_EXISTS_ZIP,652804
video,Second Batch Cleanup,https://embed-ssl.wistia.com/deliveries/4923d2f13ee0469178ec095bcb2d5ceb56aa2463.bin,Second Batch Cleanup.mp4,Hand-Drawn 2D FX_ Level 1/Applied Foundations - Animation/Line Wiggle Warmup/Second Batch Cleanup.mp4,ALREADY_EXISTS_MP4,68123933
resource,Second Batch Cleanup,https://www.vfxapprentice.com/courses/downloads/2151612170/1235-030_warmup_line_wiggle_assets-zip,1235-030_Warmup_Line_Wiggle_Assets.zip,Hand-Drawn 2D FX_ Level 1/Applied Foundations - Animation/Line Wiggle Warmup/1235-030_Warmup_Line_Wiggle_Assets.zip,ALREADY_EXISTS_ZIP,652804
video,Straight-Ahead Approach,https://embed-ssl.wistia.com/deliveries/93bf3400e8afd1c04898f1b7e54800bc02fea816.bin,Straight-Ahead Approach.mp4,Hand-Drawn 2D FX_ Level 1/Applied Foundations - Animation/Negative Shapes_ Blip Animation/Straight-Ahead Approach.mp4,ALREADY_EXISTS_MP4,210838240
resource,Straight-Ahead Approach,https://www.vfxapprentice.com/courses/downloads/2151612193/1235-040_negative_shapes_blip_animation_assets-zip,1235-040_Negative_Shapes_Blip_Animation_Assets.zip,Hand-Drawn 2D FX_ Level 1/Applied Foundations - Animation/Negative Shapes_ Blip Animation/1235-040_Negative_Shapes_Blip_Animation_Assets.zip,ALREADY_EXISTS_ZIP,107132
video,First Batch Cleanup,https://embed-ssl.wistia.com/deliveries/a61f8a426fcc6754a80207b1c1566f33f98f429b.bin,First Batch Cleanup.mp4,Hand-Drawn 2D FX_ Level 1/Applied Foundations - Animation/Line Wiggle Warmup/First Batch Cleanup.mp4,ALREADY_EXISTS_MP4,106123515
resource,First Batch Cleanup,https://www.vfxapprentice.com/courses/downloads/2151612149/1235-030_warmup_line_wiggle_assets-zip,1235-030_Warmup_Line_Wiggle_Assets.zip,Hand-Drawn 2D FX_ Level 1/Applied Foundations - Animation/Line Wiggle Warmup/1235-030_Warmup_Line_Wiggle_Assets.zip,ALREADY_EXISTS_ZIP,652804
video,Animation Cleanup,https://embed-ssl.wistia.com/deliveries/ade1f1d07d443523e5bad4b8fc79c5369a306bc7.bin,Animation Cleanup.mp4,Hand-Drawn 2D FX_ Level 1/Applied Foundations - Animation/Negative Shapes_ Blip Animation/Animation Cleanup.mp4,ALREADY_EXISTS_MP4,148456065
resource,Animation Cleanup,https://www.vfxapprentice.com/courses/downloads/2151612194/1235-040_negative_shapes_blip_animation_assets-zip,1235-040_Negative_Shapes_Blip_Animation_Assets.zip,Hand-Drawn 2D FX_ Level 1/Applied Foundations - Animation/Negative Shapes_ Blip Animation/1235-040_Negative_Shapes_Blip_Animation_Assets.zip,ALREADY_EXISTS_ZIP,107132
video,Symbol Technique,https://embed-ssl.wistia.com/deliveries/c4809105cc6febeefb043ce919d308375aa8339b.bin,Symbol Technique.mp4,Hand-Drawn 2D FX_ Level 1/Applied Foundations - Animation/Negative Shapes_ Blip Animation/Symbol Technique.mp4,ALREADY_EXISTS_MP4,104196981
resource,Symbol Technique,https://www.vfxapprentice.com/courses/downloads/2151612197/1235-040_negative_shapes_blip_animation_assets-zip,1235-040_Negative_Shapes_Blip_Animation_Assets.zip,Hand-Drawn 2D FX_ Level 1/Applied Foundations - Animation/Negative Shapes_ Blip Animation/1235-040_Negative_Shapes_Blip_Animation_Assets.zip,ALREADY_EXISTS_ZIP,107132
video,Cleanup Sparkle Animation,https://embed-ssl.wistia.com/deliveries/f728ad12d80f3678bb11550fe9d310de27cf7f6b.bin,Cleanup Sparkle Animation.mp4,Hand-Drawn 2D FX_ Level 1/Applied Foundations - Animation/Sparkle/Cleanup Sparkle Animation.mp4,ALREADY_EXISTS_MP4,209155916
resource,Cleanup Sparkle Animation,https://www.vfxapprentice.com/courses/downloads/2151612204/1235-050_sparkle_assets-zip,1235-050_Sparkle_Assets.zip,Hand-Drawn 2D FX_ Level 1/Applied Foundations - Animation/Sparkle/1235-050_Sparkle_Assets.zip,ALREADY_EXISTS_ZIP,766616
video,Adding Glows,https://embed-ssl.wistia.com/deliveries/98d310fab56dda54a1889f4b500ae72a0b0d9571.bin,Adding Glows.mp4,Hand-Drawn 2D FX_ Level 1/Applied Foundations - Animation/Sparkle/Adding Glows.mp4,ALREADY_EXISTS_MP4,116574561
resource,Adding Glows,https://www.vfxapprentice.com/courses/downloads/2151612205/1235-050_sparkle_assets-zip,1235-050_Sparkle_Assets.zip,Hand-Drawn 2D FX_ Level 1/Applied Foundations - Animation/Sparkle/1235-050_Sparkle_Assets.zip,ALREADY_EXISTS_ZIP,766616
video,Animating Sparkles,https://embed-ssl.wistia.com/deliveries/635a55497cb4a815aade20eba1959773d12cb998.bin,Animating Sparkles.mp4,Hand-Drawn 2D FX_ Level 1/Applied Foundations - Animation/Sparkle/Animating Sparkles.mp4,ALREADY_EXISTS_MP4,131833341
resource,Animating Sparkles,https://www.vfxapprentice.com/courses/downloads/2151612202/1235-050_sparkle_assets-zip,1235-050_Sparkle_Assets.zip,Hand-Drawn 2D FX_ Level 1/Applied Foundations - Animation/Sparkle/1235-050_Sparkle_Assets.zip,ALREADY_EXISTS_ZIP,766616
video,BONUS -  Attempted Sparkle Animation,https://embed-ssl.wistia.com/deliveries/705bd67f427fe10a50b62e9c71f733978ff22dbf.bin,BONUS -  Attempted Sparkle Animation.mp4,Hand-Drawn 2D FX_ Level 1/Applied Foundations - Animation/Sparkle/BONUS -  Attempted Sparkle Animation.mp4,ALREADY_EXISTS_MP4,86066355
resource,BONUS -  Attempted Sparkle Animation,https://www.vfxapprentice.com/courses/downloads/2151612206/1235-050_sparkle_assets-zip,1235-050_Sparkle_Assets.zip,Hand-Drawn 2D FX_ Level 1/Applied Foundations - Animation/Sparkle/1235-050_Sparkle_Assets.zip,ALREADY_EXISTS_ZIP,766616
video,Reference Review,https://embed-ssl.wistia.com/deliveries/32866dbc7de4109b8045f0cd972594f3de8146c0.bin,Reference Review.mp4,Hand-Drawn 2D FX_ Level 1/Applied Foundations - Animation/Abstract Lightning/Reference Review.mp4,ALREADY_EXISTS_MP4,188349447
resource,Reference Review,https://www.vfxapprentice.com/courses/downloads/2151612207/1235-060_abstract_lightning_assets-zip,1235-060_Abstract_Lightning_Assets.zip,Hand-Drawn 2D FX_ Level 1/Applied Foundations - Animation/Abstract Lightning/1235-060_Abstract_Lightning_Assets.zip,ALREADY_EXISTS_ZIP,1271972
video,First Attempts,https://embed-ssl.wistia.com/deliveries/0917fd426e030d33d81bdc897cf8477d99d74bc6.bin,First Attempts.mp4,Hand-Drawn 2D FX_ Level 1/Applied Foundations - Animation/Abstract Lightning/First Attempts.mp4,ALREADY_EXISTS_MP4,139626635
resource,First Attempts,https://www.vfxapprentice.com/courses/downloads/2151612211/1235-060_abstract_lightning_assets-zip,1235-060_Abstract_Lightning_Assets.zip,Hand-Drawn 2D FX_ Level 1/Applied Foundations - Animation/Abstract Lightning/1235-060_Abstract_Lightning_Assets.zip,ALREADY_EXISTS_ZIP,1271972
video,Third Attempt,https://embed-ssl.wistia.com/deliveries/4713216c07dcb96b506ba95c152b09dc99bd44ca.bin,Third Attempt.mp4,Hand-Drawn 2D FX_ Level 1/Applied Foundations - Animation/Abstract Lightning/Third Attempt.mp4,ALREADY_EXISTS_MP4,226014886
resource,Third Attempt,https://www.vfxapprentice.com/courses/downloads/2151612213/1235-060_abstract_lightning_assets-zip,1235-060_Abstract_Lightning_Assets.zip,Hand-Drawn 2D FX_ Level 1/Applied Foundations - Animation/Abstract Lightning/1235-060_Abstract_Lightning_Assets.zip,ALREADY_EXISTS_ZIP,1271972
video,Final Lightning Review,https://embed-ssl.wistia.com/deliveries/3fb48fce915b7d47f0c8fe21e02e9c2291972539.bin,Final Lightning Review.mp4,Hand-Drawn 2D FX_ Level 1/Applied Foundations - Animation/Abstract Lightning/Final Lightning Review.mp4,ALREADY_EXISTS_MP4,163118826
resource,Final Lightning Review,https://www.vfxapprentice.com/courses/downloads/2151612210/1235-060_abstract_lightning_assets-zip,1235-060_Abstract_Lightning_Assets.zip,Hand-Drawn 2D FX_ Level 1/Applied Foundations - Animation/Abstract Lightning/1235-060_Abstract_Lightning_Assets.zip,ALREADY_EXISTS_ZIP,1271972
video,Cleanup & Polish,https://embed-ssl.wistia.com/deliveries/0332e8f8ef7b1a3ae534756738e9531d0410938f.bin,Cleanup & Polish.mp4,Hand-Drawn 2D FX_ Level 1/Applied Foundations - Animation/Abstract Lightning/Cleanup & Polish.mp4,ALREADY_EXISTS_MP4,286344808
resource,Cleanup & Polish,https://www.vfxapprentice.com/courses/downloads/2151612214/1235-060_abstract_lightning_assets-zip,1235-060_Abstract_Lightning_Assets.zip,Hand-Drawn 2D FX_ Level 1/Applied Foundations - Animation/Abstract Lightning/1235-060_Abstract_Lightning_Assets.zip,ALREADY_EXISTS_ZIP,1271972
video,Concept Sketches & Timing Pass,https://embed-ssl.wistia.com/deliveries/1eee2c1413a8fd9e29926e93e6a2851d7c81354d.bin,Concept Sketches & Timing Pass.mp4,Hand-Drawn 2D FX_ Level 1/Applied Foundations - Animation/Fireball/Concept Sketches & Timing Pass.mp4,ALREADY_EXISTS_MP4,145443037
resource,Concept Sketches & Timing Pass,https://www.vfxapprentice.com/courses/downloads/2151612218/1235-070_fireball_assets-zip,1235-070_Fireball_Assets.zip,Hand-Drawn 2D FX_ Level 1/Applied Foundations - Animation/Fireball/1235-070_Fireball_Assets.zip,ALREADY_EXISTS_ZIP,3749731
video,Rough Animation: Part 1,https://embed-ssl.wistia.com/deliveries/6555bc37f9cd7518cac02658780a2370ffb8fa13.bin,Rough Animation_ Part 1.mp4,Hand-Drawn 2D FX_ Level 1/Applied Foundations - Animation/Fireball/Rough Animation_ Part 1.mp4,ALREADY_EXISTS_MP4,97705985
resource,Rough Animation: Part 1,https://www.vfxapprentice.com/courses/downloads/2151612221/1235-070_fireball_assets-zip,1235-070_Fireball_Assets.zip,Hand-Drawn 2D FX_ Level 1/Applied Foundations - Animation/Fireball/1235-070_Fireball_Assets.zip,ALREADY_EXISTS_ZIP,3749731
video,Rough Animation Revisions,https://embed-ssl.wistia.com/deliveries/a043f78f78b6a2b415680e66df1872d7178c4b97.bin,Rough Animation Revisions.mp4,Hand-Drawn 2D FX_ Level 1/Applied Foundations - Animation/Fireball/Rough Animation Revisions.mp4,ALREADY_EXISTS_MP4,245196603
resource,Rough Animation Revisions,https://www.vfxapprentice.com/courses/downloads/2151612227/1235-070_fireball_assets-zip,1235-070_Fireball_Assets.zip,Hand-Drawn 2D FX_ Level 1/Applied Foundations - Animation/Fireball/1235-070_Fireball_Assets.zip,ALREADY_EXISTS_ZIP,3749731
video,Cleanup & First Color Pass,https://embed-ssl.wistia.com/deliveries/f36a16f4e71bb0ad87c6c0e776255599a02b72a0.bin,Cleanup & First Color Pass.mp4,Hand-Drawn 2D FX_ Level 1/Applied Foundations - Animation/Fireball/Cleanup & First Color Pass.mp4,ALREADY_EXISTS_MP4,162874476
resource,Cleanup & First Color Pass,https://www.vfxapprentice.com/courses/downloads/2151612230/1235-070_fireball_assets-zip,1235-070_Fireball_Assets.zip,Hand-Drawn 2D FX_ Level 1/Applied Foundations - Animation/Fireball/1235-070_Fireball_Assets.zip,ALREADY_EXISTS_ZIP,3749731
video,Rough Animation: Part 2,https://embed-ssl.wistia.com/deliveries/33ff61b165a3bf84879bb69a12c5a17493aa3c21.bin,Rough Animation_ Part 2.mp4,Hand-Drawn 2D FX_ Level 1/Applied Foundations - Animation/Fireball/Rough Animation_ Part 2.mp4,ALREADY_EXISTS_MP4,77410237
resource,Rough Animation: Part 2,https://www.vfxapprentice.com/courses/downloads/2151612225/1235-070_fireball_assets-zip,1235-070_Fireball_Assets.zip,Hand-Drawn 2D FX_ Level 1/Applied Foundations - Animation/Fireball/1235-070_Fireball_Assets.zip,ALREADY_EXISTS_ZIP,3749731
video,Rough Animation Touch Up,https://embed-ssl.wistia.com/deliveries/fb264ae4bf681703aef8b2ed01b9e634a933825b.bin,Rough Animation Touch Up.mp4,Hand-Drawn 2D FX_ Level 1/Applied Foundations - Animation/Fireball/Rough Animation Touch Up.mp4,ALREADY_EXISTS_MP4,158109595
resource,Rough Animation Touch Up,https://www.vfxapprentice.com/courses/downloads/2151612229/1235-070_fireball_assets-zip,1235-070_Fireball_Assets.zip,Hand-Drawn 2D FX_ Level 1/Applied Foundations - Animation/Fireball/1235-070_Fireball_Assets.zip,ALREADY_EXISTS_ZIP,3749731
video,Second Color Pass,https://embed-ssl.wistia.com/deliveries/cb3831caceb760cbaf127bfe4b38e1062f15613d.bin,Second Color Pass.mp4,Hand-Drawn 2D FX_ Level 1/Applied Foundations - Animation/Fireball/Second Color Pass.mp4,ALREADY_EXISTS_MP4,77698261
resource,Second Color Pass,https://www.vfxapprentice.com/courses/downloads/2151612231/1235-070_fireball_assets-zip,1235-070_Fireball_Assets.zip,Hand-Drawn 2D FX_ Level 1/Applied Foundations - Animation/Fireball/1235-070_Fireball_Assets.zip,ALREADY_EXISTS_ZIP,3749731
video,Wisp Technique,https://embed-ssl.wistia.com/deliveries/1beb0c54078b068c7bc9ab32eadd6e58a0a861b1.bin,Wisp Technique.mp4,Hand-Drawn 2D FX_ Level 1/Intro to FX Concept Painting - Design/Painting Techniques/Wisp Technique.mp4,ALREADY_EXISTS_MP4,121801470
resource,Wisp Technique,https://www.vfxapprentice.com/courses/downloads/2151612343/1263-020_concept_art_photoshop_painting_techniques_assets-zip,1263-020_Concept_Art_Photoshop_Painting_Techniques_Assets.zip,Hand-Drawn 2D FX_ Level 1/Intro to FX Concept Painting - Design/Painting Techniques/1263-020_Concept_Art_Photoshop_Painting_Techniques_Assets.zip,ALREADY_EXISTS_ZIP,12880683
video,Intro & Fire Techniques,https://embed-ssl.wistia.com/deliveries/95367c34cebadf663f1c4acd730cdb8a64360e5a.bin,Intro & Fire Techniques.mp4,Hand-Drawn 2D FX_ Level 1/Intro to FX Concept Painting - Design/Painting Techniques/Intro & Fire Techniques.mp4,ALREADY_EXISTS_MP4,174786947
resource,Intro & Fire Techniques,https://www.vfxapprentice.com/courses/downloads/2151612342/1263-020_concept_art_photoshop_painting_techniques_assets-zip,1263-020_Concept_Art_Photoshop_Painting_Techniques_Assets.zip,Hand-Drawn 2D FX_ Level 1/Intro to FX Concept Painting - Design/Painting Techniques/1263-020_Concept_Art_Photoshop_Painting_Techniques_Assets.zip,ALREADY_EXISTS_ZIP,12880683
video,Zap Technique,https://embed-ssl.wistia.com/deliveries/3afd30b5ebef8740b4563e535eae7449c2654af0.bin,Zap Technique.mp4,Hand-Drawn 2D FX_ Level 1/Intro to FX Concept Painting - Design/Painting Techniques/Zap Technique.mp4,ALREADY_EXISTS_MP4,84557884
resource,Zap Technique,https://www.vfxapprentice.com/courses/downloads/2151612345/1263-020_concept_art_photoshop_painting_techniques_assets-zip,1263-020_Concept_Art_Photoshop_Painting_Techniques_Assets.zip,Hand-Drawn 2D FX_ Level 1/Intro to FX Concept Painting - Design/Painting Techniques/1263-020_Concept_Art_Photoshop_Painting_Techniques_Assets.zip,ALREADY_EXISTS_ZIP,12880683
video,Goo Technique,https://embed-ssl.wistia.com/deliveries/21415d78a9f3134cd665c0c3ece9ea09c6311d12.bin,Goo Technique.mp4,Hand-Drawn 2D FX_ Level 1/Intro to FX Concept Painting - Design/Painting Techniques/Goo Technique.mp4,ALREADY_EXISTS_MP4,104574770
resource,Goo Technique,https://www.vfxapprentice.com/courses/downloads/2151612344/1263-020_concept_art_photoshop_painting_techniques_assets-zip,1263-020_Concept_Art_Photoshop_Painting_Techniques_Assets.zip,Hand-Drawn 2D FX_ Level 1/Intro to FX Concept Painting - Design/Painting Techniques/1263-020_Concept_Art_Photoshop_Painting_Techniques_Assets.zip,ALREADY_EXISTS_ZIP,12880683
video,Final Steps (Unnarrated),https://embed-ssl.wistia.com/deliveries/36f7a5dd8d335c43a6f7fc8df148db36cce27cbb.bin,Final Steps (Unnarrated).mp4,Hand-Drawn 2D FX_ Level 1/Applied Foundations - Animation/Fireball/Final Steps (Unnarrated).mp4,ALREADY_EXISTS_MP4,55415380
resource,Final Steps (Unnarrated),https://www.vfxapprentice.com/courses/downloads/2151612232/1235-070_fireball_assets-zip,1235-070_Fireball_Assets.zip,Hand-Drawn 2D FX_ Level 1/Applied Foundations - Animation/Fireball/1235-070_Fireball_Assets.zip,ALREADY_EXISTS_ZIP,3749731
video,Fire Explosion Thumbnails,https://embed-ssl.wistia.com/deliveries/18ec8132c4a24d1445d8ce63c2f0d6ffed857d80.bin,Fire Explosion Thumbnails.mp4,Hand-Drawn 2D FX_ Level 1/FX Concept Painting Elemental Studies - Design/Fire Explosion/Fire Explosion Thumbnails.mp4,ALREADY_EXISTS_MP4,44883954
resource,Fire Explosion Thumbnails,https://www.vfxapprentice.com/courses/downloads/2151612356/1273-020_concept_art_fire_explosion_assets-zip,1273-020_Concept_Art_Fire_Explosion_Assets.zip,Hand-Drawn 2D FX_ Level 1/FX Concept Painting Elemental Studies - Design/Fire Explosion/1273-020_Concept_Art_Fire_Explosion_Assets.zip,ALREADY_EXISTS_ZIP,2646903
video,Painting & Commentary (version 1),https://embed-ssl.wistia.com/deliveries/79ee0fc6cad27800775e38196494b590d2c3f72d.bin,Painting & Commentary (version 1).mp4,Hand-Drawn 2D FX_ Level 1/FX Concept Painting Elemental Studies - Design/Fire Explosion/Painting & Commentary (version 1).mp4,ALREADY_EXISTS_MP4,26519742
resource,Painting & Commentary (version 1),https://www.vfxapprentice.com/courses/downloads/2151612357/1273-020_concept_art_fire_explosion_assets-zip,1273-020_Concept_Art_Fire_Explosion_Assets.zip,Hand-Drawn 2D FX_ Level 1/FX Concept Painting Elemental Studies - Design/Fire Explosion/1273-020_Concept_Art_Fire_Explosion_Assets.zip,ALREADY_EXISTS_ZIP,2646903
video,Painting & Commentary (version 2),https://embed-ssl.wistia.com/deliveries/40c81c631e50ac7024b769a6f07ef8050e5bb1b3.bin,Painting & Commentary (version 2).mp4,Hand-Drawn 2D FX_ Level 1/FX Concept Painting Elemental Studies - Design/Fire Explosion/Painting & Commentary (version 2).mp4,ALREADY_EXISTS_MP4,290650983
resource,Painting & Commentary (version 2),https://www.vfxapprentice.com/courses/downloads/2151612358/1273-020_concept_art_fire_explosion_assets-zip,1273-020_Concept_Art_Fire_Explosion_Assets.zip,Hand-Drawn 2D FX_ Level 1/FX Concept Painting Elemental Studies - Design/Fire Explosion/1273-020_Concept_Art_Fire_Explosion_Assets.zip,ALREADY_EXISTS_ZIP,2646903
video,Fire Explosion Paintover - Jeff Gates,https://embed-ssl.wistia.com/deliveries/3f853530228a39dfd1dde90870f3a9283831b2f8.bin,Fire Explosion Paintover - Jeff Gates.mp4,Hand-Drawn 2D FX_ Level 1/FX Concept Painting Elemental Studies - Design/Fire Explosion/Fire Explosion Paintover - Jeff Gates.mp4,ALREADY_EXISTS_MP4,187578335
resource,Fire Explosion Paintover - Jeff Gates,https://www.vfxapprentice.com/courses/downloads/2151612359/1273-020_concept_art_fire_explosion_assets-zip,1273-020_Concept_Art_Fire_Explosion_Assets.zip,Hand-Drawn 2D FX_ Level 1/FX Concept Painting Elemental Studies - Design/Fire Explosion/1273-020_Concept_Art_Fire_Explosion_Assets.zip,ALREADY_EXISTS_ZIP,2646903
video,Thumbnails,https://embed-ssl.wistia.com/deliveries/1d94cc030d9225d2d101449ab4aab0541366a2f0.bin,Thumbnails.mp4,Hand-Drawn 2D FX_ Level 1/FX Concept Painting Elemental Studies - Design/Lightning Zap/Thumbnails.mp4,ALREADY_EXISTS_MP4,52394928
resource,Thumbnails,https://www.vfxapprentice.com/courses/downloads/2151612362/1273-040_concept_art_lightning_zap_assets-zip,1273-040_Concept_Art_Lightning_Zap_Assets.zip,Hand-Drawn 2D FX_ Level 1/FX Concept Painting Elemental Studies - Design/Lightning Zap/1273-040_Concept_Art_Lightning_Zap_Assets.zip,ALREADY_EXISTS_ZIP,2767578
video,Painting & Commentary,https://embed-ssl.wistia.com/deliveries/78473b19e5df8df390495413e6e258aec4e3f592.bin,Painting & Commentary.mp4,Hand-Drawn 2D FX_ Level 1/FX Concept Painting Elemental Studies - Design/Wispy Cloud/Painting & Commentary.mp4,ALREADY_EXISTS_MP4,344911747
resource,Painting & Commentary,https://www.vfxapprentice.com/courses/downloads/2151612361/1273-030_concept_art_wispy_cloud_assets-zip,1273-030_Concept_Art_Wispy_Cloud_Assets.zip,Hand-Drawn 2D FX_ Level 1/FX Concept Painting Elemental Studies - Design/Wispy Cloud/1273-030_Concept_Art_Wispy_Cloud_Assets.zip,ALREADY_EXISTS_ZIP,12132871
video,Painting & Commentary,https://embed-ssl.wistia.com/deliveries/d98f3ec8b90713b786af82cce30e4ecdeac76dc9.bin,Painting & Commentary.mp4,Hand-Drawn 2D FX_ Level 1/FX Concept Painting Elemental Studies - Design/Lightning Zap/Painting & Commentary.mp4,ALREADY_EXISTS_MP4,412730428
resource,Painting & Commentary,https://www.vfxapprentice.com/courses/downloads/2151612363/1273-040_concept_art_lightning_zap_assets-zip,1273-040_Concept_Art_Lightning_Zap_Assets.zip,Hand-Drawn 2D FX_ Level 1/FX Concept Painting Elemental Studies - Design/Lightning Zap/1273-040_Concept_Art_Lightning_Zap_Assets.zip,ALREADY_EXISTS_ZIP,2767578
video,Thumbnails,https://embed-ssl.wistia.com/deliveries/d8d65830f59008552dfc6098e376f454013cb2b1.bin,Thumbnails.mp4,Hand-Drawn 2D FX_ Level 1/FX Concept Painting Elemental Studies - Design/Goo Splat/Thumbnails.mp4,ALREADY_EXISTS_MP4,58203634
resource,Thumbnails,https://www.vfxapprentice.com/courses/downloads/2151612364/1273-050_concept_art_goo_splat_assets-zip,1273-050_Concept_Art_Goo_Splat_Assets.zip,Hand-Drawn 2D FX_ Level 1/FX Concept Painting Elemental Studies - Design/Goo Splat/1273-050_Concept_Art_Goo_Splat_Assets.zip,ALREADY_EXISTS_ZIP,2890581
video,Painting & Commentary,https://embed-ssl.wistia.com/deliveries/9359834235d9d15fabfff197507374a50cfee2b6.bin,Painting & Commentary.mp4,Hand-Drawn 2D FX_ Level 1/FX Concept Painting Elemental Studies - Design/Goo Splat/Painting & Commentary.mp4,ALREADY_EXISTS_MP4,204767493
resource,Painting & Commentary,https://www.vfxapprentice.com/courses/downloads/2151612365/1273-050_concept_art_goo_splat_assets-zip,1273-050_Concept_Art_Goo_Splat_Assets.zip,Hand-Drawn 2D FX_ Level 1/FX Concept Painting Elemental Studies - Design/Goo Splat/1273-050_Concept_Art_Goo_Splat_Assets.zip,ALREADY_EXISTS_ZIP,2890581
video,Painting & Commentary,https://embed-ssl.wistia.com/deliveries/224ecf4177d51a07596b4608a9f156291a36acc0.bin,Painting & Commentary.mp4,Hand-Drawn 2D FX_ Level 1/FX Concept Painting Elemental Studies - Design/Sparker & Aquanna Illustration/Painting & Commentary.mp4,ALREADY_EXISTS_MP4,198047501
resource,Painting & Commentary,https://www.vfxapprentice.com/courses/downloads/2151612368/1273-060_bonus_elemental_illustration_assets-zip,1273-060_BONUS_Elemental_Illustration_Assets.zip,Hand-Drawn 2D FX_ Level 1/FX Concept Painting Elemental Studies - Design/Sparker & Aquanna Illustration/1273-060_BONUS_Elemental_Illustration_Assets.zip,ALREADY_EXISTS_ZIP,624686
video,Dissipation,https://embed-ssl.wistia.com/deliveries/09e303600099b9fdacbf5ac286db3e4e585e11a9.bin,Dissipation.mp4,Hand-Drawn 2D FX_ Level 1/Small 2D FX Animation Studies - Animation/Light Burst/Dissipation.mp4,ALREADY_EXISTS_MP4,194075554
resource,Dissipation,https://www.vfxapprentice.com/courses/downloads/2151612264/1255-010_light_burst_assets-zip,1255-010_Light_Burst_Assets.zip,Hand-Drawn 2D FX_ Level 1/Small 2D FX Animation Studies - Animation/Light Burst/1255-010_Light_Burst_Assets.zip,ALREADY_EXISTS_ZIP,104867
video,Corona Shine,https://embed-ssl.wistia.com/deliveries/74e9a7b1b9fa28127e21a80637de41bc2ba7b166.bin,Corona Shine.mp4,Hand-Drawn 2D FX_ Level 1/Small 2D FX Animation Studies - Animation/Light Burst/Corona Shine.mp4,ALREADY_EXISTS_MP4,202884326
resource,Corona Shine,https://www.vfxapprentice.com/courses/downloads/2151612262/1255-010_light_burst_assets-zip,1255-010_Light_Burst_Assets.zip,Hand-Drawn 2D FX_ Level 1/Small 2D FX Animation Studies - Animation/Light Burst/1255-010_Light_Burst_Assets.zip,ALREADY_EXISTS_ZIP,104867
video,Revisions,https://embed-ssl.wistia.com/deliveries/20153bc6d00acbd0abd097827d670c1b0afe1769.bin,Revisions.mp4,Hand-Drawn 2D FX_ Level 1/Small 2D FX Animation Studies - Animation/Light Burst/Revisions.mp4,ALREADY_EXISTS_MP4,173513432
resource,Revisions,https://www.vfxapprentice.com/courses/downloads/2151612265/1255-010_light_burst_assets-zip,1255-010_Light_Burst_Assets.zip,Hand-Drawn 2D FX_ Level 1/Small 2D FX Animation Studies - Animation/Light Burst/1255-010_Light_Burst_Assets.zip,ALREADY_EXISTS_ZIP,104867
video,Inner Shapes,https://embed-ssl.wistia.com/deliveries/150184db3e2f85510d50b9689a54e96a016a33d8.bin,Inner Shapes.mp4,Hand-Drawn 2D FX_ Level 1/Small 2D FX Animation Studies - Animation/Light Burst/Inner Shapes.mp4,ALREADY_EXISTS_MP4,160301751
resource,Inner Shapes,https://www.vfxapprentice.com/courses/downloads/2151612266/1255-010_light_burst_assets-zip,1255-010_Light_Burst_Assets.zip,Hand-Drawn 2D FX_ Level 1/Small 2D FX Animation Studies - Animation/Light Burst/1255-010_Light_Burst_Assets.zip,ALREADY_EXISTS_ZIP,104867
video,Color & Glow,https://embed-ssl.wistia.com/deliveries/3bcdc45c99cca2e55a3cc34a1416f8c907d1d750.bin,Color & Glow.mp4,Hand-Drawn 2D FX_ Level 1/Small 2D FX Animation Studies - Animation/Light Burst/Color & Glow.mp4,ALREADY_EXISTS_MP4,168288166
resource,Color & Glow,https://www.vfxapprentice.com/courses/downloads/2151612267/1255-010_light_burst_assets-zip,1255-010_Light_Burst_Assets.zip,Hand-Drawn 2D FX_ Level 1/Small 2D FX Animation Studies - Animation/Light Burst/1255-010_Light_Burst_Assets.zip,ALREADY_EXISTS_ZIP,104867
video,Flipbook Creation,https://embed-ssl.wistia.com/deliveries/6e67df202d2769a4ee3cc95628947b550c32a249.bin,Flipbook Creation.mp4,Hand-Drawn 2D FX_ Level 1/Small 2D FX Animation Studies - Animation/Light Burst/Flipbook Creation.mp4,ALREADY_EXISTS_MP4,251314416
resource,Flipbook Creation,https://www.vfxapprentice.com/courses/downloads/2151612268/1255-010_light_burst_assets-zip,1255-010_Light_Burst_Assets.zip,Hand-Drawn 2D FX_ Level 1/Small 2D FX Animation Studies - Animation/Light Burst/1255-010_Light_Burst_Assets.zip,ALREADY_EXISTS_ZIP,104867
video,Primary Motion,https://embed-ssl.wistia.com/deliveries/3caa806c3ef792f82cde2d71856410b51fe666c2.bin,Primary Motion.mp4,Hand-Drawn 2D FX_ Level 1/Small 2D FX Animation Studies - Animation/Fire Swoosh/Primary Motion.mp4,ALREADY_EXISTS_MP4,154781830
resource,Primary Motion,https://www.vfxapprentice.com/courses/downloads/2151612273/1255-020_fire_swoosh_assets-zip,1255-020_Fire_Swoosh_Assets.zip,Hand-Drawn 2D FX_ Level 1/Small 2D FX Animation Studies - Animation/Fire Swoosh/1255-020_Fire_Swoosh_Assets.zip,ALREADY_EXISTS_ZIP,348557
video,Secondary Bits,https://embed-ssl.wistia.com/deliveries/30756cc521d12d09f0e2c93a7dd5f915ef165bfc.bin,Secondary Bits.mp4,Hand-Drawn 2D FX_ Level 1/Small 2D FX Animation Studies - Animation/Fire Swoosh/Secondary Bits.mp4,ALREADY_EXISTS_MP4,71832104
resource,Secondary Bits,https://www.vfxapprentice.com/courses/downloads/2151612274/1255-020_fire_swoosh_assets-zip,1255-020_Fire_Swoosh_Assets.zip,Hand-Drawn 2D FX_ Level 1/Small 2D FX Animation Studies - Animation/Fire Swoosh/1255-020_Fire_Swoosh_Assets.zip,ALREADY_EXISTS_ZIP,348557
video,Inbetweens,https://embed-ssl.wistia.com/deliveries/1eb363fefe0c8c1dc9be74ccf93245b62c7a6f15.bin,Inbetweens.mp4,Hand-Drawn 2D FX_ Level 1/Small 2D FX Animation Studies - Animation/Fire Swoosh/Inbetweens.mp4,ALREADY_EXISTS_MP4,118210884
resource,Inbetweens,https://www.vfxapprentice.com/courses/downloads/2151612277/1255-020_fire_swoosh_assets-zip,1255-020_Fire_Swoosh_Assets.zip,Hand-Drawn 2D FX_ Level 1/Small 2D FX Animation Studies - Animation/Fire Swoosh/1255-020_Fire_Swoosh_Assets.zip,ALREADY_EXISTS_ZIP,348557
video,Inner Shapes,https://embed-ssl.wistia.com/deliveries/3a46e8cf11ace536f4c7f663522a47b6781caa6c.bin,Inner Shapes.mp4,Hand-Drawn 2D FX_ Level 1/Small 2D FX Animation Studies - Animation/Fire Swoosh/Inner Shapes.mp4,ALREADY_EXISTS_MP4,117071702
resource,Inner Shapes,https://www.vfxapprentice.com/courses/downloads/2151612276/1255-020_fire_swoosh_assets-zip,1255-020_Fire_Swoosh_Assets.zip,Hand-Drawn 2D FX_ Level 1/Small 2D FX Animation Studies - Animation/Fire Swoosh/1255-020_Fire_Swoosh_Assets.zip,ALREADY_EXISTS_ZIP,348557
video,Flipbook Creation,https://embed-ssl.wistia.com/deliveries/cb298538f00deaf37848de53952c33463d211b8e.bin,Flipbook Creation.mp4,Hand-Drawn 2D FX_ Level 1/Small 2D FX Animation Studies - Animation/Fire Swoosh/Flipbook Creation.mp4,ALREADY_EXISTS_MP4,111900265
resource,Flipbook Creation,https://www.vfxapprentice.com/courses/downloads/2151612278/1255-020_fire_swoosh_assets-zip,1255-020_Fire_Swoosh_Assets.zip,Hand-Drawn 2D FX_ Level 1/Small 2D FX Animation Studies - Animation/Fire Swoosh/1255-020_Fire_Swoosh_Assets.zip,ALREADY_EXISTS_ZIP,348557
video,Primary Motion,https://embed-ssl.wistia.com/deliveries/4029f02ae47c6753a7eaa2ffa9bdd835eef2c221.bin,Primary Motion.mp4,Hand-Drawn 2D FX_ Level 1/Small 2D FX Animation Studies - Animation/Nether Poof/Primary Motion.mp4,ALREADY_EXISTS_MP4,225305032
resource,Primary Motion,https://www.vfxapprentice.com/courses/downloads/2151612282/1255-030_nether_poof_assets-zip,1255-030_Nether_Poof_Assets.zip,Hand-Drawn 2D FX_ Level 1/Small 2D FX Animation Studies - Animation/Nether Poof/1255-030_Nether_Poof_Assets.zip,ALREADY_EXISTS_ZIP,572513
video,Retiming & Inbetweens,https://embed-ssl.wistia.com/deliveries/465cc3db32a537dac8228810aa9930266f95adee.bin,Retiming & Inbetweens.mp4,Hand-Drawn 2D FX_ Level 1/Small 2D FX Animation Studies - Animation/Nether Poof/Retiming & Inbetweens.mp4,ALREADY_EXISTS_MP4,174568542
resource,Retiming & Inbetweens,https://www.vfxapprentice.com/courses/downloads/2151612283/1255-030_nether_poof_assets-zip,1255-030_Nether_Poof_Assets.zip,Hand-Drawn 2D FX_ Level 1/Small 2D FX Animation Studies - Animation/Nether Poof/1255-030_Nether_Poof_Assets.zip,ALREADY_EXISTS_ZIP,572513
video,Highlights,https://embed-ssl.wistia.com/deliveries/4ba51c29fc36dbe032157e7d9c2071e02015d98c.bin,Highlights.mp4,Hand-Drawn 2D FX_ Level 1/Small 2D FX Animation Studies - Animation/Nether Poof/Highlights.mp4,ALREADY_EXISTS_MP4,197982616
resource,Highlights,https://www.vfxapprentice.com/courses/downloads/2151612286/1255-030_nether_poof_assets-zip,1255-030_Nether_Poof_Assets.zip,Hand-Drawn 2D FX_ Level 1/Small 2D FX Animation Studies - Animation/Nether Poof/1255-030_Nether_Poof_Assets.zip,ALREADY_EXISTS_ZIP,572513
video,Color Adjustments & Glows,https://embed-ssl.wistia.com/deliveries/77165fad0459bee0c5414a5022da57025b5f06cc.bin,Color Adjustments & Glows.mp4,Hand-Drawn 2D FX_ Level 1/Small 2D FX Animation Studies - Animation/Nether Poof/Color Adjustments & Glows.mp4,ALREADY_EXISTS_MP4,194030485
resource,Color Adjustments & Glows,https://www.vfxapprentice.com/courses/downloads/2151612287/1255-030_nether_poof_assets-zip,1255-030_Nether_Poof_Assets.zip,Hand-Drawn 2D FX_ Level 1/Small 2D FX Animation Studies - Animation/Nether Poof/1255-030_Nether_Poof_Assets.zip,ALREADY_EXISTS_ZIP,572513
video,Inner Shapes,https://embed-ssl.wistia.com/deliveries/e3b7c25787e51a89f33640213301ed3c14641ecc.bin,Inner Shapes.mp4,Hand-Drawn 2D FX_ Level 1/Small 2D FX Animation Studies - Animation/Nether Poof/Inner Shapes.mp4,ALREADY_EXISTS_MP4,207368951
resource,Inner Shapes,https://www.vfxapprentice.com/courses/downloads/2151612285/1255-030_nether_poof_assets-zip,1255-030_Nether_Poof_Assets.zip,Hand-Drawn 2D FX_ Level 1/Small 2D FX Animation Studies - Animation/Nether Poof/1255-030_Nether_Poof_Assets.zip,ALREADY_EXISTS_ZIP,572513
video,Raw Time-lapse,https://embed-ssl.wistia.com/deliveries/c5ce9ca087b7c60ba4e35775d669e66ef2659c4c.bin,Raw Time-lapse.mp4,Hand-Drawn 2D FX_ Level 1/Small 2D FX Animation Studies - Animation/Nether Poof/Raw Time-lapse.mp4,ALREADY_EXISTS_MP4,308399866
resource,Raw Time-lapse,https://www.vfxapprentice.com/courses/downloads/2151612288/1255-030_nether_poof_assets-zip,1255-030_Nether_Poof_Assets.zip,Hand-Drawn 2D FX_ Level 1/Small 2D FX Animation Studies - Animation/Nether Poof/1255-030_Nether_Poof_Assets.zip,ALREADY_EXISTS_ZIP,572513
video,Straight-Ahead Silhouette,https://embed-ssl.wistia.com/deliveries/6880c8cf93b5fd60b46d9046e18f631b830380b7.bin,Straight-Ahead Silhouette.mp4,Hand-Drawn 2D FX_ Level 1/Small 2D FX Animation Studies - Animation/Poison Splat/Straight-Ahead Silhouette.mp4,ALREADY_EXISTS_MP4,353013956
resource,Straight-Ahead Silhouette,https://www.vfxapprentice.com/courses/downloads/2151612292/1255-040_poison_splat_assets-zip,1255-040_Poison_Splat_Assets.zip,Hand-Drawn 2D FX_ Level 1/Small 2D FX Animation Studies - Animation/Poison Splat/1255-040_Poison_Splat_Assets.zip,ALREADY_EXISTS_ZIP,1411343
video,Edge Shadows,https://embed-ssl.wistia.com/deliveries/5d6dac752d43532c9312fd81be8d714ee622afc6.bin,Edge Shadows.mp4,Hand-Drawn 2D FX_ Level 1/Small 2D FX Animation Studies - Animation/Poison Splat/Edge Shadows.mp4,ALREADY_EXISTS_MP4,218883758
resource,Edge Shadows,https://www.vfxapprentice.com/courses/downloads/2151612295/1255-040_poison_splat_assets-zip,1255-040_Poison_Splat_Assets.zip,Hand-Drawn 2D FX_ Level 1/Small 2D FX Animation Studies - Animation/Poison Splat/1255-040_Poison_Splat_Assets.zip,ALREADY_EXISTS_ZIP,1411343
video,"Color Adjustments, Glows, & Highlights",https://embed-ssl.wistia.com/deliveries/764c01865c426e063319f2f528b2d3c9fb3ac4b3.bin,"Color Adjustments, Glows, & Highlights.mp4","Hand-Drawn 2D FX_ Level 1/Small 2D FX Animation Studies - Animation/Poison Splat/Color Adjustments, Glows, & Highlights.mp4",ALREADY_EXISTS_MP4,192609433
resource,"Color Adjustments, Glows, & Highlights",https://www.vfxapprentice.com/courses/downloads/2151612296/1255-040_poison_splat_assets-zip,1255-040_Poison_Splat_Assets.zip,Hand-Drawn 2D FX_ Level 1/Small 2D FX Animation Studies - Animation/Poison Splat/1255-040_Poison_Splat_Assets.zip,ALREADY_EXISTS_ZIP,1411343
video,Primary Motion,https://embed-ssl.wistia.com/deliveries/276413ef91d71375a9e67c295dca2ae74a923aa9.bin,Primary Motion.mp4,Hand-Drawn 2D FX_ Level 1/Small 2D FX Animation Studies - Animation/Dark Zap/Primary Motion.mp4,ALREADY_EXISTS_MP4,188379752
resource,Primary Motion,https://www.vfxapprentice.com/courses/downloads/2151612299/1255-050_dark_zap_assets-zip,1255-050_Dark_Zap_Assets.zip,Hand-Drawn 2D FX_ Level 1/Small 2D FX Animation Studies - Animation/Dark Zap/1255-050_Dark_Zap_Assets.zip,ALREADY_EXISTS_ZIP,69349
video,Secondary Shapes & Glow,https://embed-ssl.wistia.com/deliveries/642e844f336f5167ccc8ef2e784a5272c28e57a4.bin,Secondary Shapes & Glow.mp4,Hand-Drawn 2D FX_ Level 1/Small 2D FX Animation Studies - Animation/Dark Zap/Secondary Shapes & Glow.mp4,ALREADY_EXISTS_MP4,151154094
resource,Secondary Shapes & Glow,https://www.vfxapprentice.com/courses/downloads/2151612301/1255-050_dark_zap_assets-zip,1255-050_Dark_Zap_Assets.zip,Hand-Drawn 2D FX_ Level 1/Small 2D FX Animation Studies - Animation/Dark Zap/1255-050_Dark_Zap_Assets.zip,ALREADY_EXISTS_ZIP,69349
video,Raw Time-lapse,https://embed-ssl.wistia.com/deliveries/e8f791cb5a00041224bbbc6bbc1166c5babb28c9.bin,Raw Time-lapse.mp4,Hand-Drawn 2D FX_ Level 1/Small 2D FX Animation Studies - Animation/Poison Splat/Raw Time-lapse.mp4,ALREADY_EXISTS_MP4,257797432
resource,Raw Time-lapse,https://www.vfxapprentice.com/courses/downloads/2151612297/1255-040_poison_splat_assets-zip,1255-040_Poison_Splat_Assets.zip,Hand-Drawn 2D FX_ Level 1/Small 2D FX Animation Studies - Animation/Poison Splat/1255-040_Poison_Splat_Assets.zip,ALREADY_EXISTS_ZIP,1411343
video,Three-Dimensional Backside,https://embed-ssl.wistia.com/deliveries/7732c78e114f0022f6f7b04b5c1b228153196d20.bin,Three-Dimensional Backside.mp4,Hand-Drawn 2D FX_ Level 1/Small 2D FX Animation Studies - Animation/Poison Splat/Three-Dimensional Backside.mp4,ALREADY_EXISTS_MP4,198571280
resource,Three-Dimensional Backside,https://www.vfxapprentice.com/courses/downloads/2151612293/1255-040_poison_splat_assets-zip,1255-040_Poison_Splat_Assets.zip,Hand-Drawn 2D FX_ Level 1/Small 2D FX Animation Studies - Animation/Poison Splat/1255-040_Poison_Splat_Assets.zip,ALREADY_EXISTS_ZIP,1411343
video,Raw Time-lapse,https://embed-ssl.wistia.com/deliveries/a598405dfc88e64dd864a9ca6234acf5734aae47.bin,Raw Time-lapse.mp4,Hand-Drawn 2D FX_ Level 1/Small 2D FX Animation Studies - Animation/Dark Zap/Raw Time-lapse.mp4,ALREADY_EXISTS_MP4,172112194
resource,Raw Time-lapse,https://www.vfxapprentice.com/courses/downloads/2151612302/1255-050_dark_zap_assets-zip,1255-050_Dark_Zap_Assets.zip,Hand-Drawn 2D FX_ Level 1/Small 2D FX Animation Studies - Animation/Dark Zap/1255-050_Dark_Zap_Assets.zip,ALREADY_EXISTS_ZIP,69349
video,Shape Refinements,https://embed-ssl.wistia.com/deliveries/c92619ff93417aa8002302487a57e3fa8fe4cce4.bin,Shape Refinements.mp4,Hand-Drawn 2D FX_ Level 1/Small 2D FX Animation Studies - Animation/Bubbly Charm/Shape Refinements.mp4,ALREADY_EXISTS_MP4,162741482
resource,Shape Refinements,https://www.vfxapprentice.com/courses/downloads/2153300571/1255-060_bubbly_charm_assets-zip,1255-060_Bubbly_Charm_Assets.zip,Hand-Drawn 2D FX_ Level 1/Small 2D FX Animation Studies - Animation/Bubbly Charm/1255-060_Bubbly_Charm_Assets.zip,ALREADY_EXISTS_ZIP,581786
video,Motion Cleanup,https://embed-ssl.wistia.com/deliveries/1d8b78dd84ed07cbd25cbf04abfc50a2fa0b625e.bin,Motion Cleanup.mp4,Hand-Drawn 2D FX_ Level 1/Small 2D FX Animation Studies - Animation/Bubbly Charm/Motion Cleanup.mp4,ALREADY_EXISTS_MP4,139218271
resource,Motion Cleanup,https://www.vfxapprentice.com/courses/downloads/2153300567/1255-060_bubbly_charm_assets-zip,1255-060_Bubbly_Charm_Assets.zip,Hand-Drawn 2D FX_ Level 1/Small 2D FX Animation Studies - Animation/Bubbly Charm/1255-060_Bubbly_Charm_Assets.zip,ALREADY_EXISTS_ZIP,581786
video,Secondary Shapes,https://embed-ssl.wistia.com/deliveries/05873d722bdad9f0528ce01e2403485a7fac160b.bin,Secondary Shapes.mp4,Hand-Drawn 2D FX_ Level 1/Small 2D FX Animation Studies - Animation/Bubbly Charm/Secondary Shapes.mp4,ALREADY_EXISTS_MP4,172663780
resource,Secondary Shapes,https://www.vfxapprentice.com/courses/downloads/2153300574/1255-060_bubbly_charm_assets-zip,1255-060_Bubbly_Charm_Assets.zip,Hand-Drawn 2D FX_ Level 1/Small 2D FX Animation Studies - Animation/Bubbly Charm/1255-060_Bubbly_Charm_Assets.zip,ALREADY_EXISTS_ZIP,581786
video,Basic Motion Setup,https://embed-ssl.wistia.com/deliveries/109515f14ee8b12f7548ce1159c084c1f5a001c1.bin,Basic Motion Setup.mp4,Hand-Drawn 2D FX_ Level 1/Small 2D FX Animation Studies - Animation/Bubbly Charm/Basic Motion Setup.mp4,ALREADY_EXISTS_MP4,160494621
resource,Basic Motion Setup,https://www.vfxapprentice.com/courses/downloads/2153300564/1255-060_bubbly_charm_assets-zip,1255-060_Bubbly_Charm_Assets.zip,Hand-Drawn 2D FX_ Level 1/Small 2D FX Animation Studies - Animation/Bubbly Charm/1255-060_Bubbly_Charm_Assets.zip,ALREADY_EXISTS_ZIP,581786
video,Polish & Glow,https://embed-ssl.wistia.com/deliveries/cc4a8b2ea2a863d6b243f617b54c60bc68329c9a.bin,Polish & Glow.mp4,Hand-Drawn 2D FX_ Level 1/Small 2D FX Animation Studies - Animation/Bubbly Charm/Polish & Glow.mp4,ALREADY_EXISTS_MP4,157808196
resource,Polish & Glow,https://www.vfxapprentice.com/courses/downloads/2153300576/1255-060_bubbly_charm_assets-zip,1255-060_Bubbly_Charm_Assets.zip,Hand-Drawn 2D FX_ Level 1/Small 2D FX Animation Studies - Animation/Bubbly Charm/1255-060_Bubbly_Charm_Assets.zip,ALREADY_EXISTS_ZIP,581786
video,Raw Time-lapse,https://embed-ssl.wistia.com/deliveries/a1606baada3eba5b0164405ad4f74047162fbd1e.bin,Raw Time-lapse.mp4,Hand-Drawn 2D FX_ Level 1/Small 2D FX Animation Studies - Animation/Bubbly Charm/Raw Time-lapse.mp4,ALREADY_EXISTS_MP4,220948482
resource,Raw Time-lapse,https://www.vfxapprentice.com/courses/downloads/2153300578/1255-060_bubbly_charm_assets-zip,1255-060_Bubbly_Charm_Assets.zip,Hand-Drawn 2D FX_ Level 1/Small 2D FX Animation Studies - Animation/Bubbly Charm/1255-060_Bubbly_Charm_Assets.zip,ALREADY_EXISTS_ZIP,581786
video,Primary Motion,https://embed-ssl.wistia.com/deliveries/2ed1656badfab722ed7f6b349f8357091b9cff72.bin,Primary Motion.mp4,Hand-Drawn 2D FX_ Level 1/Small 2D FX Animation Studies - Animation/Cyber Tech Slash/Primary Motion.mp4,ALREADY_EXISTS_MP4,196210855
resource,Primary Motion,https://www.vfxapprentice.com/courses/downloads/2151612320/1255-070_cyber_tech_slash_assets-zip,1255-070_Cyber_Tech_Slash_Assets.zip,Hand-Drawn 2D FX_ Level 1/Small 2D FX Animation Studies - Animation/Cyber Tech Slash/1255-070_Cyber_Tech_Slash_Assets.zip,ALREADY_EXISTS_ZIP,3651587
video,Cleanup,https://embed-ssl.wistia.com/deliveries/7ef9fc07483e0c15f7c2e2a8c9c40a65ba1ae948.bin,Cleanup.mp4,Hand-Drawn 2D FX_ Level 1/Small 2D FX Animation Studies - Animation/Cyber Tech Slash/Cleanup.mp4,ALREADY_EXISTS_MP4,61308716
resource,Cleanup,https://www.vfxapprentice.com/courses/downloads/2151612323/1255-070_cyber_tech_slash_assets-zip,1255-070_Cyber_Tech_Slash_Assets.zip,Hand-Drawn 2D FX_ Level 1/Small 2D FX Animation Studies - Animation/Cyber Tech Slash/1255-070_Cyber_Tech_Slash_Assets.zip,ALREADY_EXISTS_ZIP,3651587
video,Resolve Shapes,https://embed-ssl.wistia.com/deliveries/7304566c72ff0af022886bd5105b03e7efbd1fd5.bin,Resolve Shapes.mp4,Hand-Drawn 2D FX_ Level 1/Small 2D FX Animation Studies - Animation/Cyber Tech Slash/Resolve Shapes.mp4,ALREADY_EXISTS_MP4,113316995
resource,Resolve Shapes,https://www.vfxapprentice.com/courses/downloads/2151612322/1255-070_cyber_tech_slash_assets-zip,1255-070_Cyber_Tech_Slash_Assets.zip,Hand-Drawn 2D FX_ Level 1/Small 2D FX Animation Studies - Animation/Cyber Tech Slash/1255-070_Cyber_Tech_Slash_Assets.zip,ALREADY_EXISTS_ZIP,3651587
video,Secondary Shapes,https://embed-ssl.wistia.com/deliveries/c7ba292f2330086a3e7f446239868aa52425d18b.bin,Secondary Shapes.mp4,Hand-Drawn 2D FX_ Level 1/Small 2D FX Animation Studies - Animation/Cyber Tech Slash/Secondary Shapes.mp4,ALREADY_EXISTS_MP4,113270422
resource,Secondary Shapes,https://www.vfxapprentice.com/courses/downloads/2151612326/1255-070_cyber_tech_slash_assets-zip,1255-070_Cyber_Tech_Slash_Assets.zip,Hand-Drawn 2D FX_ Level 1/Small 2D FX Animation Studies - Animation/Cyber Tech Slash/1255-070_Cyber_Tech_Slash_Assets.zip,ALREADY_EXISTS_ZIP,3651587
video,Accent Shapes & Color,https://embed-ssl.wistia.com/deliveries/f56e2fa0af7b313cce34a4ec2ef120e914d4a631.bin,Accent Shapes & Color.mp4,Hand-Drawn 2D FX_ Level 1/Small 2D FX Animation Studies - Animation/Cyber Tech Slash/Accent Shapes & Color.mp4,ALREADY_EXISTS_MP4,159777730
resource,Accent Shapes & Color,https://www.vfxapprentice.com/courses/downloads/2151612328/1255-070_cyber_tech_slash_assets-zip,1255-070_Cyber_Tech_Slash_Assets.zip,Hand-Drawn 2D FX_ Level 1/Small 2D FX Animation Studies - Animation/Cyber Tech Slash/1255-070_Cyber_Tech_Slash_Assets.zip,ALREADY_EXISTS_ZIP,3651587
video,Color Tweaks Raw Time-lapse,https://embed-ssl.wistia.com/deliveries/c1e0bdb320d02593381af52c30fa5a34af866942.bin,Color Tweaks Raw Time-lapse.mp4,Hand-Drawn 2D FX_ Level 1/Small 2D FX Animation Studies - Animation/Cyber Tech Slash/Color Tweaks Raw Time-lapse.mp4,ALREADY_EXISTS_MP4,36530650
resource,Color Tweaks Raw Time-lapse,https://www.vfxapprentice.com/courses/downloads/2151612334/1255-070_cyber_tech_slash_assets-zip,1255-070_Cyber_Tech_Slash_Assets.zip,,FAILED_HTTP_429,0
lesson,Animation process,https://www.vfxapprentice.com/products/hand-drawn-2d-fx-level-1/categories/2150627658/posts/2158961150,,,FAILED_PAGE_429,0
video,Gradient & Glow,https://embed-ssl.wistia.com/deliveries/ace35242c56c8a46bf9e27dbe73ff3902a217ebb.bin,Gradient & Glow.mp4,Hand-Drawn 2D FX_ Level 1/Small 2D FX Animation Studies - Animation/Cyber Tech Slash/Gradient & Glow.mp4,ALREADY_EXISTS_MP4,224206948
resource,Gradient & Glow,https://www.vfxapprentice.com/courses/downloads/2151612329/1255-070_cyber_tech_slash_assets-zip,1255-070_Cyber_Tech_Slash_Assets.zip,Hand-Drawn 2D FX_ Level 1/Small 2D FX Animation Studies - Animation/Cyber Tech Slash/1255-070_Cyber_Tech_Slash_Assets.zip,ALREADY_EXISTS_ZIP,3651587
lesson,Coloring,https://www.vfxapprentice.com/products/hand-drawn-2d-fx-level-1/categories/2150627658/posts/2158961159,,,FAILED_PAGE_429,0
video,Style-target,https://embed-ssl.wistia.com/deliveries/9ec8636fc3abd75dc291870f35c8d55cd9313641.bin,Style-target.mp4,Hand-Drawn 2D FX_ Level 1/Medium 2D FX Animation Elemental Studies - Animation/Water Fling/Style-target.mp4,ALREADY_EXISTS_MP4,84747681
resource,Style-target,https://www.vfxapprentice.com/courses/downloads/2151612390/1275-020_water_fling_assets-zip,1275-020_Water_Fling_Assets.zip,,FAILED_HTTP_429,0
video,Raw Time-lapse,https://embed-ssl.wistia.com/deliveries/8cf7de40c25fcd206f83ee7ed0ac8bea318c0a17.bin,Raw Time-lapse.mp4,Hand-Drawn 2D FX_ Level 1/Small 2D FX Animation Studies - Animation/Cyber Tech Slash/Raw Time-lapse.mp4,ALREADY_EXISTS_MP4,269979467
resource,Raw Time-lapse,https://www.vfxapprentice.com/courses/downloads/2151612332/1255-070_cyber_tech_slash_assets-zip,1255-070_Cyber_Tech_Slash_Assets.zip,Hand-Drawn 2D FX_ Level 1/Small 2D FX Animation Studies - Animation/Cyber Tech Slash/1255-070_Cyber_Tech_Slash_Assets.zip,ALREADY_EXISTS_ZIP,3651587
lesson,Water Fling (Raw Video),https://www.vfxapprentice.com/products/hand-drawn-2d-fx-level-1/categories/2150627658/posts/2158961168,,,FAILED_PAGE_429,0
lesson,Base Animation,https://www.vfxapprentice.com/products/hand-drawn-2d-fx-level-1/categories/2150627660/posts/2158961170,,,FAILED_PAGE_429,0
lesson,Animation Finish & Coloring,https://www.vfxapprentice.com/products/hand-drawn-2d-fx-level-1/categories/2150627660/posts/2158961173,,,FAILED_PAGE_429,0
lesson,Animation (Raw Video),https://www.vfxapprentice.com/products/hand-drawn-2d-fx-level-1/categories/2150627660/posts/2158961175,,,FAILED_PAGE_429,0
lesson,Coloring (Raw Video),https://www.vfxapprentice.com/products/hand-drawn-2d-fx-level-1/categories/2150627660/posts/2158961176,,,FAILED_PAGE_429,0
lesson,Animation & Shading,https://www.vfxapprentice.com/products/hand-drawn-2d-fx-level-1/categories/2150627661/posts/2158961194,,,FAILED_PAGE_429,0
lesson,Animation (Raw Video),https://www.vfxapprentice.com/products/hand-drawn-2d-fx-level-1/categories/2150627661/posts/2158961197,,,FAILED_PAGE_429,0
lesson,Animation & Color,https://www.vfxapprentice.com/products/hand-drawn-2d-fx-level-1/categories/2150627663/posts/2158961204,,,FAILED_PAGE_429,0
lesson,Inner Shape & Shadows (Raw Video),https://www.vfxapprentice.com/products/hand-drawn-2d-fx-level-1/categories/2150627661/posts/2158961199,,,FAILED_PAGE_429,0
lesson,Animation (Raw Video),https://www.vfxapprentice.com/products/hand-drawn-2d-fx-level-1/categories/2150627663/posts/2158961206,,,FAILED_PAGE_429,0
lesson,Animation Breakdown,https://www.vfxapprentice.com/products/hand-drawn-2d-fx-level-1/categories/2150627664/posts/2158961212,,,FAILED_PAGE_429,0
lesson,Animation (Raw Video),https://www.vfxapprentice.com/products/hand-drawn-2d-fx-level-1/categories/2150627664/posts/2158961215,,,FAILED_PAGE_429,0
lesson,Main Spere Animation,https://www.vfxapprentice.com/products/hand-drawn-2d-fx-level-1/categories/2150627666/posts/2158961217,,,FAILED_PAGE_429,0
lesson,Windup & Dissolve,https://www.vfxapprentice.com/products/hand-drawn-2d-fx-level-1/categories/2150627666/posts/2158961220,,,FAILED_PAGE_429,0
lesson,Light Rays & Polish,https://www.vfxapprentice.com/products/hand-drawn-2d-fx-level-1/categories/2150627666/posts/2158961221,,,FAILED_PAGE_429,0
lesson,Medium 2D FX Elemental Studies Review,https://www.vfxapprentice.com/products/hand-drawn-2d-fx-level-1/categories/2150659780/posts/2159034806,,,FAILED_PAGE_429,0
lesson,Narrated Animation Process,https://www.vfxapprentice.com/products/hand-drawn-2d-fx-level-2/categories/2150659860/posts/2159084091,,,FAILED_PAGE_429,0
lesson,Full Animation Process (Raw Video),https://www.vfxapprentice.com/products/hand-drawn-2d-fx-level-2/categories/2150659860/posts/2159084092,,,FAILED_PAGE_429,0
lesson,Animating Light,https://www.vfxapprentice.com/products/hand-drawn-2d-fx-level-2/categories/2150659861/posts/2159084097,,,FAILED_PAGE_429,0
lesson,Full Animation Process (Raw Video),https://www.vfxapprentice.com/products/hand-drawn-2d-fx-level-2/categories/2150659861/posts/2159084099,,,FAILED_PAGE_429,0
lesson,First Animation Phase,https://www.vfxapprentice.com/products/hand-drawn-2d-fx-level-2/categories/2150659862/posts/2159084103,,,FAILED_PAGE_429,0
lesson,Shadow Block-in,https://www.vfxapprentice.com/products/hand-drawn-2d-fx-level-2/categories/2150659862/posts/2159084104,,,FAILED_PAGE_429,0
lesson,Smoke Dissipation,https://www.vfxapprentice.com/products/hand-drawn-2d-fx-level-2/categories/2150659862/posts/2159084106,,,FAILED_PAGE_429,0
lesson,Coloring,https://www.vfxapprentice.com/products/hand-drawn-2d-fx-level-2/categories/2150659862/posts/2159084117,,,FAILED_PAGE_429,0
lesson,Animation (Raw Video),https://www.vfxapprentice.com/products/hand-drawn-2d-fx-level-2/categories/2150659862/posts/2159084119,,,FAILED_PAGE_429,0
lesson,Shadow Pass (Raw Video),https://www.vfxapprentice.com/products/hand-drawn-2d-fx-level-2/categories/2150659862/posts/2159084120,,,FAILED_PAGE_429,0
lesson,Final Steps & Cleanup (Raw Video),https://www.vfxapprentice.com/products/hand-drawn-2d-fx-level-2/categories/2150659862/posts/2159084125,,,FAILED_PAGE_429,0
lesson,Coloring (Unnarrated),https://www.vfxapprentice.com/products/hand-drawn-2d-fx-level-2/categories/2150659862/posts/2159084126,,,FAILED_PAGE_429,0
lesson,Anticipation & Burst,https://www.vfxapprentice.com/products/hand-drawn-2d-fx-level-2/categories/2150659868/posts/2159084129,,,FAILED_PAGE_429,0
lesson,Inner Shapes & Color,https://www.vfxapprentice.com/products/hand-drawn-2d-fx-level-2/categories/2150659868/posts/2159084132,,,FAILED_PAGE_429,0
lesson,Animation Process (Raw Video),https://www.vfxapprentice.com/products/hand-drawn-2d-fx-level-2/categories/2150659868/posts/2159084134,,,FAILED_PAGE_429,0
lesson,Interior Color Shapes (Raw Video),https://www.vfxapprentice.com/products/hand-drawn-2d-fx-level-2/categories/2150659868/posts/2159084135,,,FAILED_PAGE_429,0
lesson,Lightning Anticipation,https://www.vfxapprentice.com/products/hand-drawn-2d-fx-level-2/categories/2150659869/posts/2159084143,,,FAILED_PAGE_429,0
lesson,Lightning Payoff & Expansion,https://www.vfxapprentice.com/products/hand-drawn-2d-fx-level-2/categories/2150659869/posts/2159084144,,,FAILED_PAGE_429,0
lesson,Full Animation Process (Raw Video),https://www.vfxapprentice.com/products/hand-drawn-2d-fx-level-2/categories/2150659869/posts/2159084146,,,FAILED_PAGE_429,0
lesson,Integrating FX With a Character Review,https://www.vfxapprentice.com/products/hand-drawn-2d-fx-level-2/categories/2150659871/posts/2159084021,,,FAILED_PAGE_429,0
lesson,Cursor Creation,https://www.vfxapprentice.com/products/hand-drawn-2d-fx-level-2/categories/2150660579/posts/2159086764,,,FAILED_PAGE_429,0
lesson,Shape Layers & Motion Paths,https://www.vfxapprentice.com/products/hand-drawn-2d-fx-level-2/categories/2150660580/posts/2159086768,,,FAILED_PAGE_429,0
lesson,Animated Text,https://www.vfxapprentice.com/products/hand-drawn-2d-fx-level-2/categories/2150660580/posts/2159086769,,,FAILED_PAGE_429,0
lesson,Impact Animations & Finishing Touches,https://www.vfxapprentice.com/products/hand-drawn-2d-fx-level-2/categories/2150660580/posts/2159086791,,,FAILED_PAGE_429,0
lesson,Card Design (Unnarrated),https://www.vfxapprentice.com/products/hand-drawn-2d-fx-level-2/categories/2150660582/posts/2159086793,,,FAILED_PAGE_429,0
lesson,Advanced Compositing,https://www.vfxapprentice.com/products/hand-drawn-2d-fx-level-2/categories/2150660582/posts/2159086794,,,FAILED_PAGE_429,0
lesson,Color & Compositing (Raw Video),https://www.vfxapprentice.com/products/hand-drawn-2d-fx-level-2/categories/2150660585/posts/2159086796,,,FAILED_PAGE_429,0
lesson,Advanced Compositing Tricks,https://www.vfxapprentice.com/products/hand-drawn-2d-fx-level-2/categories/2150660587/posts/2159086823,,,FAILED_PAGE_429,0
lesson,Simple Compositing (Raw Video),https://www.vfxapprentice.com/products/hand-drawn-2d-fx-level-2/categories/2150660588/posts/2159086814,,,FAILED_PAGE_429,0
lesson,Simple Motion Blur (Raw Video),https://www.vfxapprentice.com/products/hand-drawn-2d-fx-level-2/categories/2150660591/posts/2159086817,,,FAILED_PAGE_429,0
lesson,Simple Compositing for Big Animations (Raw Video),https://www.vfxapprentice.com/products/hand-drawn-2d-fx-level-2/categories/2150660592/posts/2159086820,,,FAILED_PAGE_429,0
video,Magical Recolor,https://embed-ssl.wistia.com/deliveries/8248c7371639ca36ec9efb498e5e70823b36be31.bin,Magical Recolor.mp4,Hand-Drawn 2D FX_ Level 2/Post-Process & Motion Graphics Track/Flame Avatar/Magical Recolor.mp4,ALREADY_EXISTS_MP4,195313002
resource,Magical Recolor,https://www.vfxapprentice.com/courses/downloads/2151612481/2238-070-flame_avatar_assets-zip,2238-070-Flame_Avatar_Assets.zip,Hand-Drawn 2D FX_ Level 2/Post-Process & Motion Graphics Track/Flame Avatar/2238-070-Flame_Avatar_Assets.zip,ALREADY_EXISTS_ZIP,135141344
video,Fire Compositing,https://embed-ssl.wistia.com/deliveries/cd9a8c703f4671d300270024f3951a79f0c0c68b.bin,Fire Compositing.mp4,Hand-Drawn 2D FX_ Level 2/Post-Process & Motion Graphics Track/Flame Avatar/Fire Compositing.mp4,ALREADY_EXISTS_MP4,155900571
resource,Fire Compositing,https://www.vfxapprentice.com/courses/downloads/2151612480/2238-070-flame_avatar_assets-zip,2238-070-Flame_Avatar_Assets.zip,Hand-Drawn 2D FX_ Level 2/Post-Process & Motion Graphics Track/Flame Avatar/2238-070-Flame_Avatar_Assets.zip,ALREADY_EXISTS_ZIP,135141344
video,Lense Flare & Glow (Raw Video),https://embed-ssl.wistia.com/deliveries/038494f78ca61c56825d7791d242959ad6bad947.bin,Lense Flare & Glow (Raw Video).mp4,Hand-Drawn 2D FX_ Level 2/Post-Process & Motion Graphics Track/Holy Avatar/Lense Flare & Glow (Raw Video).mp4,ALREADY_EXISTS_MP4,177709938
resource,Lense Flare & Glow (Raw Video),https://www.vfxapprentice.com/courses/downloads/2151612474/2238-110-holy_avatar_assets-zip,2238-110-Holy_Avatar_Assets.zip,Hand-Drawn 2D FX_ Level 2/Post-Process & Motion Graphics Track/Holy Avatar/2238-110-Holy_Avatar_Assets.zip,ALREADY_EXISTS_ZIP,230006
video,Scene Compositing (Raw Video),https://embed-ssl.wistia.com/deliveries/7a045e12caf2517d37daecf09fe371eadb1c0c32.bin,Scene Compositing (Raw Video).mp4,Hand-Drawn 2D FX_ Level 2/Post-Process & Motion Graphics Track/Electric Avatar/Scene Compositing (Raw Video).mp4,ALREADY_EXISTS_MP4,302853066
resource,Scene Compositing (Raw Video),https://www.vfxapprentice.com/courses/downloads/2151612476/2238-130-electric_avatar_assets-zip,2238-130-Electric_Avatar_Assets.zip,Hand-Drawn 2D FX_ Level 2/Post-Process & Motion Graphics Track/Electric Avatar/2238-130-Electric_Avatar_Assets.zip,ALREADY_EXISTS_ZIP,712786
video,Clean & Pixelated,https://embed-ssl.wistia.com/deliveries/9205060536d2eda3a8dc356aceb344311da3ed63.bin,Clean & Pixelated.mp4,Hand-Drawn 2D FX_ Level 2/Post-Process & Motion Graphics Track/Toxic Avatar/Clean & Pixelated.mp4,ALREADY_EXISTS_MP4,292378599
resource,Clean & Pixelated,https://www.vfxapprentice.com/courses/downloads/2151612475/2238-120-toxic_avatar_assets-zip,2238-120-Toxic_Avatar_Assets.zip,Hand-Drawn 2D FX_ Level 2/Post-Process & Motion Graphics Track/Toxic Avatar/2238-120-Toxic_Avatar_Assets.zip,ALREADY_EXISTS_ZIP,5115231
video,Overview & Introduction,https://embed-ssl.wistia.com/deliveries/e34cd719112c0a1a464f80a8b2ed0552fb7f6559.bin,Overview & Introduction.mp4,Hand-Drawn 2D FX_ Level 2/Complex 2D FX Composition Studies - Animation/FX Logo Animation/Overview & Introduction.mp4,ALREADY_EXISTS_MP4,56540435
resource,Overview & Introduction,https://www.vfxapprentice.com/courses/downloads/2151612494/2265-010_fx_logo_animation_assets-zip,2265-010_FX_Logo_Animation_Assets.zip,Hand-Drawn 2D FX_ Level 2/Complex 2D FX Composition Studies - Animation/FX Logo Animation/2265-010_FX_Logo_Animation_Assets.zip,ALREADY_EXISTS_ZIP,18389924
video,Logo Setup,https://embed-ssl.wistia.com/deliveries/df0c98e4aae29e9cca8cfe130180cb7da74b6ed8.bin,Logo Setup.mp4,Hand-Drawn 2D FX_ Level 2/Complex 2D FX Composition Studies - Animation/FX Logo Animation/Logo Setup.mp4,ALREADY_EXISTS_MP4,34800844
resource,Logo Setup,https://www.vfxapprentice.com/courses/downloads/2151612496/2265-010_fx_logo_animation_assets-zip,2265-010_FX_Logo_Animation_Assets.zip,Hand-Drawn 2D FX_ Level 2/Complex 2D FX Composition Studies - Animation/FX Logo Animation/2265-010_FX_Logo_Animation_Assets.zip,ALREADY_EXISTS_ZIP,18389924
video,Color Shift,https://embed-ssl.wistia.com/deliveries/3214a1e101663cf50a21dcb2fbccfaa66bccce5b.bin,Color Shift.mp4,Hand-Drawn 2D FX_ Level 2/Complex 2D FX Composition Studies - Animation/FX Logo Animation/Color Shift.mp4,ALREADY_EXISTS_MP4,72449235
resource,Color Shift,https://www.vfxapprentice.com/courses/downloads/2151612499/2265-010_fx_logo_animation_assets-zip,2265-010_FX_Logo_Animation_Assets.zip,Hand-Drawn 2D FX_ Level 2/Complex 2D FX Composition Studies - Animation/FX Logo Animation/2265-010_FX_Logo_Animation_Assets.zip,ALREADY_EXISTS_ZIP,18389924
video,Anticipation Bump,https://embed-ssl.wistia.com/deliveries/83779967e9b6bc9523e6cfe5984139158bfbdfcd.bin,Anticipation Bump.mp4,Hand-Drawn 2D FX_ Level 2/Complex 2D FX Composition Studies - Animation/FX Logo Animation/Anticipation Bump.mp4,ALREADY_EXISTS_MP4,21154023
resource,Anticipation Bump,https://www.vfxapprentice.com/courses/downloads/2151612497/2265-010_fx_logo_animation_assets-zip,2265-010_FX_Logo_Animation_Assets.zip,Hand-Drawn 2D FX_ Level 2/Complex 2D FX Composition Studies - Animation/FX Logo Animation/2265-010_FX_Logo_Animation_Assets.zip,ALREADY_EXISTS_ZIP,18389924
video,Anticipation Distortion,https://embed-ssl.wistia.com/deliveries/ae114d07ae2f24d208140ec1602603909d8d252c.bin,Anticipation Distortion.mp4,Hand-Drawn 2D FX_ Level 2/Complex 2D FX Composition Studies - Animation/FX Logo Animation/Anticipation Distortion.mp4,ALREADY_EXISTS_MP4,46837314
resource,Anticipation Distortion,https://www.vfxapprentice.com/courses/downloads/2151612501/2265-010_fx_logo_animation_assets-zip,2265-010_FX_Logo_Animation_Assets.zip,Hand-Drawn 2D FX_ Level 2/Complex 2D FX Composition Studies - Animation/FX Logo Animation/2265-010_FX_Logo_Animation_Assets.zip,ALREADY_EXISTS_ZIP,18389924
video,Radial Sparkle,https://embed-ssl.wistia.com/deliveries/6c425f626617d46ed1791f16e5b1bc2a0b671ed4.bin,Radial Sparkle.mp4,Hand-Drawn 2D FX_ Level 2/Complex 2D FX Composition Studies - Animation/FX Logo Animation/Radial Sparkle.mp4,ALREADY_EXISTS_MP4,107478147
resource,Radial Sparkle,https://www.vfxapprentice.com/courses/downloads/2151612502/2265-010_fx_logo_animation_assets-zip,2265-010_FX_Logo_Animation_Assets.zip,Hand-Drawn 2D FX_ Level 2/Complex 2D FX Composition Studies - Animation/FX Logo Animation/2265-010_FX_Logo_Animation_Assets.zip,ALREADY_EXISTS_ZIP,18389924
video,Supporting Animation,https://embed-ssl.wistia.com/deliveries/afe4123ef3b9c5397755c9002071c5514869d95a.bin,Supporting Animation.mp4,Hand-Drawn 2D FX_ Level 2/Complex 2D FX Composition Studies - Animation/FX Logo Animation/Supporting Animation.mp4,ALREADY_EXISTS_MP4,63295712
resource,Supporting Animation,https://www.vfxapprentice.com/courses/downloads/2151612504/2265-010_fx_logo_animation_assets-zip,2265-010_FX_Logo_Animation_Assets.zip,Hand-Drawn 2D FX_ Level 2/Complex 2D FX Composition Studies - Animation/FX Logo Animation/2265-010_FX_Logo_Animation_Assets.zip,ALREADY_EXISTS_ZIP,18389924
video,Additional Anticipation Effects,https://embed-ssl.wistia.com/deliveries/c998dda374c4379d67028a6b531a4d1ad1d9a70a.bin,Additional Anticipation Effects.mp4,Hand-Drawn 2D FX_ Level 2/Complex 2D FX Composition Studies - Animation/FX Logo Animation/Additional Anticipation Effects.mp4,ALREADY_EXISTS_MP4,31625453
resource,Additional Anticipation Effects,https://www.vfxapprentice.com/courses/downloads/2151612503/2265-010_fx_logo_animation_assets-zip,2265-010_FX_Logo_Animation_Assets.zip,Hand-Drawn 2D FX_ Level 2/Complex 2D FX Composition Studies - Animation/FX Logo Animation/2265-010_FX_Logo_Animation_Assets.zip,ALREADY_EXISTS_ZIP,18389924
video,Fire Animation,https://embed-ssl.wistia.com/deliveries/685237a1a8715b0c825bf239f39c9a22ba30b2c7.bin,Fire Animation.mp4,Hand-Drawn 2D FX_ Level 2/Complex 2D FX Composition Studies - Animation/FX Logo Animation/Fire Animation.mp4,ALREADY_EXISTS_MP4,104515199
resource,Fire Animation,https://www.vfxapprentice.com/courses/downloads/2151612506/2265-010_fx_logo_animation_assets-zip,2265-010_FX_Logo_Animation_Assets.zip,Hand-Drawn 2D FX_ Level 2/Complex 2D FX Composition Studies - Animation/FX Logo Animation/2265-010_FX_Logo_Animation_Assets.zip,ALREADY_EXISTS_ZIP,18389924
video,Anticipation Finish,https://embed-ssl.wistia.com/deliveries/0e58a6d9ed223f117863a1fbbad8602020a23ccd.bin,Anticipation Finish.mp4,Hand-Drawn 2D FX_ Level 2/Complex 2D FX Composition Studies - Animation/FX Logo Animation/Anticipation Finish.mp4,ALREADY_EXISTS_MP4,68145669
resource,Anticipation Finish,https://www.vfxapprentice.com/courses/downloads/2151612505/2265-010_fx_logo_animation_assets-zip,2265-010_FX_Logo_Animation_Assets.zip,Hand-Drawn 2D FX_ Level 2/Complex 2D FX Composition Studies - Animation/FX Logo Animation/2265-010_FX_Logo_Animation_Assets.zip,ALREADY_EXISTS_ZIP,18389924
video,Additional Flames & Sparkles,https://embed-ssl.wistia.com/deliveries/f41ddf67edc9b9196fac5ac493d461a13ac456e1.bin,Additional Flames & Sparkles.mp4,Hand-Drawn 2D FX_ Level 2/Complex 2D FX Composition Studies - Animation/FX Logo Animation/Additional Flames & Sparkles.mp4,ALREADY_EXISTS_MP4,17933553
resource,Additional Flames & Sparkles,https://www.vfxapprentice.com/courses/downloads/2151612507/2265-010_fx_logo_animation_assets-zip,2265-010_FX_Logo_Animation_Assets.zip,Hand-Drawn 2D FX_ Level 2/Complex 2D FX Composition Studies - Animation/FX Logo Animation/2265-010_FX_Logo_Animation_Assets.zip,ALREADY_EXISTS_ZIP,18389924
video,Lightning Effect,https://embed-ssl.wistia.com/deliveries/355e4a7ebc9117c00566976abe21d247ed4df296.bin,Lightning Effect.mp4,Hand-Drawn 2D FX_ Level 2/Complex 2D FX Composition Studies - Animation/FX Logo Animation/Lightning Effect.mp4,ALREADY_EXISTS_MP4,96927869
resource,Lightning Effect,https://www.vfxapprentice.com/courses/downloads/2151612508/2265-010_fx_logo_animation_assets-zip,2265-010_FX_Logo_Animation_Assets.zip,Hand-Drawn 2D FX_ Level 2/Complex 2D FX Composition Studies - Animation/FX Logo Animation/2265-010_FX_Logo_Animation_Assets.zip,ALREADY_EXISTS_ZIP,18389924
video,Style Target,https://embed-ssl.wistia.com/deliveries/3d3104a01b77bc825f9669f71408cfd81f1711ae.bin,Style Target.mp4,Hand-Drawn 2D FX_ Level 2/Complex 2D FX Composition Studies - Animation/Explosion Masterclass/Style Target.mp4,ALREADY_EXISTS_MP4,365895035
resource,Style Target,https://www.vfxapprentice.com/courses/downloads/2151612529/2265-020_explosion_assets-zip,2265-020_Explosion_Assets.zip,Hand-Drawn 2D FX_ Level 2/Complex 2D FX Composition Studies - Animation/Explosion Masterclass/2265-020_Explosion_Assets.zip,ALREADY_EXISTS_ZIP,82477220
video,Initial Rough Animation,https://embed-ssl.wistia.com/deliveries/c7b15a13d59ca6aa3de7c96cb7c459fb7397f65a.bin,Initial Rough Animation.mp4,Hand-Drawn 2D FX_ Level 2/Complex 2D FX Composition Studies - Animation/Explosion Masterclass/Initial Rough Animation.mp4,ALREADY_EXISTS_MP4,157321115
resource,Initial Rough Animation,https://www.vfxapprentice.com/courses/downloads/2151612537/2265-020_explosion_assets-zip,2265-020_Explosion_Assets.zip,Hand-Drawn 2D FX_ Level 2/Complex 2D FX Composition Studies - Animation/Explosion Masterclass/2265-020_Explosion_Assets.zip,ALREADY_EXISTS_ZIP,82477220
video,Anticipation Lightning Breakdown,https://embed-ssl.wistia.com/deliveries/46c213753ae447a6a03347ed643dea7da3252e68.bin,Anticipation Lightning Breakdown.mp4,Hand-Drawn 2D FX_ Level 2/Complex 2D FX Composition Studies - Animation/FX Logo Animation/Anticipation Lightning Breakdown.mp4,ALREADY_EXISTS_MP4,125356364
resource,Anticipation Lightning Breakdown,https://www.vfxapprentice.com/courses/downloads/2151612509/2265-010_fx_logo_animation_assets-zip,2265-010_FX_Logo_Animation_Assets.zip,Hand-Drawn 2D FX_ Level 2/Complex 2D FX Composition Studies - Animation/FX Logo Animation/2265-010_FX_Logo_Animation_Assets.zip,ALREADY_EXISTS_ZIP,18389924
video,Rough Buildup & First Expansion,https://embed-ssl.wistia.com/deliveries/51e38def3a1d565e80d213719a1908a7f3b48482.bin,Rough Buildup & First Expansion.mp4,Hand-Drawn 2D FX_ Level 2/Complex 2D FX Composition Studies - Animation/Explosion Masterclass/Rough Buildup & First Expansion.mp4,ALREADY_EXISTS_MP4,233591002
resource,Rough Buildup & First Expansion,https://www.vfxapprentice.com/courses/downloads/2151612547/2265-020_explosion_assets-zip,2265-020_Explosion_Assets.zip,Hand-Drawn 2D FX_ Level 2/Complex 2D FX Composition Studies - Animation/Explosion Masterclass/2265-020_Explosion_Assets.zip,ALREADY_EXISTS_ZIP,82477220
video,Anticipation Cleanup,https://embed-ssl.wistia.com/deliveries/9d3dafe89d87c81dc8c3cc891b64e290b0f6ab78.bin,Anticipation Cleanup.mp4,Hand-Drawn 2D FX_ Level 2/Complex 2D FX Composition Studies - Animation/Explosion Masterclass/Anticipation Cleanup.mp4,ALREADY_EXISTS_MP4,392033447
resource,Anticipation Cleanup,https://www.vfxapprentice.com/courses/downloads/2151612535/2265-020_explosion_assets-zip,2265-020_Explosion_Assets.zip,Hand-Drawn 2D FX_ Level 2/Complex 2D FX Composition Studies - Animation/Explosion Masterclass/2265-020_Explosion_Assets.zip,ALREADY_EXISTS_ZIP,82477220
video,Rough Animation Finish,https://embed-ssl.wistia.com/deliveries/ac6b56a32112db1a7f9d84060c9f9466c116f465.bin,Rough Animation Finish.mp4,Hand-Drawn 2D FX_ Level 2/Complex 2D FX Composition Studies - Animation/Explosion Masterclass/Rough Animation Finish.mp4,ALREADY_EXISTS_MP4,265673713
resource,Rough Animation Finish,https://www.vfxapprentice.com/courses/downloads/2151612544/2265-020_explosion_assets-zip,2265-020_Explosion_Assets.zip,Hand-Drawn 2D FX_ Level 2/Complex 2D FX Composition Studies - Animation/Explosion Masterclass/2265-020_Explosion_Assets.zip,ALREADY_EXISTS_ZIP,82477220
video,Expansion Cleanup: Part 3,https://embed-ssl.wistia.com/deliveries/a9e3d5fe7edb4b126252fbce6bd4d44b71b5c9a4.bin,Expansion Cleanup_ Part 3.mp4,Hand-Drawn 2D FX_ Level 2/Complex 2D FX Composition Studies - Animation/Explosion Masterclass/Expansion Cleanup_ Part 3.mp4,ALREADY_EXISTS_MP4,333713887
resource,Expansion Cleanup: Part 3,https://www.vfxapprentice.com/courses/downloads/2151612539/2265-020_explosion_assets-zip,2265-020_Explosion_Assets.zip,Hand-Drawn 2D FX_ Level 2/Complex 2D FX Composition Studies - Animation/Explosion Masterclass/2265-020_Explosion_Assets.zip,ALREADY_EXISTS_ZIP,82477220
video,Expansion Cleanup: Part 1,https://embed-ssl.wistia.com/deliveries/4dc7f579a2a222e6ce4eca429471ab13179cde9d.bin,Expansion Cleanup_ Part 1.mp4,Hand-Drawn 2D FX_ Level 2/Complex 2D FX Composition Studies - Animation/Explosion Masterclass/Expansion Cleanup_ Part 1.mp4,ALREADY_EXISTS_MP4,326225655
resource,Expansion Cleanup: Part 1,https://www.vfxapprentice.com/courses/downloads/2151612536/2265-020_explosion_assets-zip,2265-020_Explosion_Assets.zip,Hand-Drawn 2D FX_ Level 2/Complex 2D FX Composition Studies - Animation/Explosion Masterclass/2265-020_Explosion_Assets.zip,ALREADY_EXISTS_ZIP,82477220
video,Expansion Cleanup: Part 2 (Unnarrated),https://embed-ssl.wistia.com/deliveries/be1f7a8bdd6ac1c77044569889f01da1eaf3404f.bin,Expansion Cleanup_ Part 2 (Unnarrated).mp4,Hand-Drawn 2D FX_ Level 2/Complex 2D FX Composition Studies - Animation/Explosion Masterclass/Expansion Cleanup_ Part 2 (Unnarrated).mp4,ALREADY_EXISTS_MP4,411652547
resource,Expansion Cleanup: Part 2 (Unnarrated),https://www.vfxapprentice.com/courses/downloads/2151612543/2265-020_explosion_assets-zip,2265-020_Explosion_Assets.zip,Hand-Drawn 2D FX_ Level 2/Complex 2D FX Composition Studies - Animation/Explosion Masterclass/2265-020_Explosion_Assets.zip,ALREADY_EXISTS_ZIP,82477220
video,Feedback & Revisions,https://embed-ssl.wistia.com/deliveries/d5a7138890df129c2c5946d8e575935269fc0664.bin,Feedback & Revisions.mp4,Hand-Drawn 2D FX_ Level 2/Complex 2D FX Composition Studies - Animation/Explosion Masterclass/Feedback & Revisions.mp4,ALREADY_EXISTS_MP4,500588612
resource,Feedback & Revisions,https://www.vfxapprentice.com/courses/downloads/2151612540/2265-020_explosion_assets-zip,2265-020_Explosion_Assets.zip,Hand-Drawn 2D FX_ Level 2/Complex 2D FX Composition Studies - Animation/Explosion Masterclass/2265-020_Explosion_Assets.zip,ALREADY_EXISTS_ZIP,82477220
video,Spiral Smoke Cleanup,https://embed-ssl.wistia.com/deliveries/6aa47fe3d82d3cd82f301b5bf16ff616f069ef3a.bin,Spiral Smoke Cleanup.mp4,Hand-Drawn 2D FX_ Level 2/Complex 2D FX Composition Studies - Animation/Explosion Masterclass/Spiral Smoke Cleanup.mp4,ALREADY_EXISTS_MP4,436137754
resource,Spiral Smoke Cleanup,https://www.vfxapprentice.com/courses/downloads/2151612542/2265-020_explosion_assets-zip,2265-020_Explosion_Assets.zip,Hand-Drawn 2D FX_ Level 2/Complex 2D FX Composition Studies - Animation/Explosion Masterclass/2265-020_Explosion_Assets.zip,ALREADY_EXISTS_ZIP,82477220
video,Cleanup Process: Part 1 (Unnarrated),https://embed-ssl.wistia.com/deliveries/e05b66a860995adaffc3c298c83572075a9fdb41.bin,Cleanup Process_ Part 1 (Unnarrated).mp4,Hand-Drawn 2D FX_ Level 2/Complex 2D FX Composition Studies - Animation/Explosion Masterclass/Cleanup Process_ Part 1 (Unnarrated).mp4,ALREADY_EXISTS_MP4,499400709
resource,Cleanup Process: Part 1 (Unnarrated),https://www.vfxapprentice.com/courses/downloads/2151612545/2265-020_explosion_assets-zip,2265-020_Explosion_Assets.zip,Hand-Drawn 2D FX_ Level 2/Complex 2D FX Composition Studies - Animation/Explosion Masterclass/2265-020_Explosion_Assets.zip,ALREADY_EXISTS_ZIP,82477220
video,Dissipation Linework & Cleanup,https://embed-ssl.wistia.com/deliveries/de5f7398d0cca72b134d7f7c8f615587525221f5.bin,Dissipation Linework & Cleanup.mp4,Hand-Drawn 2D FX_ Level 2/Complex 2D FX Composition Studies - Animation/Explosion Masterclass/Dissipation Linework & Cleanup.mp4,ALREADY_EXISTS_MP4,496032575
resource,Dissipation Linework & Cleanup,https://www.vfxapprentice.com/courses/downloads/2151612548/2265-020_explosion_assets-zip,2265-020_Explosion_Assets.zip,Hand-Drawn 2D FX_ Level 2/Complex 2D FX Composition Studies - Animation/Explosion Masterclass/2265-020_Explosion_Assets.zip,ALREADY_EXISTS_ZIP,82477220
video,Cleanup Process: Part 2 (Unnarrated),https://embed-ssl.wistia.com/deliveries/ef12c46d74fa77e66e5e1edf86c1b6f8b7fbf84b.bin,Cleanup Process_ Part 2 (Unnarrated).mp4,Hand-Drawn 2D FX_ Level 2/Complex 2D FX Composition Studies - Animation/Explosion Masterclass/Cleanup Process_ Part 2 (Unnarrated).mp4,ALREADY_EXISTS_MP4,387792930
resource,Cleanup Process: Part 2 (Unnarrated),https://www.vfxapprentice.com/courses/downloads/2151612546/2265-020_explosion_assets-zip,2265-020_Explosion_Assets.zip,Hand-Drawn 2D FX_ Level 2/Complex 2D FX Composition Studies - Animation/Explosion Masterclass/2265-020_Explosion_Assets.zip,ALREADY_EXISTS_ZIP,82477220
video,Final Cleanup (Unnarrated),https://embed-ssl.wistia.com/deliveries/a3809f7bea562f3b19a491fabb5dba61c4ca395c.bin,Final Cleanup (Unnarrated).mp4,Hand-Drawn 2D FX_ Level 2/Complex 2D FX Composition Studies - Animation/Explosion Masterclass/Final Cleanup (Unnarrated).mp4,ALREADY_EXISTS_MP4,396124667
resource,Final Cleanup (Unnarrated),https://www.vfxapprentice.com/courses/downloads/2151612550/2265-020_explosion_assets-zip,2265-020_Explosion_Assets.zip,Hand-Drawn 2D FX_ Level 2/Complex 2D FX Composition Studies - Animation/Explosion Masterclass/2265-020_Explosion_Assets.zip,ALREADY_EXISTS_ZIP,82477220
video,Outro,https://embed-ssl.wistia.com/deliveries/5be9cf16e7ba3077b14de6eb0c253958f1fd8897.bin,Outro.mp4,Hand-Drawn 2D FX_ Level 2/Complex 2D FX Composition Studies - Animation/Explosion Masterclass/Outro.mp4,ALREADY_EXISTS_MP4,53982934
resource,Outro,https://www.vfxapprentice.com/courses/downloads/2151612549/2265-020_explosion_assets-zip,2265-020_Explosion_Assets.zip,Hand-Drawn 2D FX_ Level 2/Complex 2D FX Composition Studies - Animation/Explosion Masterclass/2265-020_Explosion_Assets.zip,ALREADY_EXISTS_ZIP,82477220
video,Intro & Course Overview,https://embed-ssl.wistia.com/deliveries/e99127078bf8c6e23794f4b80827030bca2c1a00.bin,Intro & Course Overview.mp4,Hand-Drawn 2D FX_ Level 2/Complex 2D FX Composition Studies - Animation/Ignited - 2D FX Production/Intro & Course Overview.mp4,ALREADY_EXISTS_MP4,130042667
resource,Intro & Course Overview,https://www.vfxapprentice.com/courses/downloads/2154706245/lesson_notes-zip,Lesson_notes.zip,Hand-Drawn 2D FX_ Level 2/Complex 2D FX Composition Studies - Animation/Ignited - 2D FX Production/Lesson_notes.zip,ALREADY_EXISTS_ZIP,11974415
video,Idea Blockout & Animatic,https://embed-ssl.wistia.com/deliveries/ea35b12cc8c3cc31b79fa52e078ba95dcb875dee.bin,Idea Blockout & Animatic.mp4,Hand-Drawn 2D FX_ Level 2/Complex 2D FX Composition Studies - Animation/Ignited - 2D FX Production/Idea Blockout & Animatic.mp4,ALREADY_EXISTS_MP4,144144184
resource,Idea Blockout & Animatic,https://www.vfxapprentice.com/courses/downloads/2154706280/lesson_notes-zip,Lesson_notes.zip,Hand-Drawn 2D FX_ Level 2/Complex 2D FX Composition Studies - Animation/Ignited - 2D FX Production/Lesson_notes.zip,ALREADY_EXISTS_ZIP,11974415
video,Backgrounds,https://embed-ssl.wistia.com/deliveries/d0a086c00421a60c4ed5d0d3ba748a2cedd04953.bin,Backgrounds.mp4,Hand-Drawn 2D FX_ Level 2/Complex 2D FX Composition Studies - Animation/Ignited - 2D FX Production/Backgrounds.mp4,ALREADY_EXISTS_MP4,119065108
resource,Backgrounds,https://www.vfxapprentice.com/courses/downloads/2154753657/lesson_notes-zip,Lesson_Notes.zip,Hand-Drawn 2D FX_ Level 2/Complex 2D FX Composition Studies - Animation/Ignited - 2D FX Production/Lesson_Notes.zip,ALREADY_EXISTS_ZIP,11974415
video,Rough Animation,https://embed-ssl.wistia.com/deliveries/5628d381b441bd9adb0b4c559c9b41aefe9e5572.bin,Rough Animation.mp4,Hand-Drawn 2D FX_ Level 2/Complex 2D FX Composition Studies - Animation/Ignited - 2D FX Production/Rough Animation.mp4,ALREADY_EXISTS_MP4,209420314
resource,Rough Animation,https://www.vfxapprentice.com/courses/downloads/2154706283/lesson_notes-zip,Lesson_notes.zip,Hand-Drawn 2D FX_ Level 2/Complex 2D FX Composition Studies - Animation/Ignited - 2D FX Production/Lesson_notes.zip,ALREADY_EXISTS_ZIP,11974415
video,Refined Animation,https://embed-ssl.wistia.com/deliveries/63944004f7bc7d66e33afc879f5fcfed2dfd0097.bin,Refined Animation.mp4,Hand-Drawn 2D FX_ Level 2/Complex 2D FX Composition Studies - Animation/Ignited - 2D FX Production/Refined Animation.mp4,ALREADY_EXISTS_MP4,187508183
resource,Refined Animation,https://www.vfxapprentice.com/courses/downloads/2154706285/lesson_notes-zip,Lesson_notes.zip,Hand-Drawn 2D FX_ Level 2/Complex 2D FX Composition Studies - Animation/Ignited - 2D FX Production/Lesson_notes.zip,ALREADY_EXISTS_ZIP,11974415
video,Intro & Overview,https://embed-ssl.wistia.com/deliveries/9567139636538cf075287430fea9dc452de25da2.bin,Intro & Overview.mp4,Hand-Crafted 3D VFX_ Level 1/Beginner Guide to VFX/Introduction & Game Development/Intro & Overview.mp4,ALREADY_EXISTS_MP4,105978409
video,Compositing,https://embed-ssl.wistia.com/deliveries/5c99625bfec9e45b26f8c08c2074c129f63f990a.bin,Compositing.mp4,Hand-Drawn 2D FX_ Level 2/Complex 2D FX Composition Studies - Animation/Ignited - 2D FX Production/Compositing.mp4,ALREADY_EXISTS_MP4,155720087
resource,Compositing,https://www.vfxapprentice.com/courses/downloads/2154753658/lesson_notes-zip,Lesson_Notes.zip,Hand-Drawn 2D FX_ Level 2/Complex 2D FX Composition Studies - Animation/Ignited - 2D FX Production/Lesson_Notes.zip,ALREADY_EXISTS_ZIP,11974415
video,Departments,https://embed-ssl.wistia.com/deliveries/08b5f612e5f2e669e529eb77a933bfd1c7b40217.bin,Departments.mp4,Hand-Crafted 3D VFX_ Level 1/Beginner Guide to VFX/Introduction & Game Development/Departments.mp4,ALREADY_EXISTS_MP4,348662577
video,Style,https://embed-ssl.wistia.com/deliveries/91d71abeec8b377b51fc55cc6fdf58c37f65b112.bin,Style.mp4,"Hand-Crafted 3D VFX_ Level 1/Beginner Guide to VFX/Gameplay, Engines, Platforms/Style.mp4",ALREADY_EXISTS_MP4,647466251
video,Roles,https://embed-ssl.wistia.com/deliveries/597621f2c54f7013306038ae5cd02fcb5f5faefe.bin,Roles.mp4,Hand-Crafted 3D VFX_ Level 1/Beginner Guide to VFX/Introduction & Game Development/Roles.mp4,ALREADY_EXISTS_MP4,511554304
video,Gameplay,https://embed-ssl.wistia.com/deliveries/e02508c3e25ac7d56feb1a7cc6b2f93f9d03ceee.bin,Gameplay.mp4,"Hand-Crafted 3D VFX_ Level 1/Beginner Guide to VFX/Gameplay, Engines, Platforms/Gameplay.mp4",ALREADY_EXISTS_MP4,892375171
video,Platforms,https://embed-ssl.wistia.com/deliveries/80584af13b4ff03e65afe2ef14864db2cac7a69b.bin,Platforms.mp4,"Hand-Crafted 3D VFX_ Level 1/Beginner Guide to VFX/Gameplay, Engines, Platforms/Platforms.mp4",ALREADY_EXISTS_MP4,404864625
video,Game Engines,https://embed-ssl.wistia.com/deliveries/74ee33d815b7f7c7dff5adc5c49e7454293b6421.bin,Game Engines.mp4,"Hand-Crafted 3D VFX_ Level 1/Beginner Guide to VFX/Gameplay, Engines, Platforms/Game Engines.mp4",ALREADY_EXISTS_MP4,456118619
video,Pipeline,https://embed-ssl.wistia.com/deliveries/12ff503bf825f76cea26e695d0ac7ae62d89adac.bin,Pipeline.mp4,Hand-Crafted 3D VFX_ Level 1/Beginner Guide to VFX/VFX Terminology & Process/Pipeline.mp4,ALREADY_EXISTS_MP4,307302971
video,"Textures, Meshes, Shaders",https://embed-ssl.wistia.com/deliveries/4905411c87c943c6fb5eb079d4722124133a26c5.bin,"Textures, Meshes, Shaders.mp4","Hand-Crafted 3D VFX_ Level 1/Beginner Guide to VFX/VFX Terminology & Process/Textures, Meshes, Shaders.mp4",ALREADY_EXISTS_MP4,120135055
video,Particle Systems,https://embed-ssl.wistia.com/deliveries/ac9881b1d073b282ac273e98d02ea8dbb3758f06.bin,Particle Systems.mp4,Hand-Crafted 3D VFX_ Level 1/Beginner Guide to VFX/VFX Terminology & Process/Particle Systems.mp4,ALREADY_EXISTS_MP4,84159585
video,Next Steps,https://embed-ssl.wistia.com/deliveries/71fc7bc71bdff0a4b2b3f97265827d79290c412c.bin,Next Steps.mp4,Hand-Crafted 3D VFX_ Level 1/Beginner Guide to VFX/Next Steps/Next Steps.mp4,ALREADY_EXISTS_MP4,93514973
video,Tiling Fiery Noise,https://embed-ssl.wistia.com/deliveries/69acb2d323190feea1019fb86ee2e75713f5fe25.bin,Tiling Fiery Noise.mp4,Hand-Crafted 3D VFX_ Level 2/VFX Case Studies - Unreal & Unity/Tiling Fiery Noise/Tiling Fiery Noise.mp4,ALREADY_EXISTS_MP4,373290461
video,U&U Fire Explosion Breakdown,https://embed-ssl.wistia.com/deliveries/b99236b64e9b1409b33323143c9cf8dc5bc7c62f.bin,U&U Fire Explosion Breakdown.mp4,Hand-Crafted 3D VFX_ Level 2/VFX Case Studies - Unreal & Unity/U&U Fire Explosion Breakdown/U&U Fire Explosion Breakdown.mp4,ALREADY_EXISTS_MP4,187052887
video,Sphere Meshes in Maya,https://embed-ssl.wistia.com/deliveries/b71a1356be39c5800d83b71a5c7528efa05ff66d.bin,Sphere Meshes in Maya.mp4,Hand-Crafted 3D VFX_ Level 2/VFX Case Studies - Unreal & Unity/Wispy Spiral Dissolve Textures/Sphere Meshes in Maya.mp4,ALREADY_EXISTS_MP4,146226776
video,U&U Wispy Cloud Breakdown,https://embed-ssl.wistia.com/deliveries/baecbee75c79e0f4f8815a831cc3f07fa61f54a2.bin,U&U Wispy Cloud Breakdown.mp4,Hand-Crafted 3D VFX_ Level 2/VFX Case Studies - Unreal & Unity/U&U Wispy Cloud Breakdown/U&U Wispy Cloud Breakdown.mp4,ALREADY_EXISTS_MP4,161470297
video,Dissolve Map in Photoshop,https://embed-ssl.wistia.com/deliveries/d349cd75dcd82ef567ce6010b405dd0a875333bc.bin,Dissolve Map in Photoshop.mp4,Hand-Crafted 3D VFX_ Level 2/VFX Case Studies - Unreal & Unity/Wispy Spiral Dissolve Textures/Dissolve Map in Photoshop.mp4,ALREADY_EXISTS_MP4,50332966
video,Offset & Normal Map in Photoshop,https://embed-ssl.wistia.com/deliveries/2beec1057ed82ecb57c299ad5e7f637f2f448c68.bin,Offset & Normal Map in Photoshop.mp4,Hand-Crafted 3D VFX_ Level 2/VFX Case Studies - Unreal & Unity/Wispy Spiral Dissolve Textures/Offset & Normal Map in Photoshop.mp4,ALREADY_EXISTS_MP4,83965296
video,Lightning Design Phase,https://embed-ssl.wistia.com/deliveries/d5d0276aa3d34188b18b91c747c6842ce4005e81.bin,Lightning Design Phase.mp4,Hand-Crafted 3D VFX_ Level 2/VFX Case Studies - Unreal & Unity/Zappy Flipbook & Dissolve/Lightning Design Phase.mp4,ALREADY_EXISTS_MP4,171312528
video,Lightning Animation Phase,https://embed-ssl.wistia.com/deliveries/299cbd0ad3674cdd008cceb660d0027cd644080b.bin,Lightning Animation Phase.mp4,Hand-Crafted 3D VFX_ Level 2/VFX Case Studies - Unreal & Unity/Zappy Flipbook & Dissolve/Lightning Animation Phase.mp4,ALREADY_EXISTS_MP4,451565085
video,Lightning Inbetween Phase,https://embed-ssl.wistia.com/deliveries/4e378a187e3fa20ab942e0458570f831872e4917.bin,Lightning Inbetween Phase.mp4,Hand-Crafted 3D VFX_ Level 2/VFX Case Studies - Unreal & Unity/Zappy Flipbook & Dissolve/Lightning Inbetween Phase.mp4,ALREADY_EXISTS_MP4,171408817
video,Burst Gradients,https://embed-ssl.wistia.com/deliveries/065e7328349f70b476000ab07b61a472f4b52375.bin,Burst Gradients.mp4,Hand-Crafted 3D VFX_ Level 2/VFX Case Studies - Unreal & Unity/Zappy Flipbook & Dissolve/Burst Gradients.mp4,ALREADY_EXISTS_MP4,340500547
video,U&U Lightning Zap Breakdown,https://embed-ssl.wistia.com/deliveries/680e6a045e7973a4efa40095be9955e061d00520.bin,U&U Lightning Zap Breakdown.mp4,Hand-Crafted 3D VFX_ Level 2/VFX Case Studies - Unreal & Unity/U&U Lightning Zap Breakdown/U&U Lightning Zap Breakdown.mp4,ALREADY_EXISTS_MP4,164247968
video,Burst Color Pass,https://embed-ssl.wistia.com/deliveries/b2c073cd0363a24b955dee5648f3c3f78f42d65c.bin,Burst Color Pass.mp4,Hand-Crafted 3D VFX_ Level 2/VFX Case Studies - Unreal & Unity/Zappy Flipbook & Dissolve/Burst Color Pass.mp4,ALREADY_EXISTS_MP4,142453393
video,Gooey Shape Painting,https://embed-ssl.wistia.com/deliveries/c5b18aea29943467c82237967d75ac99bd2b174d.bin,Gooey Shape Painting.mp4,Hand-Crafted 3D VFX_ Level 2/VFX Case Studies - Unreal & Unity/Gooey Dissolve Material/Gooey Shape Painting.mp4,ALREADY_EXISTS_MP4,159354084
video,Bowl Mesh in Maya,https://embed-ssl.wistia.com/deliveries/583b10fe86fd03c9e640b460495fa700c4ed481c.bin,Bowl Mesh in Maya.mp4,Hand-Crafted 3D VFX_ Level 2/VFX Case Studies - Unreal & Unity/Gooey Dissolve Material/Bowl Mesh in Maya.mp4,ALREADY_EXISTS_MP4,222443311
video,U&U Goo Splat Breakdown,https://embed-ssl.wistia.com/deliveries/f2520bb6a20f5d59aaa9ac4ca037a631a2ce283c.bin,U&U Goo Splat Breakdown.mp4,Hand-Crafted 3D VFX_ Level 2/VFX Case Studies - Unreal & Unity/U&U Goo Splat Breakdown/U&U Goo Splat Breakdown.mp4,ALREADY_EXISTS_MP4,202874961
video,Normal Maps,https://embed-ssl.wistia.com/deliveries/3675da636502f12c4b712507e6e24ff06e959b8d.bin,Normal Maps.mp4,Hand-Crafted 3D VFX_ Level 2/VFX Case Studies - Unreal & Unity/Gooey Dissolve Material/Normal Maps.mp4,ALREADY_EXISTS_MP4,142676561
video,Dissolve Map Photoshop Tricks,https://embed-ssl.wistia.com/deliveries/1d401fc0889018d4265fdd235a1430b603ea29db.bin,Dissolve Map Photoshop Tricks.mp4,Hand-Crafted 3D VFX_ Level 2/VFX Case Studies - Unreal & Unity/Gooey Dissolve Material/Dissolve Map Photoshop Tricks.mp4,ALREADY_EXISTS_MP4,311796293
video,Portfolio - Tips & Tricks,https://embed-ssl.wistia.com/deliveries/359de781a9bd4d430a56bb1b032f86b0da60a2f2.bin,Portfolio - Tips & Tricks.mp4,Apprenticeship Level 3/Soft Skills - Explained/Portfolio & Application Planning/Portfolio - Tips & Tricks.mp4,ALREADY_EXISTS_MP4,228063084
video,Portfolio - Professional Examples,https://embed-ssl.wistia.com/deliveries/d56e1a52073f33786c2839edbe1d6dd6a3dfaf5d.bin,Portfolio - Professional Examples.mp4,Apprenticeship Level 3/Soft Skills - Explained/Portfolio & Application Planning/Portfolio - Professional Examples.mp4,ALREADY_EXISTS_MP4,224161844
video,Portfolio - Student Review,https://embed-ssl.wistia.com/deliveries/0c700c18f6df7cf8e0b70e53299bf8a8a5e33e8e.bin,Portfolio - Student Review.mp4,Apprenticeship Level 3/Soft Skills - Explained/Portfolio & Application Planning/Portfolio - Student Review.mp4,ALREADY_EXISTS_MP4,563700136
video,Portfolio - Student Review,https://embed-ssl.wistia.com/deliveries/44478f56c8e8f9300cc5fd4abb9dde3ce8eaea38.bin,Portfolio - Student Review.mp4,Apprenticeship Level 3/Soft Skills - Explained/Portfolio & Application Planning/Portfolio - Student Review.mp4,ALREADY_EXISTS_MP4,563700136
video,Portfolio - Student Review,https://embed-ssl.wistia.com/deliveries/79f614a3fd74ea9d77325a7da9b7b2d50e85b56d.bin,Portfolio - Student Review.mp4,Apprenticeship Level 3/Soft Skills - Explained/Portfolio & Application Planning/Portfolio - Student Review.mp4,ALREADY_EXISTS_MP4,563700136
video,Portfolio - Student Review,https://embed-ssl.wistia.com/deliveries/eaa545ddfcb24915b0d982ce7a31e6788f7a2547.bin,Portfolio - Student Review.mp4,Apprenticeship Level 3/Soft Skills - Explained/Portfolio & Application Planning/Portfolio - Student Review.mp4,ALREADY_EXISTS_MP4,563700136
video,Portfolio - Student Review,https://embed-ssl.wistia.com/deliveries/03f698db7267a0b59c35acaac0fd398d239376a9.bin,Portfolio - Student Review.mp4,Apprenticeship Level 3/Soft Skills - Explained/Portfolio & Application Planning/Portfolio - Student Review.mp4,ALREADY_EXISTS_MP4,563700136
video,Portfolio - Student Review,https://embed-ssl.wistia.com/deliveries/d23e207b33e8f1c7ae88e9e8408f51db7eaab9ff.bin,Portfolio - Student Review.mp4,Apprenticeship Level 3/Soft Skills - Explained/Portfolio & Application Planning/Portfolio - Student Review.mp4,ALREADY_EXISTS_MP4,563700136
video,Portfolio - Student Review,https://embed-ssl.wistia.com/deliveries/92fcc956e30cb4b4ae40302e4958ea2181abcd7f.bin,Portfolio - Student Review.mp4,Apprenticeship Level 3/Soft Skills - Explained/Portfolio & Application Planning/Portfolio - Student Review.mp4,ALREADY_EXISTS_MP4,563700136
video,Portfolio - Student Review,https://embed-ssl.wistia.com/deliveries/04331057f7e7f9119b38794e7972b2bea4463412.bin,Portfolio - Student Review.mp4,Apprenticeship Level 3/Soft Skills - Explained/Portfolio & Application Planning/Portfolio - Student Review.mp4,ALREADY_EXISTS_MP4,563700136
video,Portfolio - Student Review,https://embed-ssl.wistia.com/deliveries/fb3c452aa5e40f42755cbad2ccddae8d76abd5da.bin,Portfolio - Student Review.mp4,Apprenticeship Level 3/Soft Skills - Explained/Portfolio & Application Planning/Portfolio - Student Review.mp4,ALREADY_EXISTS_MP4,563700136
video,Portfolio - Student Review,https://embed-ssl.wistia.com/deliveries/dcf1ed81c8bb1102440a7b606e2e90ad65777094.bin,Portfolio - Student Review.mp4,Apprenticeship Level 3/Soft Skills - Explained/Portfolio & Application Planning/Portfolio - Student Review.mp4,ALREADY_EXISTS_MP4,563700136
video,Light Magic Sword Trail - Unreal 4,https://embed-ssl.wistia.com/deliveries/544c93a8126804111afb9a21c7850d855782948c.bin,Light Magic Sword Trail - Unreal 4.mp4,"Apprenticeship Level 3/Sidescroller_ 2D FX, 3D FX & Implementation - Unreal 4/Unreal Sword Swipe Spell/Light Magic Sword Trail - Unreal 4.mp4",ALREADY_EXISTS_MP4,497247762
video,Melee Hit Effect - Unreal 4,https://embed-ssl.wistia.com/deliveries/3449b4d6cd51f3058e7df5af87d9a8992016917a.bin,Melee Hit Effect - Unreal 4.mp4,"Apprenticeship Level 3/Sidescroller_ 2D FX, 3D FX & Implementation - Unreal 4/Unreal Sword Swipe Spell/Melee Hit Effect - Unreal 4.mp4",ALREADY_EXISTS_MP4,449510228
video,Windup Particle Setup - Unreal 4,https://embed-ssl.wistia.com/deliveries/128da71b2f1e65f819efeb17639a0b6e212df564.bin,Windup Particle Setup - Unreal 4.mp4,"Apprenticeship Level 3/Sidescroller_ 2D FX, 3D FX & Implementation - Unreal 4/Unreal Fireball Spell/Windup Particle Setup - Unreal 4.mp4",ALREADY_EXISTS_MP4,283129689
video,Windup Additional Textures - Unreal 4,https://embed-ssl.wistia.com/deliveries/b5ee3d81bf6c423d80917f9d6c4e0de9aea80918.bin,Windup Additional Textures - Unreal 4.mp4,"Apprenticeship Level 3/Sidescroller_ 2D FX, 3D FX & Implementation - Unreal 4/Unreal Fireball Spell/Windup Additional Textures - Unreal 4.mp4",ALREADY_EXISTS_MP4,243829700
video,Particle-Based Attempt - Unreal 4,https://embed-ssl.wistia.com/deliveries/a824ce9b4309d50b1023404bbc8f095e2846973d.bin,Particle-Based Attempt - Unreal 4.mp4,"Apprenticeship Level 3/Sidescroller_ 2D FX, 3D FX & Implementation - Unreal 4/Unreal Fireball Spell/Particle-Based Attempt - Unreal 4.mp4",ALREADY_EXISTS_MP4,154775353
video,Windup Final Edit - Unreal 4,https://embed-ssl.wistia.com/deliveries/c1982d7b511d4364574a85a30b0aedbb64af20ed.bin,Windup Final Edit - Unreal 4.mp4,"Apprenticeship Level 3/Sidescroller_ 2D FX, 3D FX & Implementation - Unreal 4/Unreal Fireball Spell/Windup Final Edit - Unreal 4.mp4",ALREADY_EXISTS_MP4,259581852
video,Final Implementation - Unreal 4,https://embed-ssl.wistia.com/deliveries/c1c37d7cef381eef6b808aff168bd8281b9b1381.bin,Final Implementation - Unreal 4.mp4,"Apprenticeship Level 3/Sidescroller_ 2D FX, 3D FX & Implementation - Unreal 4/Unreal Fireball Spell/Final Implementation - Unreal 4.mp4",ALREADY_EXISTS_MP4,114229227
video,Cast Animation - Unreal 4,https://embed-ssl.wistia.com/deliveries/37442b6206f23b73514352674eda1ebc0c4f0e25.bin,Cast Animation - Unreal 4.mp4,"Apprenticeship Level 3/Sidescroller_ 2D FX, 3D FX & Implementation - Unreal 4/Unreal Fireball Spell/Cast Animation - Unreal 4.mp4",ALREADY_EXISTS_MP4,230149002
video,Flipbook Dissolve & Unreal Setup - Unreal 4,https://embed-ssl.wistia.com/deliveries/bc56e34f0ae8930f34e79bbb26048966ea49a2c7.bin,Flipbook Dissolve & Unreal Setup - Unreal 4.mp4,"Apprenticeship Level 3/Sidescroller_ 2D FX, 3D FX & Implementation - Unreal 4/Unreal Fireball Spell/Flipbook Dissolve & Unreal Setup - Unreal 4.mp4",ALREADY_EXISTS_MP4,217749096
video,Smoke Flibook & Unreal Setup - Unreal 4,https://embed-ssl.wistia.com/deliveries/127c08ec30af10e5ec0a25f3da6fc8babc0ebefa.bin,Smoke Flibook & Unreal Setup - Unreal 4.mp4,"Apprenticeship Level 3/Sidescroller_ 2D FX, 3D FX & Implementation - Unreal 4/Unreal Fireball Spell/Smoke Flibook & Unreal Setup - Unreal 4.mp4",ALREADY_EXISTS_MP4,304762641
video,Animation & Unreal Setup - Unreal 4,https://embed-ssl.wistia.com/deliveries/b96f4e07692d0cad8e9492dbf4a13e763c846c56.bin,Animation & Unreal Setup - Unreal 4.mp4,"Apprenticeship Level 3/Sidescroller_ 2D FX, 3D FX & Implementation - Unreal 4/Unreal Fireball Spell/Animation & Unreal Setup - Unreal 4.mp4",ALREADY_EXISTS_MP4,374796893
video,Base Smoke Animation - Unreal 4,https://embed-ssl.wistia.com/deliveries/7d91069c7738f9f1f549ce14661b1317967f0ddc.bin,Base Smoke Animation - Unreal 4.mp4,"Apprenticeship Level 3/Sidescroller_ 2D FX, 3D FX & Implementation - Unreal 4/Unreal Fireball Spell/Base Smoke Animation - Unreal 4.mp4",ALREADY_EXISTS_MP4,141533956
video,Niagara Smoke & Embers - Unreal 4,https://embed-ssl.wistia.com/deliveries/46e8ba7867c3e0d765151bfb2b3267b30a72a06a.bin,Niagara Smoke & Embers - Unreal 4.mp4,"Apprenticeship Level 3/Sidescroller_ 2D FX, 3D FX & Implementation - Unreal 4/Unreal Fireball Spell/Niagara Smoke & Embers - Unreal 4.mp4",ALREADY_EXISTS_MP4,230217926
video,Material & Niagara Particle Setup - Unreal 4,https://embed-ssl.wistia.com/deliveries/e560342a6163147481f9e7c041e326bda3809ad3.bin,Material & Niagara Particle Setup - Unreal 4.mp4,"Apprenticeship Level 3/Sidescroller_ 2D FX, 3D FX & Implementation - Unreal 4/Unreal Fireball Spell/Material & Niagara Particle Setup - Unreal 4.mp4",ALREADY_EXISTS_MP4,453441574
video,Additional Textures & Meshes - Unreal 4,https://embed-ssl.wistia.com/deliveries/fa87a10d332a6ea4f029d227ffb2604c956dc52c.bin,Additional Textures & Meshes - Unreal 4.mp4,"Apprenticeship Level 3/Sidescroller_ 2D FX, 3D FX & Implementation - Unreal 4/Unreal Fireball Spell/Additional Textures & Meshes - Unreal 4.mp4",ALREADY_EXISTS_MP4,128266265
video,Streamers & Finish - Unreal 4,https://embed-ssl.wistia.com/deliveries/644123e8d28414571bd3249cf6022f05ea8793a5.bin,Streamers & Finish - Unreal 4.mp4,"Apprenticeship Level 3/Sidescroller_ 2D FX, 3D FX & Implementation - Unreal 4/Unreal Fireball Spell/Streamers & Finish - Unreal 4.mp4",ALREADY_EXISTS_MP4,424928919
video,Column Flipbook & Mesh - Unreal 4,https://embed-ssl.wistia.com/deliveries/e73231f424a3a6fe8d3afe0d33a52b1ce0eba182.bin,Column Flipbook & Mesh - Unreal 4.mp4,"Apprenticeship Level 3/Sidescroller_ 2D FX, 3D FX & Implementation - Unreal 4/Unreal Heal/Column Flipbook & Mesh - Unreal 4.mp4",ALREADY_EXISTS_MP4,125333289
video,Introduction & Planning - Unreal 4,https://embed-ssl.wistia.com/deliveries/184583d070aa5bf9da597c460ba1a85811c36507.bin,Introduction & Planning - Unreal 4.mp4,"Apprenticeship Level 3/Sidescroller_ 2D FX, 3D FX & Implementation - Unreal 4/Unreal Heal/Introduction & Planning - Unreal 4.mp4",ALREADY_EXISTS_MP4,25569380
video,Hit Dust Cloud Animation & Setup - Unreal 4,https://embed-ssl.wistia.com/deliveries/956b829d1f19d0ad873c145d0b086c011353f9ed.bin,Hit Dust Cloud Animation & Setup - Unreal 4.mp4,"Apprenticeship Level 3/Sidescroller_ 2D FX, 3D FX & Implementation - Unreal 4/Unreal Heal/Hit Dust Cloud Animation & Setup - Unreal 4.mp4",ALREADY_EXISTS_MP4,152218278
video,Windup Unreal Setup: Part 1 - Unreal 4,https://embed-ssl.wistia.com/deliveries/654407360a10709c39d94cca2fff8ba7d50cb2ad.bin,Windup Unreal Setup_ Part 1 - Unreal 4.mp4,"Apprenticeship Level 3/Sidescroller_ 2D FX, 3D FX & Implementation - Unreal 4/Unreal Heal/Windup Unreal Setup_ Part 1 - Unreal 4.mp4",ALREADY_EXISTS_MP4,213219008
video,Windup Unreal Setup: Part 2 - Unreal 4,https://embed-ssl.wistia.com/deliveries/7d4ab16d8fdf141a476c11e9e40c23f3b8a30098.bin,Windup Unreal Setup_ Part 2 - Unreal 4.mp4,"Apprenticeship Level 3/Sidescroller_ 2D FX, 3D FX & Implementation - Unreal 4/Unreal Heal/Windup Unreal Setup_ Part 2 - Unreal 4.mp4",ALREADY_EXISTS_MP4,127389353
video,Hit Column Unreal Setup - Unreal 4,https://embed-ssl.wistia.com/deliveries/8cf7cc6b90fde6da7f00674e77cda72774d7068b.bin,Hit Column Unreal Setup - Unreal 4.mp4,"Apprenticeship Level 3/Sidescroller_ 2D FX, 3D FX & Implementation - Unreal 4/Unreal Heal/Hit Column Unreal Setup - Unreal 4.mp4",ALREADY_EXISTS_MP4,469749093
video,Cast Unreal Setup - Unreal 4,https://embed-ssl.wistia.com/deliveries/fb5d76fbf7ab40bb460f27acf499b3c0b7203b2e.bin,Cast Unreal Setup - Unreal 4.mp4,"Apprenticeship Level 3/Sidescroller_ 2D FX, 3D FX & Implementation - Unreal 4/Unreal Heal/Cast Unreal Setup - Unreal 4.mp4",ALREADY_EXISTS_MP4,185923156
video,Cast Flipbook Creation,https://embed-ssl.wistia.com/deliveries/93c2fc9b37dc7a9cfd1b27699da0bdcdaedcde45.bin,Cast Flipbook Creation.mp4,"Apprenticeship Level 3/Sidescroller_ 2D FX, 3D FX & Implementation - Unreal 4/Unreal Heal/Cast Flipbook Creation.mp4",ALREADY_EXISTS_MP4,101885691
video,Cleanup: Flipbooks (Unnarrated),https://embed-ssl.wistia.com/deliveries/c83281e51de4e8db7bdbda516b63dfa420708769.bin,Cleanup_ Flipbooks (Unnarrated).mp4,"Apprenticeship Level 3/Sidescroller_ 2D FX, 3D FX & Implementation - Unreal 4/Unreal Heal/Cleanup_ Flipbooks (Unnarrated).mp4",ALREADY_EXISTS_MP4,199760860
video,Revision: Overview - Unreal 4,https://embed-ssl.wistia.com/deliveries/ca4288ae257a07d9fcf53b70f0738c0d7880b83a.bin,Revision_ Overview - Unreal 4.mp4,"Apprenticeship Level 3/Sidescroller_ 2D FX, 3D FX & Implementation - Unreal 4/Unreal Heal/Revision_ Overview - Unreal 4.mp4",ALREADY_EXISTS_MP4,418710984
video,Cleanup: Unreal Implementation - Unreal 4,https://embed-ssl.wistia.com/deliveries/5d99a500044e74fcc96b9db42041d2388fa70415.bin,Cleanup_ Unreal Implementation - Unreal 4.mp4,"Apprenticeship Level 3/Sidescroller_ 2D FX, 3D FX & Implementation - Unreal 4/Unreal Heal/Cleanup_ Unreal Implementation - Unreal 4.mp4",ALREADY_EXISTS_MP4,60903869
video,Revision: Color Concept,https://embed-ssl.wistia.com/deliveries/22fc79c1ed950c58751cf94436e9d54f3ba7cebb.bin,Revision_ Color Concept.mp4,"Apprenticeship Level 3/Sidescroller_ 2D FX, 3D FX & Implementation - Unreal 4/Unreal Heal/Revision_ Color Concept.mp4",ALREADY_EXISTS_MP4,126169598
video,Revision: Windup - Unreal 4,https://embed-ssl.wistia.com/deliveries/e538540a10c555840a047a74c25047d530191373.bin,Revision_ Windup - Unreal 4.mp4,"Apprenticeship Level 3/Sidescroller_ 2D FX, 3D FX & Implementation - Unreal 4/Unreal Heal/Revision_ Windup - Unreal 4.mp4",ALREADY_EXISTS_MP4,322204854
video,Revision: AOE Column - Unreal 4,https://embed-ssl.wistia.com/deliveries/88970395a058dde2381f1747341c39f9d2d7be09.bin,Revision_ AOE Column - Unreal 4.mp4,"Apprenticeship Level 3/Sidescroller_ 2D FX, 3D FX & Implementation - Unreal 4/Unreal Heal/Revision_ AOE Column - Unreal 4.mp4",ALREADY_EXISTS_MP4,275783570
video,Revision: Cast Effect - Unreal 4,https://embed-ssl.wistia.com/deliveries/aa0e861e40cdd203b9fa83f4104100ce59ea9594.bin,Revision_ Cast Effect - Unreal 4.mp4,"Apprenticeship Level 3/Sidescroller_ 2D FX, 3D FX & Implementation - Unreal 4/Unreal Heal/Revision_ Cast Effect - Unreal 4.mp4",ALREADY_EXISTS_MP4,301407616
